"global_step","1779039473-grad-compression=accumulate-grads - charts/episodic_return","1779039473-grad-compression=accumulate-grads - charts/episodic_return__MIN","1779039473-grad-compression=accumulate-grads - charts/episodic_return__MAX","1779039473-grad-compression=accumulate-grads - _step","1779039473-grad-compression=accumulate-grads - _step__MIN","1779039473-grad-compression=accumulate-grads - _step__MAX","1778997949-grad-compression=accumulate-grads - charts/episodic_return","1778997949-grad-compression=accumulate-grads - charts/episodic_return__MIN","1778997949-grad-compression=accumulate-grads - charts/episodic_return__MAX","1778997949-grad-compression=accumulate-grads - _step","1778997949-grad-compression=accumulate-grads - _step__MIN","1778997949-grad-compression=accumulate-grads - _step__MAX","1778988573-grad-compression=none - charts/episodic_return","1778988573-grad-compression=none - charts/episodic_return__MIN","1778988573-grad-compression=none - charts/episodic_return__MAX","1778988573-grad-compression=none - _step","1778988573-grad-compression=none - _step__MIN","1778988573-grad-compression=none - _step__MAX"
"25600","0","0","0","278.5","275","282","0","0","0","278.5","275","282","0","0","0","278.5","275","282"
"52232","0","0","0","583.5","580","587","0","0","0","583.5","580","587","0","0","0","583.5","580","587"
"78864","0","0","0","877.5","874","881","0","0","0","877.5","874","881","0","0","0","877.5","874","881"
"105496","0","0","0","1171.5","1168","1175","0","0","0","1171.5","1168","1175","0","0","0","1171.5","1168","1175"
"132128","0","0","0","1465.5","1462","1469","0","0","0","1465.5","1462","1469","0","0","0","1465.5","1462","1469"
"158760","1.25","0","5","1759.5","1756","1763","0","0","0","1759.5","1756","1763","0.75","0","3","1759.5","1756","1763"
"185392","7.125","1","18","2053.5","2050","2057","0","0","0","2053.5","2050","2057","5.125","0","13","2053.5","2050","2057"
"212024","4.625","0","9","2347.5","2344","2351","0","0","0","2347.5","2344","2351","4.5","0","18","2347.5","2344","2351"
"238656","12.25","0","44","2641.5","2638","2645","0","0","0","2641.5","2638","2645","7.5","0","22","2641.5","2638","2645"
"265288","12.75","0","28","2935.5","2932","2939","0","0","0","2935.5","2932","2939","10.5","0","25","2935.5","2932","2939"
"291920","6","0","17","3229.5","3226","3233","0","0","0","3229.5","3226","3233","10.625","0","34","3229.5","3226","3233"
"318552","5","0","15","3523.5","3520","3527","0","0","0","3523.5","3520","3527","15.375","3","39","3523.5","3520","3527"
"345184","10.375","2","19","3817.5","3814","3821","0.375","0","3","3817.5","3814","3821","6","0","11","3817.5","3814","3821"
"371816","14.625","4","36","4111.5","4108","4115","6.5","0","20","4111.5","4108","4115","6.375","0","24","4111.5","4108","4115"
"398448","17.25","1","25","4405.5","4402","4409","9.125","1","25","4405.5","4402","4409","7.75","0","28","4405.5","4402","4409"
"425080","19.75","8","42","4699.5","4696","4703","12.75","0","35","4699.5","4696","4703","14.5","0","32","4699.5","4696","4703"
"451712","15.5","3","39","4993.5","4990","4997","10","2","27","4993.5","4990","4997","7.75","0","22","4993.5","4990","4997"
"478344","17.25","1","42","5287.5","5284","5291","18","5","35","5287.5","5284","5291","6.25","0","18","5287.5","5284","5291"
"504976","26.875","2","43","5616.5","5613","5620","13.5","3","24","5616.5","5613","5620","6.25","0","14","5581.5","5578","5585"
"531608","12.125","5","18","6092.5","6089","6096","13.75","0","34","6092.5","6089","6096","11.125","4","17","5875.5","5872","5879"
"558240","9.75","2","21","6568.5","6565","6572","18","5","34","6568.5","6565","6572","11.625","0","33","6169.5","6166","6173"
"584872","22.75","4","47","7044.5","7041","7048","15","0","41","7044.5","7041","7048","14.625","3","34","6463.5","6460","6467"
"611504","25.875","6","52","7520.5","7517","7524","8.75","1","20","7520.5","7517","7524","21.25","10","30","6757.5","6754","6761"
"638136","40.75","28","75","7996.5","7993","8000","23.75","6","43","7996.5","7993","8000","30.625","8","67","7051.5","7048","7055"
"664768","58.5","38","100","8472.5","8469","8476","31.25","17","42","8472.5","8469","8476","36.5","8","59","7345.5","7342","7349"
"691400","78.25","36","113","8948.5","8945","8952","33.75","13","48","8948.5","8945","8952","52.5","25","90","7639.5","7636","7643"
"718032","93.625","55","128","9424.5","9421","9428","35.125","11","55","9424.5","9421","9428","56.5","21","95","7933.5","7930","7937"
"744664","78.5","42","103","9900.5","9897","9904","49","27","92","9900.5","9897","9904","54.125","18","77","8227.5","8224","8231"
"771296","79.625","55","104","10376.5","10373","10380","57.75","29","85","10376.5","10373","10380","63.375","30","114","8521.5","8518","8525"
"797928","94.5","46","121","10852.5","10849","10856","55.75","37","74","10852.5","10849","10856","69.375","45","106","8815.5","8812","8819"
"824560","89.125","48","136","11328.5","11325","11332","71.25","52","87","11328.5","11325","11332","82.625","48","112","9109.5","9106","9113"
"851192","80.75","32","117","11804.5","11801","11808","80.75","34","104","11804.5","11801","11808","91.5","68","122","9403.5","9400","9407"
"877824","77.875","43","122","12280.5","12277","12284","90.75","70","120","12280.5","12277","12284","80.25","51","103","9697.5","9694","9701"
"904456","105.75","90","127","12756.5","12753","12760","82.875","44","108","12756.5","12753","12760","82","40","103","9991.5","9988","9995"
"931088","113.5","89","131","13232.5","13229","13236","79","46","114","13232.5","13229","13236","79.5","42","124","10285.5","10282","10289"
"957720","113.25","97","130","13708.5","13705","13712","101.25","70","128","13708.5","13705","13712","98","78","125","10579.5","10576","10583"
"984352","98","80","119","14184.5","14181","14188","106.375","97","115","14184.5","14181","14188","98.875","71","113","10873.5","10870","10877"
"1010984","113.5","87","146","14660.5","14657","14664","97.75","46","134","14660.5","14657","14664","115.625","94","141","11167.5","11164","11171"
"1037616","110.25","72","142","15136.5","15133","15140","90.375","52","130","15136.5","15133","15140","98.625","82","127","11461.5","11458","11465"
"1064248","132.5","102","169","15612.5","15609","15616","109.75","85","124","15612.5","15609","15616","109.375","95","134","11755.5","11752","11759"
"1090880","135.875","113","170","16088.5","16085","16092","122","104","165","16088.5","16085","16092","112.5","96","129","12049.5","12046","12053"
"1117512","129.625","99","197","16564.5","16561","16568","129.375","107","161","16564.5","16561","16568","100.25","52","150","12343.5","12340","12347"
"1144144","141.875","123","174","17040.5","17037","17044","117","77","135","17040.5","17037","17044","119.375","101","155","12637.5","12634","12641"
"1170776","139","114","164","17516.5","17513","17520","122.5","108","155","17516.5","17513","17520","104.375","66","134","12931.5","12928","12935"
"1197408","129.625","107","170","17992.5","17989","17996","124","101","138","17992.5","17989","17996","113.25","99","129","13225.5","13222","13229"
"1224040","137.625","123","162","18468.5","18465","18472","118.25","102","159","18468.5","18465","18472","124.375","104","163","13519.5","13516","13523"
"1250672","154.125","123","178","18944.5","18941","18948","111","59","148","18944.5","18941","18948","113.625","75","148","13813.5","13810","13817"
"1277304","138.5","112","162","19420.5","19417","19424","115.5","104","127","19420.5","19417","19424","134.75","107","174","14107.5","14104","14111"
"1303936","153.25","127","174","19896.5","19893","19900","126.75","91","158","19896.5","19893","19900","135.75","102","166","14401.5","14398","14405"
"1330568","131","116","167","20372","20369","20375","133.125","117","160","20372.5","20369","20376","137.25","112","173","14695.5","14692","14699"
"1357192","340","340","340","20844","20844","20844","","","","","","","","","","","",""
"1357200","144.42857142857142","130","168","20848","20845","20851","132.25","103","172","20848.5","20845","20852","130.375","116","163","14989.5","14986","14993"
"1383824","130","130","130","21320","21320","21320","","","","","","","","","","","",""
"1383832","148.42857142857142","96","188","21324","21321","21327","133.5","109","168","21324.5","21321","21328","146.75","114","176","15283.5","15280","15287"
"1410456","113","113","113","21796","21796","21796","","","","","","","","","","","",""
"1410464","143.71428571428572","117","174","21800","21797","21803","146.375","118","197","21800.5","21797","21804","128.75","110","145","15577.5","15574","15581"
"1437088","138","138","138","22272","22272","22272","","","","","","","","","","","",""
"1437096","144.28571428571428","125","155","22276","22273","22279","150.625","121","189","22276.5","22273","22280","161.85714285714286","122","194","15871","15868","15874"
"1463720","132","132","132","22748","22748","22748","","","","","","","331","331","331","16161","16161","16161"
"1463728","137","115","159","22751.5","22749","22754","142.25","106","180","22752.5","22749","22756","144.28571428571428","111","180","16165","16162","16168"
"1490352","259.5","145","374","23223.5","23223","23224","","","","","","","155","155","155","16455","16455","16455"
"1490360","134.5","116","150","23227.5","23225","23230","118.375","100","155","23228.5","23225","23232","141.71428571428572","100","181","16459","16456","16462"
"1516984","152","126","178","23699.5","23699","23700","","","","","","","177","177","177","16749","16749","16749"
"1516992","152","114","185","23703.5","23701","23706","148.625","120","189","23704.5","23701","23708","132.57142857142858","101","198","16753","16750","16756"
"1543616","141","141","141","24175","24175","24175","","","","","","","181","181","181","17043","17043","17043"
"1543624","137.66666666666666","114","168","24178.5","24176","24181","139.25","111","173","24180.5","24177","24184","139.42857142857142","123","154","17047","17044","17050"
"1570240","345","345","345","24650","24650","24650","","","","","","","","","","","",""
"1570248","156","156","156","24651","24651","24651","","","","","","","148","148","148","17337","17337","17337"
"1570256","175.4","159","199","24654","24652","24656","148","115","176","24656.5","24653","24660","150.16666666666666","123","167","17340.5","17338","17343"
"1596880","245.5","156","335","25125.5","25125","25126","","","","","","","200","120","280","17630.5","17630","17631"
"1596888","150.4","112","179","25129","25127","25131","152.14285714285714","120","166","25132","25129","25135","150","131","181","17634.5","17632","17637"
"1623496","309","309","309","25600","25600","25600","","","","","","","","","","","",""
"1623512","105","87","123","25601.5","25601","25602","366","366","366","25604","25604","25604","160.5","148","173","17924.5","17924","17925"
"1623520","149.4","121","188","25605","25603","25607","181","144","196","25607.5","25605","25610","141.83333333333334","114","169","17928.5","17926","17931"
"1650128","104","104","104","26076","26076","26076","","","","","","","","","","","",""
"1650144","136.5","130","143","26077.5","26077","26078","234","167","301","26079.5","26079","26080","139","128","150","18218.5","18218","18219"
"1650152","143.8","103","190","26081","26079","26083","146.33333333333334","113","176","26083.5","26081","26086","127","109","139","18222.5","18220","18225"
"1676760","169","169","169","26552","26552","26552","","","","","","","","","","","",""
"1676776","151","149","153","26553.5","26553","26554","169","157","181","26555.5","26555","26556","150.5","145","156","18512.5","18512","18513"
"1676784","158.2","97","190","26557","26555","26559","136","111","159","26559","26557","26561","136.66666666666666","108","176","18516.5","18514","18519"
"1703392","138","138","138","27028","27028","27028","","","","","","","","","","","",""
"1703408","174","160","188","27029.5","27029","27030","209.33333333333334","157","294","27031","27030","27032","122","120","124","18806.5","18806","18807"
"1703416","173.6","151","191","27033","27031","27035","173.6","157","188","27035","27033","27037","157.5","145","175","18810.5","18808","18813"
"1730040","150","149","151","27504.5","27504","27505","158.33333333333334","120","180","27507","27506","27508","123","120","126","19100.5","19100","19101"
"1730048","168.25","131","190","27507.5","27506","27509","153.8","136","162","27511","27509","27513","144.16666666666666","121","180","19104.5","19102","19107"
"1756648","294","294","294","27978","27978","27978","","","","","","","","","","","",""
"1756672","301","301","301","27979","27979","27979","164.66666666666666","153","183","27983","27982","27984","125","122","128","19394.5","19394","19395"
"1756680","153.5","125","190","27981.5","27980","27983","141","125","154","27986.5","27985","27988","169","138","184","19398","19396","19400"
"1783280","166","166","166","28452","28452","28452","","","","","","","","","","","",""
"1783296","330","305","355","28453.5","28453","28454","","","","","","","","","","","",""
"1783304","190","190","190","28455","28455","28455","203.25","128","345","28458.5","28457","28460","212.33333333333334","133","348","19688","19687","19689"
"1783312","145.66666666666666","127","180","28457","28456","28458","190.5","185","197","28462.5","28461","28464","151","136","163","19692","19690","19694"
"1809912","142","142","142","28927","28927","28927","","","","","","","","","","","",""
"1809928","163","151","175","28928.5","28928","28929","","","","","","","","","","","",""
"1809936","222.5","184","261","28930.5","28930","28931","142.75","126","179","28934.5","28933","28936","180","163","197","19981.5","19981","19982"
"1809944","169","160","178","28932.5","28932","28933","154.75","142","178","28938.5","28937","28940","141.25","124","161","19984.5","19983","19986"
"1836544","172","172","172","29402","29402","29402","","","","","","","","","","","",""
"1836560","188","188","188","29403","29403","29403","","","","","","","292","292","292","20273","20273","20273"
"1836568","217.33333333333334","147","333","29405","29404","29406","168.25","154","189","29410.5","29409","29412","232.66666666666666","160","370","20275","20274","20276"
"1836576","183","183","183","29407","29407","29407","165.66666666666666","152","173","29414","29413","29415","162","125","193","20278.5","20277","20280"
"1863176","162","162","162","29876","29876","29876","","","","","","","","","","","",""
"1863184","368","368","368","29877","29877","29877","","","","","","","","","","","",""
"1863192","147","147","147","29878","29878","29878","","","","","","","148","148","148","20567","20567","20567"
"1863200","242.33333333333334","164","386","29880","29879","29881","219.75","149","382","29885.5","29884","29887","169.5","149","190","20568.5","20568","20569"
"1863208","","","","","","","160.66666666666666","144","177","29889","29888","29890","153","142","164","20570.5","20570","20571"
"1889808","143","143","143","30350","30350","30350","","","","","","","","","","","",""
"1889816","169","169","169","30351","30351","30351","","","","","","","","","","","",""
"1889824","263","169","357","30352.5","30352","30353","331","331","331","30359","30359","30359","245.5","142","349","20858.5","20858","20859"
"1889832","205","140","373","30355.5","30354","30357","161.75","147","176","30361.5","30360","30363","226.75","160","290","20861.5","20860","20863"
"1889840","","","","","","","160","145","175","30364.5","30364","30365","160.5","156","165","20864.5","20864","20865"
"1916440","159","159","159","30826","30826","30826","","","","","","","","","","","",""
"1916448","132","132","132","30827","30827","30827","","","","","","","","","","","",""
"1916456","155.5","139","172","30828.5","30828","30829","149","149","149","30834","30834","30834","165.5","157","174","21152.5","21152","21153"
"1916464","148","123","169","30831.5","30830","30833","190.4","129","342","30837","30835","30839","172.66666666666666","153","188","21155","21154","21156"
"1916472","","","","","","","162.5","153","172","30840.5","30840","30841","180","180","180","21157","21157","21157"
"1943072","188","188","188","31302","31302","31302","","","","","","","","","","","",""
"1943080","136","136","136","31303","31303","31303","","","","","","","","","","","",""
"1943088","174.5","154","195","31304.5","31304","31305","154","154","154","31310","31310","31310","249.33333333333334","192","359","21445","21444","21446"
"1943096","179.33333333333334","159","193","31307","31306","31308","163.5","151","172","31312.5","31311","31314","226.33333333333334","161","338","21448","21447","21449"
"1943104","","","","","","","174","174","174","31315","31315","31315","150","150","150","21450","21450","21450"
"1969704","185","185","185","31777","31777","31777","","","","","","","","","","","",""
"1969712","174","174","174","31778","31778","31778","","","","","","","","","","","",""
"1969720","268","174","362","31779.5","31779","31780","244","123","365","31784.5","31784","31785","265.5","156","375","21737.5","21737","21738"
"1969728","163.33333333333334","145","198","31782","31781","31783","221","175","368","31788","31786","31790","158.5","149","168","21739.5","21739","21740"
"1969736","","","","","","","","","","","","","186","186","186","21741","21741","21741"
"1996336","167","167","167","32252","32252","32252","","","","","","","","","","","",""
"1996344","230.5","149","312","32253.5","32253","32254","","","","","","","363","320","406","22028.5","22028","22029"
"1996352","194","194","194","32255","32255","32255","148.5","143","154","32259.5","32259","32260","245","166","389","22031","22030","22032"
"1996360","165.66666666666666","140","186","32257","32256","32258","193.83333333333334","157","326","32263.5","32261","32266","141","141","141","22033","22033","22033"
"1996368","","","","","","","","","","","","","163","163","163","22034","22034","22034"
"2022968","183","183","183","32727","32727","32727","","","","","","","","","","","",""
"2022976","232","171","351","32729","32728","32730","","","","","","","174","158","190","22321.5","22321","22322"
"2022984","184","184","184","32731","32731","32731","162","162","162","32735","32735","32735","199","144","345","22324.5","22323","22326"
"2022992","162.66666666666666","158","171","32733","32732","32734","170.16666666666666","140","194","32738.5","32736","32741","196","196","196","22327","22327","22327"
"2023000","","","","","","","","","","","","","166","166","166","22328","22328","22328"
"2049600","159","159","159","33203","33203","33203","","","","","","","","","","","",""
"2049608","155.5","144","167","33204.5","33204","33205","328","328","328","33210","33210","33210","153","153","153","22615","22615","22615"
"2049616","197","197","197","33206","33206","33206","","","","","","","179.5","179","180","22616.5","22616","22617"
"2049624","160.5","151","170","33207.5","33207","33208","164.33333333333334","114","199","33213.5","33211","33216","","","","","",""
"2076232","336","336","336","33677","33677","33677","","","","","","","349","349","349","22904","22904","22904"
"2076240","168","168","168","33678.5","33678","33679","235.5","136","335","33685.5","33685","33686","303.3333333333333","158","385","22906","22905","22907"
"2076248","382","382","382","33680","33680","33680","","","","","","","239","170","371","22909","22908","22910"
"2076256","181","165","197","33681.5","33681","33682","163.6","132","190","33689","33687","33691","323","323","323","22911","22911","22911"
"2102856","377","377","377","34151","34151","34151","","","","","","","","","","","",""
"2102864","","","","","","","","","","","","","190","190","190","23198","23198","23198"
"2102872","279","167","391","34152.5","34152","34153","148","117","179","34160.5","34160","34161","166.66666666666666","131","185","23200","23199","23201"
"2102880","","","","","","","311","311","311","34162","34162","34162","147.66666666666666","142","152","23203","23202","23204"
"2102888","148","148","148","34154","34154","34154","147.6","120","172","34165","34163","34167","175","175","175","23205","23205","23205"
"2129488","374","374","374","34623","34623","34623","","","","","","","","","","","",""
"2129496","320","320","320","34624","34624","34624","","","","","","","162","162","162","23492","23492","23492"
"2129504","240.66666666666666","173","352","34626","34625","34627","170.5","165","176","34636.5","34636","34637","191","191","191","23493","23493","23493"
"2129512","306","306","306","34628","34628","34628","163","163","163","34638","34638","34638","176","176","176","23494","23494","23494"
"2129520","161","161","161","34629","34629","34629","158.2","139","173","34641","34639","34643","195","195","195","23495","23495","23495"
"2156112","371","371","371","35098","35098","35098","","","","","","","","","","","",""
"2156128","","","","","","","","","","","","","361.5","345","378","23782.5","23782","23783"
"2156136","169","150","188","35099.5","35099","35100","167.5","153","182","35112.5","35112","35113","295.3333333333333","178","355","23785","23784","23786"
"2156144","","","","","","","","","","","","","195","195","195","23787","23787","23787"
"2156152","165","165","165","35101","35101","35101","157","142","174","35116","35114","35118","182","182","182","23788","23788","23788"
"2182744","331","331","331","35570","35570","35570","","","","","","","","","","","",""
"2182752","461","461","461","35571","35571","35571","","","","","","","363","363","363","24075","24075","24075"
"2182760","399","399","399","35572","35572","35572","","","","","","","179","179","179","24076","24076","24076"
"2182768","200.66666666666666","140","303","35574","35573","35575","210","109","351","35588","35587","35589","169.33333333333334","151","196","24078","24077","24079"
"2182776","","","","","","","","","","","","","174","174","174","24080","24080","24080"
"2182784","151","151","151","35576","35576","35576","175.25","136","192","35591.5","35590","35593","198","198","198","24081","24081","24081"
"2209368","375","375","375","36045","36045","36045","","","","","","","","","","","",""
"2209384","127","127","127","36046","36046","36046","","","","","","","317.5","189","446","24368.5","24368","24369"
"2209392","","","","","","","","","","","","","194","194","194","24370","24370","24370"
"2209400","173.66666666666666","155","185","36048","36047","36049","172","165","178","36063","36062","36064","175","175","175","24371","24371","24371"
"2209408","","","","","","","360","360","360","36065","36065","36065","191","191","191","24372","24372","24372"
"2209416","177","177","177","36050","36050","36050","170","156","176","36067.5","36066","36069","","","","","",""
"2236000","372","372","372","36519","36519","36519","","","","","","","","","","","",""
"2236016","399","399","399","36520","36520","36520","","","","","","","","","","","",""
"2236024","","","","","","","","","","","","","323","189","405","24660","24659","24661"
"2236032","169.5","153","186","36521.5","36521","36522","180","150","198","36539","36538","36540","","","","","",""
"2236040","","","","","","","141","141","141","36541","36541","36541","284","195","373","24662.5","24662","24663"
"2236048","156","156","156","36523","36523","36523","183.5","174","193","36543.5","36542","36545","","","","","",""
"2262624","332","332","332","36992","36992","36992","","","","","","","","","","","",""
"2262632","174","174","174","36993","36993","36993","","","","","","","","","","","",""
"2262640","397","397","397","36994","36994","36994","","","","","","","364","351","377","24950.5","24950","24951"
"2262648","188","188","188","36995","36995","36995","","","","","","","","","","","",""
"2262656","335","335","335","36996","36996","36996","","","","","","","267.5","168","367","24952.5","24952","24953"
"2262664","181.5","172","191","36997.5","36997","36998","","","","","","","","","","","",""
"2262672","","","","","","","181","181","181","37014","37014","37014","174.5","165","184","24954.5","24954","24955"
"2262680","167","167","167","36999","36999","36999","182","166","191","37016.5","37015","37018","","","","","",""
"2289256","192","192","192","37468","37468","37468","","","","","","","","","","","",""
"2289264","168","168","168","37469","37469","37469","","","","","","","","","","","",""
"2289272","163","163","163","37470","37470","37470","","","","","","","196","194","198","25242.5","25242","25243"
"2289280","110","110","110","37471","37471","37471","","","","","","","384","381","387","25244.5","25244","25245"
"2289288","172","172","172","37472","37472","37472","372","321","420","37488","37487","37489","174","168","180","25246.5","25246","25247"
"2289296","154","151","157","37473.5","37473","37474","","","","","","","","","","","",""
"2289304","","","","","","","","","","","","","181","181","181","25248","25248","25248"
"2289312","195","195","195","37475","37475","37475","182.75","158","194","37491.5","37490","37493","","","","","",""
"2315896","182","182","182","37944","37944","37944","","","","","","","","","","","",""
"2315904","156","156","156","37945","37945","37945","","","","","","","171","170","172","25535.5","25535","25536"
"2315912","165","165","165","37946","37946","37946","","","","","","","169.5","152","187","25537.5","25537","25538"
"2315920","184","184","184","37947","37947","37947","169","152","186","37962.5","37962","37963","164.5","158","171","25539.5","25539","25540"
"2315928","172.5","150","195","37948.5","37948","37949","347","347","347","37964","37964","37964","364","364","364","25541","25541","25541"
"2315936","","","","","","","","","","","","","185","185","185","25542","25542","25542"
"2315944","188","188","188","37950","37950","37950","163.5","155","172","37965.5","37965","37966","","","","","",""
"2342512","356","356","356","38419","38419","38419","","","","","","","","","","","",""
"2342536","162","162","162","38420","38420","38420","","","","","","","162","137","187","25829.5","25829","25830"
"2342544","","","","","","","374","374","374","38435","38435","38435","167","167","167","25831","25831","25831"
"2342552","176","176","176","38421","38421","38421","194.5","191","198","38436.5","38436","38437","173","173","173","25832","25832","25832"
"2342560","193","190","196","38422.5","38422","38423","","","","","","","190","190","190","25833","25833","25833"
"2342568","","","","","","","410","351","469","38438.5","38438","38439","","","","","",""
"2369144","146","146","146","38892","38892","38892","","","","","","","","","","","",""
"2369152","344","344","344","38893","38893","38893","","","","","","","","","","","",""
"2369168","291.5","197","386","38894.5","38894","38895","","","","","","","250.33333333333334","190","365","26121","26120","26122"
"2369176","","","","","","","","","","","","","288.5","192","385","26123.5","26123","26124"
"2369184","","","","","","","284.5","178","391","38908.5","38908","38909","190","190","190","26125","26125","26125"
"2369192","190","183","197","38896.5","38896","38897","","","","","","","353","353","353","26126","26126","26126"
"2369200","359","359","359","38898","38898","38898","303.6666666666667","183","366","38911","38910","38912","","","","","",""
"2395776","198","198","198","39367","39367","39367","","","","","","","","","","","",""
"2395800","172","172","172","39368","39368","39368","354","354","354","39381","39381","39381","199","199","199","26413","26413","26413"
"2395808","371","371","371","39369","39369","39369","398","398","398","39382","39382","39382","","","","","",""
"2395816","","","","","","","157","157","157","39383","39383","39383","286","196","376","26414.5","26414","26415"
"2395824","159","159","159","39370","39370","39370","429","429","429","39384","39384","39384","157","157","157","26416","26416","26416"
"2395832","","","","","","","176.5","161","192","39385.5","39385","39386","","","","","",""
"2422408","370","370","370","39839","39839","39839","","","","","","","","","","","",""
"2422424","374","374","374","39840","39840","39840","","","","","","","373","357","389","26703.5","26703","26704"
"2422432","","","","","","","170","170","170","39855","39855","39855","289.6666666666667","192","351","26706","26705","26707"
"2422440","","","","","","","268.5","172","365","39856.5","39856","39857","","","","","",""
"2422448","343","343","343","39841","39841","39841","145","145","145","39858","39858","39858","194","194","194","26708","26708","26708"
"2422456","376","376","376","39842","39842","39842","262","156","368","39859.5","39859","39860","182","182","182","26709","26709","26709"
"2449032","335","335","335","40311","40311","40311","","","","","","","","","","","",""
"2449040","171","171","171","40312","40312","40312","","","","","","","","","","","",""
"2449056","267","143","391","40313.5","40313","40314","","","","","","","197","197","197","26996","26996","26996"
"2449064","371","371","371","40315","40315","40315","","","","","","","173.5","168","179","26997.5","26997","26998"
"2449072","","","","","","","","","","","","","415","415","415","26999","26999","26999"
"2449080","416","416","416","40316","40316","40316","","","","","","","","","","","",""
"2449088","","","","","","","369.5","347","392","40329.5","40329","40330","192","192","192","27000","27000","27000"
"2475672","160","160","160","40785","40785","40785","","","","","","","","","","","",""
"2475680","","","","","","","","","","","","","347","347","347","27287","27287","27287"
"2475688","166","166","166","40786","40786","40786","382","382","382","40799","40799","40799","271","171","371","27288.5","27288","27289"
"2475696","191","191","191","40787","40787","40787","391","329","453","40800.5","40800","40801","186","186","186","27290","27290","27290"
"2475704","394","394","394","40788","40788","40788","345","345","345","40802","40802","40802","260","148","372","27291.5","27291","27292"
"2475712","252","159","345","40789.5","40789","40790","313","291","335","40803.5","40803","40804","","","","","",""
"2475720","","","","","","","193","191","195","40805.5","40805","40806","183","183","183","27293","27293","27293"
"2502288","392","392","392","41259","41259","41259","","","","","","","","","","","",""
"2502312","375","375","375","41260","41260","41260","","","","","","","145","145","145","27580","27580","27580"
"2502320","194","194","194","41261","41261","41261","","","","","","","271","182","360","27581.5","27581","27582"
"2502328","192","192","192","41262","41262","41262","175","155","195","41275.5","41275","41276","","","","","",""
"2502336","","","","","","","","","","","","","178","165","191","27583.5","27583","27584"
"2502344","168","168","168","41263","41263","41263","180","174","186","41277.5","41277","41278","","","","","",""
"2502352","","","","","","","176","176","176","41279","41279","41279","167","167","167","27585","27585","27585"
"2528928","450","450","450","41732","41732","41732","","","","","","","","","","","",""
"2528944","","","","","","","354","354","354","41748","41748","41748","395","395","395","27872","27872","27872"
"2528952","174","174","174","41733","41733","41733","","","","","","","261","161","361","27873.5","27873","27874"
"2528960","287","172","402","41734.5","41734","41735","392","392","392","41749","41749","41749","","","","","",""
"2528968","429","429","429","41736","41736","41736","","","","","","","181","181","181","27875","27875","27875"
"2528976","168","168","168","41737","41737","41737","400","400","400","41750","41750","41750","","","","","",""
"2528984","","","","","","","163","163","163","41751","41751","41751","","","","","",""
"2555544","339","339","339","42206","42206","42206","","","","","","","","","","","",""
"2555560","140","140","140","42207","42207","42207","","","","","","","","","","","",""
"2555568","379","379","379","42208","42208","42208","","","","","","","388","388","388","28162","28162","28162"
"2555576","","","","","","","161","161","161","42220","42220","42220","420","420","420","28163","28163","28163"
"2555584","176","176","176","42209","42209","42209","387","371","403","42221.5","42221","42222","","","","","",""
"2555592","","","","","","","","","","","","","416","416","416","28164","28164","28164"
"2555600","","","","","","","322.5","296","349","42223.5","42223","42224","198","198","198","28165","28165","28165"
"2555608","180","180","180","42210","42210","42210","","","","","","","337","337","337","28166","28166","28166"
"2582192","157","157","157","42679","42679","42679","","","","","","","","","","","",""
"2582200","160","160","160","42680","42680","42680","","","","","","","275.5","186","365","28453.5","28453","28454"
"2582208","","","","","","","","","","","","","305","161","409","28456","28455","28457"
"2582216","321","176","418","42682","42681","42683","309","309","309","42693","42693","42693","","","","","",""
"2582224","381","381","381","42684","42684","42684","","","","","","","","","","","",""
"2582232","","","","","","","281.5","181","382","42694.5","42694","42695","193","193","193","28458","28458","28458"
"2582240","196","196","196","42685","42685","42685","438","438","438","42696","42696","42696","193","193","193","28459","28459","28459"
"2608800","329","329","329","43154","43154","43154","","","","","","","","","","","",""
"2608832","150","150","150","43155","43155","43155","348","348","348","43165","43165","43165","186.5","181","192","28746.5","28746","28747"
"2608840","","","","","","","398","393","403","43166.5","43166","43167","174","150","194","28749","28748","28750"
"2608848","157.5","142","173","43156.5","43156","43157","","","","","","","422","422","422","28751","28751","28751"
"2608856","167","167","167","43158","43158","43158","348","348","348","43168","43168","43168","","","","","",""
"2608872","123","123","123","43159","43159","43159","","","","","","","","","","","",""
"2635448","326","326","326","43628","43628","43628","","","","","","","","","","","",""
"2635464","158","158","158","43629","43629","43629","","","","","","","165","132","198","29038.5","29038","29039"
"2635472","309","309","309","43630","43630","43630","443","443","443","43637","43637","43637","191","191","191","29040","29040","29040"
"2635480","149.5","135","164","43631.5","43631","43632","","","","","","","","","","","",""
"2635488","","","","","","","290.3333333333333","144","365","43639","43638","43640","376","376","376","29041","29041","29041"
"2635496","","","","","","","344","344","344","43641","43641","43641","355","355","355","29042","29042","29042"
"2635504","145","145","145","43633","43633","43633","","","","","","","","","","","",""
"2662056","292","292","292","44102","44102","44102","","","","","","","","","","","",""
"2662088","","","","","","","381","381","381","44110","44110","44110","","","","","",""
"2662096","171","171","171","44103","44103","44103","385.5","368","403","44111.5","44111","44112","300.6666666666667","158","412","29330","29329","29331"
"2662104","156","156","156","44104","44104","44104","","","","","","","292.5","159","426","29332.5","29332","29333"
"2662112","242","173","357","44106","44105","44107","","","","","","","","","","","",""
"2662120","","","","","","","163","163","163","44113","44113","44113","141","141","141","29334","29334","29334"
"2662128","","","","","","","167","167","167","44114","44114","44114","174","174","174","29335","29335","29335"
"2662136","154","154","154","44108","44108","44108","","","","","","","","","","","",""
"2688704","358","358","358","44577","44577","44577","","","","","","","","","","","",""
"2688720","","","","","","","","","","","","","353","353","353","29622","29622","29622"
"2688728","166","166","166","44578","44578","44578","300","174","426","44583.5","44583","44584","","","","","",""
"2688736","198","198","198","44579","44579","44579","","","","","","","197","197","197","29623","29623","29623"
"2688744","162","162","162","44580","44580","44580","395.5","380","411","44585.5","44585","44586","","","","","",""
"2688760","","","","","","","151","151","151","44587","44587","44587","156","156","156","29624","29624","29624"
"2715312","342","342","342","45049","45049","45049","","","","","","","","","","","",""
"2715336","139","139","139","45050","45050","45050","","","","","","","","","","","",""
"2715344","","","","","","","404","404","404","45056","45056","45056","","","","","",""
"2715352","","","","","","","400","400","400","45057","45057","45057","415","366","484","29912","29911","29913"
"2715360","192","192","192","45051","45051","45051","160","160","160","45058","45058","45058","400","400","400","29914","29914","29914"
"2715368","267.3333333333333","160","349","45053","45052","45054","","","","","","","148","148","148","29915","29915","29915"
"2715376","189","189","189","45055","45055","45055","286","175","397","45059.5","45059","45060","370","370","370","29916","29916","29916"
"2715392","344","344","344","45056","45056","45056","","","","","","","","","","","",""
"2741944","163","163","163","45525","45525","45525","","","","","","","","","","","",""
"2741976","","","","","","","","","","","","","407","407","407","30203","30203","30203"
"2741984","","","","","","","268","181","355","45529.5","45529","45530","187.5","176","199","30204.5","30204","30205"
"2741992","178","178","178","45526","45526","45526","167","167","167","45531","45531","45531","146","146","146","30206","30206","30206"
"2742000","153","153","153","45527","45527","45527","367","367","367","45532","45532","45532","144","144","144","30207","30207","30207"
"2742008","","","","","","","","","","","","","145","145","145","30208","30208","30208"
"2742016","","","","","","","365","365","365","45533","45533","45533","362","362","362","30209","30209","30209"
"2742024","195","195","195","45528","45528","45528","","","","","","","","","","","",""
"2768576","183","183","183","45997","45997","45997","","","","","","","","","","","",""
"2768592","364","364","364","45998","45998","45998","","","","","","","","","","","",""
"2768600","","","","","","","349","349","349","46002","46002","46002","","","","","",""
"2768608","","","","","","","","","","","","","272.5","163","382","30496.5","30496","30497"
"2768616","","","","","","","199","199","199","46003","46003","46003","132","132","132","30498","30498","30498"
"2768624","315.6666666666667","186","400","46000","45999","46001","178","178","178","46004","46004","46004","167","167","167","30499","30499","30499"
"2768632","375","375","375","46002","46002","46002","321.5","304","339","46005.5","46005","46006","186","186","186","30500","30500","30500"
"2768648","","","","","","","","","","","","","197","197","197","30501","30501","30501"
"2768656","195","195","195","46003","46003","46003","","","","","","","","","","","",""
"2795208","163","163","163","46472","46472","46472","","","","","","","","","","","",""
"2795224","164","164","164","46473","46473","46473","","","","","","","","","","","",""
"2795240","","","","","","","365","365","365","46475","46475","46475","281","168","394","30788.5","30788","30789"
"2795248","","","","","","","170","170","170","46476","46476","46476","197","197","197","30790","30790","30790"
"2795256","261.5","195","328","46474.5","46474","46475","249","187","311","46477.5","46477","46478","173","173","173","30791","30791","30791"
"2795264","","","","","","","183","177","189","46479.5","46479","46480","255","161","349","30792.5","30792","30793"
"2795272","","","","","","","368","368","368","46481","46481","46481","","","","","",""
"2795288","177","177","177","46476","46476","46476","","","","","","","","","","","",""
"2821840","199","199","199","46945","46945","46945","","","","","","","","","","","",""
"2821856","195","195","195","46946","46946","46946","360","360","360","46950","46950","46950","","","","","",""
"2821864","","","","","","","","","","","","","319","319","319","31080","31080","31080"
"2821872","","","","","","","156","156","156","46951","46951","46951","182","173","191","31081.5","31081","31082"
"2821880","373","353","393","46947.5","46947","46948","127","127","127","46952","46952","46952","","","","","",""
"2821888","349","349","349","46949","46949","46949","170.5","168","173","46953.5","46953","46954","134","134","134","31083","31083","31083"
"2821896","","","","","","","178","177","179","46955.5","46955","46956","195","195","195","31084","31084","31084"
"2821904","","","","","","","169","169","169","46957","46957","46957","369","369","369","31085","31085","31085"
"2821920","141","141","141","46950","46950","46950","","","","","","","","","","","",""
"2848472","179","179","179","47419","47419","47419","","","","","","","","","","","",""
"2848488","131","131","131","47420","47420","47420","143","143","143","47426","47426","47426","","","","","",""
"2848496","","","","","","","","","","","","","137","137","137","31372","31372","31372"
"2848504","","","","","","","191","191","191","47427","47427","47427","238.66666666666666","153","372","31374","31373","31375"
"2848512","251.5","138","373","47422.5","47421","47424","144","144","144","47428","47428","47428","","","","","",""
"2848520","185","185","185","47425","47425","47425","164.5","142","187","47429.5","47429","47430","390","390","390","31376","31376","31376"
"2848528","","","","","","","198","198","198","47431","47431","47431","168","168","168","31377","31377","31377"
"2848552","169","169","169","47426","47426","47426","","","","","","","","","","","",""
"2875120","144","144","144","47895","47895","47895","161","161","161","47900","47900","47900","","","","","",""
"2875128","","","","","","","","","","","","","174","174","174","31664","31664","31664"
"2875136","","","","","","","","","","","","","158.33333333333334","132","174","31666","31665","31667"
"2875144","173","162","193","47897","47896","47898","170","170","170","47901","47901","47901","344","344","344","31668","31668","31668"
"2875152","","","","","","","257.5","192","323","47902.5","47902","47903","","","","","",""
"2875160","","","","","","","387","387","387","47904","47904","47904","295","188","402","31669.5","31669","31670"
"2875184","162","162","162","47899","47899","47899","","","","","","","","","","","",""
"2901728","342","342","342","48368","48368","48368","","","","","","","","","","","",""
"2901752","135","135","135","48369","48369","48369","","","","","","","","","","","",""
"2901760","","","","","","","420","420","420","48373","48373","48373","","","","","",""
"2901768","334","334","334","48370","48370","48370","","","","","","","148.33333333333334","134","167","31958","31957","31959"
"2901776","219","143","326","48372","48371","48373","331","331","331","48374","48374","48374","272","172","372","31960.5","31960","31961"
"2901784","","","","","","","266.5","185","348","48375.5","48375","48376","","","","","",""
"2901792","","","","","","","","","","","","","158.5","156","161","31962.5","31962","31963"
"2901816","146","146","146","48374","48374","48374","","","","","","","","","","","",""
"2928360","199","199","199","48843","48843","48843","","","","","","","","","","","",""
"2928376","","","","","","","361","361","361","48845","48845","48845","","","","","",""
"2928384","197","197","197","48844","48844","48844","","","","","","","401","401","401","32250","32250","32250"
"2928392","","","","","","","198","198","198","48846","48846","48846","","","","","",""
"2928400","348","348","348","48845","48845","48845","376","376","376","48847","48847","48847","163.66666666666666","141","190","32252","32251","32253"
"2928408","193","193","193","48846","48846","48846","361","361","361","48848","48848","48848","140","140","140","32254","32254","32254"
"2928416","","","","","","","251","168","334","48849.5","48849","48850","","","","","",""
"2928424","","","","","","","","","","","","","126","126","126","32255","32255","32255"
"2928448","192","192","192","48847","48847","48847","","","","","","","","","","","",""
"2954992","152","152","152","49316","49316","49316","","","","","","","","","","","",""
"2955008","","","","","","","190","190","190","49319","49319","49319","","","","","",""
"2955016","177","177","177","49317","49317","49317","","","","","","","169","169","169","32542","32542","32542"
"2955024","377","377","377","49318","49318","49318","151","151","151","49320","49320","49320","","","","","",""
"2955032","294","147","392","49320","49319","49321","287.5","192","383","49321.5","49321","49322","268","176","360","32543.5","32543","32544"
"2955040","158","158","158","49322","49322","49322","387","387","387","49323","49323","49323","179","179","179","32545","32545","32545"
"2955056","","","","","","","","","","","","","171","171","171","32546","32546","32546"
"2955080","110","110","110","49323","49323","49323","","","","","","","","","","","",""
"2981624","193","193","193","49792","49792","49792","","","","","","","","","","","",""
"2981648","181","181","181","49793","49793","49793","","","","","","","","","","","",""
"2981656","","","","","","","177","177","177","49792","49792","49792","364","337","391","32833.5","32833","32834"
"2981664","138","138","138","49794","49794","49794","362","362","362","49793","49793","49793","","","","","",""
"2981672","140","140","140","49795","49795","49795","299.6666666666667","156","376","49795","49794","49796","589","589","589","32835","32835","32835"
"2981688","","","","","","","","","","","","","184","184","184","32836","32836","32836"
"2981712","147","147","147","49796","49796","49796","","","","","","","","","","","",""
"3008256","157","157","157","50265","50265","50265","","","","","","","","","","","",""
"3008264","","","","","","","380","380","380","50265","50265","50265","","","","","",""
"3008272","","","","","","","","","","","","","455","455","455","33123","33123","33123"
"3008280","277.5","188","367","50266.5","50266","50267","","","","","","","","","","","",""
"3008288","339","305","373","50268.5","50268","50269","266.3333333333333","145","379","50267","50266","50268","310","160","387","33125","33124","33126"
"3008296","173","173","173","50270","50270","50270","","","","","","","369","369","369","33127","33127","33127"
"3008304","","","","","","","165","155","182","50270","50269","50271","193","193","193","33128","33128","33128"
"3008320","","","","","","","","","","","","","188","188","188","33129","33129","33129"
"3008344","196","196","196","50271","50271","50271","","","","","","","","","","","",""
"3034888","162","162","162","50740","50740","50740","","","","","","","","","","","",""
"3034896","","","","","","","146","146","146","50740","50740","50740","","","","","",""
"3034904","","","","","","","","","","","","","181","181","181","33416","33416","33416"
"3034912","154.5","148","161","50741.5","50741","50742","","","","","","","400","400","400","33417","33417","33417"
"3034920","162","152","172","50743.5","50743","50744","221.25","177","333","50742.5","50741","50744","169.66666666666666","147","193","33419","33418","33420"
"3034928","264","181","347","50745.5","50745","50746","","","","","","","195","195","195","33421","33421","33421"
"3034936","","","","","","","174","154","194","50745.5","50745","50746","164","164","164","33422","33422","33422"
"3034952","","","","","","","","","","","","","173","173","173","33423","33423","33423"
"3061520","180","180","180","51215","51215","51215","","","","","","","","","","","",""
"3061528","","","","","","","121","121","121","51215","51215","51215","","","","","",""
"3061536","","","","","","","","","","","","","141","141","141","33710","33710","33710"
"3061544","162","158","166","51216.5","51216","51217","","","","","","","","","","","",""
"3061552","172.5","166","179","51218.5","51218","51219","170","161","179","51216.5","51216","51217","155.66666666666666","144","172","33712","33711","33713"
"3061560","","","","","","","397","397","397","51218","51218","51218","151","151","151","33714","33714","33714"
"3061568","","","","","","","","","","","","","190","190","190","33715","33715","33715"
"3061600","371","371","371","51220","51220","51220","","","","","","","","","","","",""
"3088168","","","","","","","","","","","","","391","391","391","34002","34002","34002"
"3088176","172.5","156","189","51689.5","51689","51690","405","377","433","51687.5","51687","51688","","","","","",""
"3088184","258.75","151","374","51692.5","51691","51694","185","185","185","51689","51689","51689","166.5","147","186","34003.5","34003","34004"
"3088192","","","","","","","409.5","398","421","51690.5","51690","51691","174","174","174","34005","34005","34005"
"3088200","","","","","","","","","","","","","189","189","189","34006","34006","34006"
"3088208","","","","","","","","","","","","","400","400","400","34007","34007","34007"
"3088232","160","160","160","51695","51695","51695","","","","","","","","","","","",""
"3114776","387","387","387","52164","52164","52164","","","","","","","","","","","",""
"3114784","","","","","","","345","345","345","52160","52160","52160","","","","","",""
"3114792","","","","","","","","","","","","","304","304","304","34294","34294","34294"
"3114800","","","","","","","","","","","","","193","193","193","34295","34295","34295"
"3114808","157","157","157","52165","52165","52165","394","394","394","52161","52161","52161","357","357","357","34296","34296","34296"
"3114816","178.5","178","179","52166.5","52166","52167","362","362","362","52162","52162","52162","146.5","132","161","34297.5","34297","34298"
"3114824","","","","","","","190","190","190","52163","52163","52163","150","150","150","34299","34299","34299"
"3114832","","","","","","","","","","","","","190","190","190","34300","34300","34300"
"3114840","","","","","","","","","","","","","199","199","199","34301","34301","34301"
"3114864","153","153","153","52168","52168","52168","","","","","","","","","","","",""
"3141408","184","184","184","52637","52637","52637","","","","","","","","","","","",""
"3141416","","","","","","","192","192","192","52632","52632","52632","","","","","",""
"3141424","","","","","","","","","","","","","167","167","167","34588","34588","34588"
"3141432","319","319","319","52638","52638","52638","359.5","359","360","52633.5","52633","52634","130","130","130","34589","34589","34589"
"3141440","296","186","365","52640","52639","52641","285.5","192","379","52635.5","52635","52636","176","176","176","34590","34590","34590"
"3141448","178.5","175","182","52642.5","52642","52643","316","316","316","52637","52637","52637","160","145","175","34591.5","34591","34592"
"3141456","","","","","","","199","199","199","52638","52638","52638","","","","","",""
"3141464","","","","","","","","","","","","","192","192","192","34593","34593","34593"
"3141472","","","","","","","","","","","","","185","185","185","34594","34594","34594"
"3168040","178","178","178","53112","53112","53112","","","","","","","","","","","",""
"3168056","","","","","","","","","","","","","182","182","182","34881","34881","34881"
"3168072","","","","","","","281","161","401","53107.5","53107","53108","132","132","132","34882","34882","34882"
"3168080","195.5","194","197","53113.5","53113","53114","","","","","","","295","193","397","34883.5","34883","34884"
"3168088","","","","","","","178","178","178","53109","53109","53109","","","","","",""
"3168104","","","","","","","","","","","","","158","158","158","34885","34885","34885"
"3168120","348","348","348","53115","53115","53115","","","","","","","","","","","",""
"3194672","160","160","160","53584","53584","53584","362","362","362","53578","53578","53578","","","","","",""
"3194688","280","280","280","53585","53585","53585","406","395","417","53579.5","53579","53580","298","184","412","35172.5","35172","35173"
"3194696","351.3333333333333","326","370","53587","53586","53588","303","303","303","53581","53581","53581","","","","","",""
"3194704","","","","","","","339","339","339","53582","53582","53582","382","382","382","35174","35174","35174"
"3194712","186","177","195","53589.5","53589","53590","","","","","","","","","","","",""
"3194720","","","","","","","196","196","196","53583","53583","53583","347","347","347","35175","35175","35175"
"3194752","142","142","142","53591","53591","53591","","","","","","","","","","","",""
"3221304","124","124","124","54060","54060","54060","","","","","","","","","","","",""
"3221320","100","100","100","54061","54061","54061","176","176","176","54052","54052","54052","158","158","158","35462","35462","35462"
"3221328","87","83","95","54063","54062","54064","332.3333333333333","190","455","54054","54053","54055","454","454","454","35463","35463","35463"
"3221336","","","","","","","174","174","174","54056","54056","54056","341","330","352","35464.5","35464","35465"
"3221344","115.5","91","140","54065.5","54065","54066","","","","","","","","","","","",""
"3221352","","","","","","","","","","","","","199","199","199","35466","35466","35466"
"3221360","","","","","","","","","","","","","344","344","344","35467","35467","35467"
"3221384","131","131","131","54067","54067","54067","","","","","","","","","","","",""
"3247928","","","","","","","400","400","400","54525","54525","54525","","","","","",""
"3247936","30","30","30","54536","54536","54536","","","","","","","","","","","",""
"3247944","","","","","","","353","353","353","54526","54526","54526","433","433","433","35754","35754","35754"
"3247952","90","90","90","54537","54537","54537","186","186","186","54527","54527","54527","176","176","176","35755","35755","35755"
"3247960","52.333333333333336","23","92","54539","54538","54540","163.33333333333334","156","172","54529","54528","54530","265.5","133","398","35756.5","35756","35757"
"3247968","","","","","","","196","196","196","54531","54531","54531","","","","","",""
"3247976","58.5","32","85","54541.5","54541","54542","303","303","303","54532","54532","54532","","","","","",""
"3247984","","","","","","","","","","","","","184","184","184","35758","35758","35758"
"3247992","","","","","","","","","","","","","190","190","190","35759","35759","35759"
"3248016","75","75","75","54543","54543","54543","","","","","","","","","","","",""
"3274560","","","","","","","183","183","183","55001","55001","55001","","","","","",""
"3274568","26","26","26","55012","55012","55012","","","","","","","","","","","",""
"3274576","","","","","","","180","180","180","55002","55002","55002","199","199","199","36046","36046","36046"
"3274584","41","41","41","55013","55013","55013","172","172","172","55003","55003","55003","171","171","171","36047","36047","36047"
"3274592","34.333333333333336","19","55","55015","55014","55016","134","134","134","55004","55004","55004","302.6666666666667","193","361","36049","36048","36050"
"3274600","","","","","","","187","187","187","55005","55005","55005","","","","","",""
"3274608","66","49","83","55017.5","55017","55018","158","158","158","55006","55006","55006","","","","","",""
"3274624","","","","","","","","","","","","","138","138","138","36051","36051","36051"
"3274648","33","33","33","55019","55019","55019","","","","","","","","","","","",""
"3301192","","","","","","","192","192","192","55475","55475","55475","","","","","",""
"3301200","45","45","45","55488","55488","55488","","","","","","","","","","","",""
"3301208","","","","","","","","","","","","","195","195","195","36338","36338","36338"
"3301216","49","49","49","55489","55489","55489","410","374","446","55476.5","55476","55477","307","175","439","36339.5","36339","36340"
"3301224","41.333333333333336","15","70","55491","55490","55492","","","","","","","178","178","178","36341","36341","36341"
"3301232","","","","","","","184","184","184","55478","55478","55478","","","","","",""
"3301240","15.5","0","31","55493.5","55493","55494","","","","","","","397","397","397","36342","36342","36342"
"3301256","","","","","","","","","","","","","161","161","161","36343","36343","36343"
"3301280","13","13","13","55495","55495","55495","","","","","","","","","","","",""
"3327832","23","23","23","55964","55964","55964","393","393","393","55947","55947","55947","","","","","",""
"3327840","","","","","","","360","360","360","55948","55948","55948","","","","","",""
"3327848","3","3","3","55965","55965","55965","486","486","486","55949","55949","55949","313","129","424","36631","36630","36632"
"3327856","21.333333333333332","1","32","55967","55966","55968","","","","","","","","","","","",""
"3327864","","","","","","","398","398","398","55950","55950","55950","","","","","",""
"3327872","7.5","0","15","55969.5","55969","55970","","","","","","","","","","","",""
"3327888","","","","","","","","","","","","","196","196","196","36633","36633","36633"
"3327912","36","36","36","55971","55971","55971","","","","","","","","","","","",""
"3354448","","","","","","","337","337","337","56419","56419","56419","","","","","",""
"3354464","0","0","0","56440","56440","56440","179","179","179","56420","56420","56420","457","457","457","36920","36920","36920"
"3354472","","","","","","","308.6666666666667","157","390","56422","56421","56423","360","360","360","36921","36921","36921"
"3354480","0","0","0","56441","56441","56441","198","198","198","56424","56424","56424","243","153","388","36923","36922","36924"
"3354488","1.6666666666666667","0","5","56443","56442","56444","466","466","466","56425","56425","56425","","","","","",""
"3354496","","","","","","","154","154","154","56426","56426","56426","381","381","381","36925","36925","36925"
"3354504","8","3","13","56445.5","56445","56446","","","","","","","","","","","",""
"3354520","","","","","","","","","","","","","181","181","181","36926","36926","36926"
"3354544","4","4","4","56447","56447","56447","","","","","","","","","","","",""
"3381096","1","1","1","56916","56916","56916","187","187","187","56895","56895","56895","","","","","",""
"3381104","","","","","","","184","170","198","56896.5","56896","56897","404","404","404","37213","37213","37213"
"3381112","0","0","0","56917","56917","56917","184","184","184","56898","56898","56898","164.5","133","196","37214.5","37214","37215"
"3381120","5.666666666666667","0","13","56919","56918","56920","157","157","157","56899","56899","56899","","","","","",""
"3381128","","","","","","","195","195","195","56900","56900","56900","183","183","183","37216","37216","37216"
"3381136","6.5","1","12","56921.5","56921","56922","","","","","","","","","","","",""
"3381176","3","3","3","56923","56923","56923","","","","","","","","","","","",""
"3407704","","","","","","","360","360","360","57369","57369","57369","","","","","",""
"3407720","","","","","","","","","","","","","379","379","379","37503","37503","37503"
"3407728","18","18","18","57392","57392","57392","349","349","349","57370","57370","57370","411","411","411","37504","37504","37504"
"3407736","","","","","","","137","137","137","57371","57371","57371","417","417","417","37505","37505","37505"
"3407744","7","7","7","57393","57393","57393","191","191","191","57372","57372","57372","151","151","151","37506","37506","37506"
"3407752","12","2","24","57395","57394","57396","171","171","171","57373","57373","57373","","","","","",""
"3407760","","","","","","","172","172","172","57374","57374","57374","157","157","157","37507","37507","37507"
"3407768","3","2","4","57397.5","57397","57398","","","","","","","","","","","",""
"3407776","","","","","","","","","","","","","397","397","397","37508","37508","37508"
"3407808","17","17","17","57399","57399","57399","","","","","","","","","","","",""
"3434352","","","","","","","408","408","408","57843","57843","57843","","","","","",""
"3434360","0","0","0","57868","57868","57868","295.5","167","424","57844.5","57844","57845","363","363","363","37795","37795","37795"
"3434368","","","","","","","161","161","161","57846","57846","57846","262.5","199","326","37796.5","37796","37797"
"3434376","19","19","19","57869","57869","57869","","","","","","","192","192","192","37798","37798","37798"
"3434384","13","2","32","57871","57870","57872","","","","","","","","","","","",""
"3434392","","","","","","","171","171","171","57847","57847","57847","","","","","",""
"3434400","10.5","2","19","57873.5","57873","57874","","","","","","","","","","","",""
"3434408","","","","","","","","","","","","","182","182","182","37799","37799","37799"
"3434440","7","7","7","57875","57875","57875","","","","","","","","","","","",""
"3460960","","","","","","","362","362","362","58316","58316","58316","","","","","",""
"3460976","","","","","","","","","","","","","356","356","356","38086","38086","38086"
"3460984","","","","","","","162","162","162","58317","58317","58317","398","398","398","38087","38087","38087"
"3460992","14","14","14","58344","58344","58344","158.5","153","164","58318.5","58318","58319","","","","","",""
"3461000","","","","","","","402","402","402","58320","58320","58320","158.5","134","183","38088.5","38088","38089"
"3461008","34","34","34","58345","58345","58345","339","339","339","58321","58321","58321","","","","","",""
"3461016","37","34","41","58347","58346","58348","","","","","","","383","383","383","38090","38090","38090"
"3461032","34","28","40","58349.5","58349","58350","","","","","","","","","","","",""
"3461040","","","","","","","","","","","","","197","197","197","38091","38091","38091"
"3461072","22","22","22","58351","58351","58351","","","","","","","","","","","",""
"3487592","","","","","","","156","156","156","58790","58790","58790","","","","","",""
"3487616","","","","","","","","","","","","","442","442","442","38378","38378","38378"
"3487624","16","16","16","58820","58820","58820","265","185","345","58791.5","58791","58792","","","","","",""
"3487632","","","","","","","166","166","166","58793","58793","58793","380","380","380","38379","38379","38379"
"3487640","19","19","19","58821","58821","58821","193","193","193","58794","58794","58794","","","","","",""
"3487648","56.333333333333336","28","107","58823","58822","58824","424","424","424","58795","58795","58795","","","","","",""
"3487664","43","34","52","58825.5","58825","58826","","","","","","","","","","","",""
"3487704","18","18","18","58827","58827","58827","","","","","","","","","","","",""
"3514232","","","","","","","","","","","","","405","405","405","38666","38666","38666"
"3514240","","","","","","","342","342","342","59264","59264","59264","413","413","413","38667","38667","38667"
"3514248","","","","","","","432","432","432","59265","59265","59265","193","193","193","38668","38668","38668"
"3514256","45","45","45","59296","59296","59296","","","","","","","428","424","432","38669.5","38669","38670"
"3514264","","","","","","","174","174","174","59266","59266","59266","","","","","",""
"3514272","50","50","50","59297","59297","59297","","","","","","","453","453","453","38671","38671","38671"
"3514280","36","28","51","59299","59298","59300","","","","","","","","","","","",""
"3514296","38.5","24","53","59301.5","59301","59302","","","","","","","413","413","413","38672","38672","38672"
"3514336","33","33","33","59303","59303","59303","","","","","","","","","","","",""
"3540848","","","","","","","427","427","427","59735","59735","59735","","","","","",""
"3540872","","","","","","","","","","","","","196","196","196","38959","38959","38959"
"3540880","","","","","","","325.3333333333333","190","439","59737","59736","59738","177","177","177","38960","38960","38960"
"3540888","61","61","61","59772","59772","59772","","","","","","","313.5","151","476","38961.5","38961","38962"
"3540896","","","","","","","404","404","404","59739","59739","59739","","","","","",""
"3540904","67","67","67","59773","59773","59773","368","368","368","59740","59740","59740","","","","","",""
"3540912","47.666666666666664","31","72","59775","59774","59776","","","","","","","","","","","",""
"3540928","78.5","51","106","59777.5","59777","59778","","","","","","","","","","","",""
"3540968","87","87","87","59779","59779","59779","","","","","","","","","","","",""
"3567488","","","","","","","","","","","","","487","487","487","39249","39249","39249"
"3567496","","","","","","","433","433","433","60209","60209","60209","","","","","",""
"3567512","","","","","","","174.66666666666666","166","182","60211","60210","60212","364","364","364","39250","39250","39250"
"3567520","78","78","78","60248","60248","60248","368","368","368","60213","60213","60213","","","","","",""
"3567528","","","","","","","","","","","","","427","427","427","39251","39251","39251"
"3567536","72","72","72","60249","60249","60249","","","","","","","","","","","",""
"3567544","99","79","113","60251","60250","60252","","","","","","","","","","","",""
"3567552","","","","","","","","","","","","","445","445","445","39252","39252","39252"
"3567560","82","58","106","60253.5","60253","60254","","","","","","","","","","","",""
"3567600","54","54","54","60255","60255","60255","","","","","","","","","","","",""
"3594104","","","","","","","433","433","433","60682","60682","60682","","","","","",""
"3594128","","","","","","","","","","","","","367","367","367","39539","39539","39539"
"3594136","","","","","","","","","","","","","350","350","350","39540","39540","39540"
"3594144","","","","","","","191","191","191","60683","60683","60683","335","172","449","39542","39541","39543"
"3594152","56","56","56","60724","60724","60724","387","387","387","60684","60684","60684","","","","","",""
"3594160","","","","","","","399","399","399","60685","60685","60685","","","","","",""
"3594168","43","43","43","60725","60725","60725","","","","","","","","","","","",""
"3594176","49.333333333333336","42","61","60727","60726","60728","","","","","","","","","","","",""
"3594184","","","","","","","","","","","","","188","188","188","39544","39544","39544"
"3594192","86.5","82","91","60729.5","60729","60730","","","","","","","","","","","",""
"3594232","19","19","19","60731","60731","60731","","","","","","","","","","","",""
"3620744","","","","","","","","","","","","","449","449","449","39831","39831","39831"
"3620752","","","","","","","342","342","342","61154","61154","61154","","","","","",""
"3620768","","","","","","","360.5","328","393","61155.5","61155","61156","","","","","",""
"3620776","","","","","","","257.5","186","329","61157.5","61157","61158","","","","","",""
"3620784","56","56","56","61200","61200","61200","","","","","","","413","413","413","39832","39832","39832"
"3620792","","","","","","","171","171","171","61159","61159","61159","","","","","",""
"3620800","36","36","36","61201","61201","61201","","","","","","","","","","","",""
"3620808","48","42","55","61203","61202","61204","","","","","","","","","","","",""
"3620824","50","43","57","61205.5","61205","61206","","","","","","","","","","","",""
"3620864","44","44","44","61207","61207","61207","","","","","","","","","","","",""
"3647360","","","","","","","437","437","437","61628","61628","61628","","","","","",""
"3647376","","","","","","","","","","","","","162","162","162","40119","40119","40119"
"3647384","","","","","","","198","198","198","61629","61629","61629","409","409","409","40120","40120","40120"
"3647392","","","","","","","","","","","","","412","412","412","40121","40121","40121"
"3647400","","","","","","","173","173","173","61630","61630","61630","407.6666666666667","363","446","40123","40122","40124"
"3647408","","","","","","","346","346","346","61631","61631","61631","","","","","",""
"3647416","31","31","31","61676","61676","61676","","","","","","","197","197","197","40125","40125","40125"
"3647424","","","","","","","150","150","150","61632","61632","61632","","","","","",""
"3647432","48","48","48","61677","61677","61677","","","","","","","","","","","",""
"3647440","27.666666666666668","22","34","61679","61678","61680","","","","","","","447","447","447","40126","40126","40126"
"3647456","25","18","32","61681.5","61681","61682","","","","","","","","","","","",""
"3647496","36","36","36","61701","61701","61701","","","","","","","","","","","",""
"3673992","","","","","","","197","197","197","62101","62101","62101","","","","","",""
"3674008","","","","","","","","","","","","","157","157","157","40413","40413","40413"
"3674016","","","","","","","188","188","188","62102","62102","62102","","","","","",""
"3674024","","","","","","","451","451","451","62103","62103","62103","","","","","",""
"3674032","","","","","","","296.3333333333333","173","358","62105","62104","62106","194","194","194","40414","40414","40414"
"3674040","","","","","","","171","171","171","62107","62107","62107","","","","","",""
"3674048","46","46","46","62152","62152","62152","","","","","","","140","140","140","40415","40415","40415"
"3674064","34","34","34","62153","62153","62153","","","","","","","","","","","",""
"3674072","31","22","44","62155","62154","62156","","","","","","","","","","","",""
"3674088","39.5","26","53","62157.5","62157","62158","","","","","","","","","","","",""
"3674128","40","40","40","62177","62177","62177","","","","","","","","","","","",""
"3700624","","","","","","","193","193","193","62576","62576","62576","","","","","",""
"3700640","","","","","","","","","","","","","368","368","368","40702","40702","40702"
"3700648","","","","","","","167","167","167","62577","62577","62577","419","419","419","40703","40703","40703"
"3700656","","","","","","","190","190","190","62578","62578","62578","373","360","386","40704.5","40704","40705"
"3700664","","","","","","","175","163","185","62580","62579","62581","","","","","",""
"3700672","","","","","","","142","142","142","62582","62582","62582","","","","","",""
"3700680","7","7","7","62628","62628","62628","346","346","346","62583","62583","62583","","","","","",""
"3700696","35","35","35","62629","62629","62629","","","","","","","450","450","450","40706","40706","40706"
"3700704","26","12","41","62631","62630","62632","","","","","","","","","","","",""
"3700720","21.5","15","28","62633.5","62633","62634","","","","","","","","","","","",""
"3700760","11","11","11","62653","62653","62653","","","","","","","","","","","",""
"3727256","","","","","","","54","54","54","63052","63052","63052","","","","","",""
"3727264","","","","","","","","","","","","","342","342","342","40993","40993","40993"
"3727272","","","","","","","","","","","","","173","173","173","40994","40994","40994"
"3727280","","","","","","","94","94","94","63053","63053","63053","171","171","171","40995","40995","40995"
"3727288","","","","","","","112","112","112","63054","63054","63054","276.5","171","382","40996.5","40996","40997"
"3727296","","","","","","","112.33333333333333","102","131","63056","63055","63057","","","","","",""
"3727304","","","","","","","126","126","126","63058","63058","63058","359","359","359","40998","40998","40998"
"3727312","10","10","10","63104","63104","63104","107","107","107","63059","63059","63059","","","","","",""
"3727328","34","34","34","63105","63105","63105","","","","","","","198","198","198","40999","40999","40999"
"3727336","11.666666666666666","3","20","63107","63106","63108","","","","","","","","","","","",""
"3727352","33","27","39","63109.5","63109","63110","","","","","","","","","","","",""
"3727392","34","34","34","63129","63129","63129","","","","","","","","","","","",""
"3753888","","","","","","","38","38","38","63528","63528","63528","","","","","",""
"3753896","","","","","","","","","","","","","181","181","181","41286","41286","41286"
"3753912","","","","","","","30","30","30","63529","63529","63529","397","397","397","41287","41287","41287"
"3753920","","","","","","","26","26","26","63530","63530","63530","196","196","196","41288","41288","41288"
"3753928","","","","","","","34","26","40","63532","63531","63533","","","","","",""
"3753936","","","","","","","30","30","30","63534","63534","63534","","","","","",""
"3753944","31","31","31","63580","63580","63580","38","38","38","63535","63535","63535","","","","","",""
"3753960","28","28","28","63581","63581","63581","","","","","","","198","198","198","41289","41289","41289"
"3753968","44.333333333333336","32","59","63583","63582","63584","","","","","","","","","","","",""
"3753984","35.5","30","41","63585.5","63585","63586","","","","","","","","","","","",""
"3754024","7","7","7","63605","63605","63605","","","","","","","","","","","",""
"3780520","","","","","","","98","98","98","64004","64004","64004","","","","","",""
"3780528","","","","","","","","","","","","","306","190","422","41576.5","41576","41577"
"3780536","","","","","","","","","","","","","419","419","419","41578","41578","41578"
"3780544","","","","","","","80","80","80","64005","64005","64005","276","182","370","41579.5","41579","41580"
"3780552","","","","","","","101","101","101","64006","64006","64006","151","151","151","41581","41581","41581"
"3780560","","","","","","","63","28","93","64008","64007","64009","346","346","346","41582","41582","41582"
"3780568","","","","","","","47","47","47","64010","64010","64010","","","","","",""
"3780576","42","42","42","64056","64056","64056","96","96","96","64011","64011","64011","","","","","",""
"3780592","44","44","44","64057","64057","64057","","","","","","","","","","","",""
"3780600","59.333333333333336","36","100","64059","64058","64060","","","","","","","","","","","",""
"3780616","40.5","32","49","64079.5","64079","64080","","","","","","","","","","","",""
"3780656","27","27","27","64081","64081","64081","","","","","","","","","","","",""
"3807152","","","","","","","61","61","61","64480","64480","64480","","","","","",""
"3807160","","","","","","","","","","","","","190","190","190","41869","41869","41869"
"3807176","","","","","","","103","103","103","64481","64481","64481","","","","","",""
"3807184","","","","","","","51","51","51","64482","64482","64482","","","","","",""
"3807192","","","","","","","77","51","92","64484","64483","64485","196","196","196","41870","41870","41870"
"3807200","","","","","","","63","63","63","64486","64486","64486","","","","","",""
"3807208","51","51","51","64532","64532","64532","51","51","51","64487","64487","64487","","","","","",""
"3807216","","","","","","","","","","","","","389","389","389","41871","41871","41871"
"3807224","45","45","45","64533","64533","64533","","","","","","","","","","","",""
"3807232","53.333333333333336","18","85","64535","64534","64536","","","","","","","","","","","",""
"3807248","30.5","29","32","64555.5","64555","64556","","","","","","","","","","","",""
"3807288","92","92","92","64557","64557","64557","","","","","","","","","","","",""
"3833784","","","","","","","39","39","39","64956","64956","64956","364","364","364","42158","42158","42158"
"3833792","","","","","","","","","","","","","392","392","392","42159","42159","42159"
"3833800","","","","","","","","","","","","","388.5","362","415","42160.5","42160","42161"
"3833808","","","","","","","36","36","36","64957","64957","64957","375","375","375","42162","42162","42162"
"3833816","","","","","","","34","34","34","64958","64958","64958","","","","","",""
"3833824","","","","","","","29","25","31","64960","64959","64961","174","174","174","42163","42163","42163"
"3833832","","","","","","","18","18","18","64962","64962","64962","","","","","",""
"3833840","34","34","34","65008","65008","65008","39","39","39","64963","64963","64963","","","","","",""
"3833848","","","","","","","","","","","","","175","175","175","42164","42164","42164"
"3833856","29","29","29","65009","65009","65009","","","","","","","","","","","",""
"3833864","37.333333333333336","31","49","65029","65028","65030","","","","","","","","","","","",""
"3833880","30","27","33","65031.5","65031","65032","","","","","","","","","","","",""
"3833920","29","29","29","65033","65033","65033","","","","","","","","","","","",""
"3860416","","","","","","","55","55","55","65432","65432","65432","415","415","415","42451","42451","42451"
"3860440","","","","","","","12","12","12","65433","65433","65433","185","185","185","42452","42452","42452"
"3860448","","","","","","","28","28","28","65434","65434","65434","","","","","",""
"3860456","","","","","","","26.333333333333332","9","45","65436","65435","65437","193","193","193","42453","42453","42453"
"3860464","","","","","","","23","23","23","65438","65438","65438","","","","","",""
"3860472","48","48","48","65484","65484","65484","57","57","57","65439","65439","65439","","","","","",""
"3860480","","","","","","","","","","","","","196","196","196","42454","42454","42454"
"3860488","53","53","53","65503","65503","65503","","","","","","","","","","","",""
"3860496","45","36","56","65505","65504","65506","","","","","","","","","","","",""
"3860512","60.5","55","66","65507.5","65507","65508","","","","","","","","","","","",""
"3860552","43","43","43","65509","65509","65509","","","","","","","","","","","",""
"3887040","","","","","","","","","","","","","344","344","344","42741","42741","42741"
"3887048","","","","","","","27","27","27","65908","65908","65908","276","172","380","42742.5","42742","42743"
"3887056","","","","","","","","","","","","","428","422","434","42744.5","42744","42745"
"3887072","","","","","","","87","87","87","65909","65909","65909","","","","","",""
"3887080","","","","","","","40","40","40","65910","65910","65910","","","","","",""
"3887088","","","","","","","30.666666666666668","14","40","65912","65911","65913","","","","","",""
"3887096","","","","","","","38","38","38","65914","65914","65914","","","","","",""
"3887104","58","58","58","65960","65960","65960","36","36","36","65915","65915","65915","","","","","",""
"3887112","","","","","","","","","","","","","179","179","179","42757","42757","42757"
"3887120","51","51","51","65979","65979","65979","","","","","","","","","","","",""
"3887128","67","36","85","65981","65980","65982","","","","","","","","","","","",""
"3887144","59.5","39","80","65983.5","65983","65984","","","","","","","","","","","",""
"3887184","43","43","43","65985","65985","65985","","","","","","","","","","","",""
"3913680","","","","","","","23","23","23","66384","66384","66384","","","","","",""
"3913688","","","","","","","","","","","","","187","180","194","43033.5","43033","43034"
"3913696","","","","","","","","","","","","","395","395","395","43035","43035","43035"
"3913704","","","","","","","50","50","50","66385","66385","66385","","","","","",""
"3913712","","","","","","","31","31","31","66386","66386","66386","382","382","382","43036","43036","43036"
"3913720","","","","","","","49.333333333333336","21","91","66388","66387","66389","","","","","",""
"3913728","","","","","","","2","2","2","66390","66390","66390","","","","","",""
"3913736","78","78","78","66454","66454","66454","49","49","49","66409","66409","66409","","","","","",""
"3913744","","","","","","","","","","","","","191","191","191","43048","43048","43048"
"3913752","64","64","64","66455","66455","66455","","","","","","","","","","","",""
"3913760","84.33333333333333","54","103","66457","66456","66458","","","","","","","","","","","",""
"3913776","42.5","23","62","66459.5","66459","66460","","","","","","","","","","","",""
"3913816","31","31","31","66461","66461","66461","","","","","","","","","","","",""
"3940296","","","","","","","","","","","","","371","371","371","43324","43324","43324"
"3940304","","","","","","","","","","","","","397","366","428","43325.5","43325","43326"
"3940312","","","","","","","45","45","45","66860","66860","66860","","","","","",""
"3940320","","","","","","","","","","","","","186","186","186","43327","43327","43327"
"3940328","","","","","","","","","","","","","199","199","199","43328","43328","43328"
"3940336","","","","","","","24","24","24","66861","66861","66861","","","","","",""
"3940344","","","","","","","19","19","19","66862","66862","66862","","","","","",""
"3940352","","","","","","","40.333333333333336","32","51","66864","66863","66865","","","","","",""
"3940360","","","","","","","48","48","48","66884","66884","66884","","","","","",""
"3940368","55","55","55","66930","66930","66930","55","55","55","66885","66885","66885","","","","","",""
"3940384","80","80","80","66931","66931","66931","","","","","","","","","","","",""
"3940392","71.33333333333333","50","105","66933","66932","66934","","","","","","","","","","","",""
"3940408","66.5","28","105","66935.5","66935","66936","","","","","","","","","","","",""
"3940448","43","43","43","66937","66937","66937","","","","","","","","","","","",""
"3966936","","","","","","","","","","","","","194","194","194","43615","43615","43615"
"3966944","","","","","","","40","40","40","67336","67336","67336","450","450","450","43616","43616","43616"
"3966968","","","","","","","19","19","19","67337","67337","67337","341","341","341","43617","43617","43617"
"3966976","","","","","","","33","33","33","67338","67338","67338","","","","","",""
"3966984","","","","","","","21.333333333333332","14","31","67358","67357","67359","","","","","",""
"3966992","","","","","","","22","22","22","67360","67360","67360","","","","","",""
"3967000","36","36","36","67406","67406","67406","17","17","17","67361","67361","67361","377","377","377","43629","43629","43629"
"3967016","106","106","106","67407","67407","67407","","","","","","","","","","","",""
"3967024","58.666666666666664","41","73","67409","67408","67410","","","","","","","","","","","",""
"3967040","61","58","64","67411.5","67411","67412","","","","","","","","","","","",""
"3967080","99","99","99","67413","67413","67413","","","","","","","","","","","",""
"3993552","","","","","","","","","","","","","384","384","384","43905","43905","43905"
"3993560","","","","","","","","","","","","","390","390","390","43906","43906","43906"
"3993576","","","","","","","25","25","25","67812","67812","67812","294.5","185","404","43907.5","43907","43908"
"3993584","","","","","","","","","","","","","387","387","387","43909","43909","43909"
"3993600","","","","","","","12","12","12","67813","67813","67813","194","194","194","43910","43910","43910"
"3993608","","","","","","","27","27","27","67832","67832","67832","","","","","",""
"3993616","","","","","","","34.333333333333336","27","47","67834","67833","67835","","","","","",""
"3993624","","","","","","","36","36","36","67836","67836","67836","","","","","",""
"3993632","107","107","107","67882","67882","67882","19","19","19","67837","67837","67837","","","","","",""
"3993648","98","98","98","67883","67883","67883","","","","","","","","","","","",""
"3993656","77.66666666666667","54","100","67885","67884","67886","","","","","","","","","","","",""
"3993672","91.5","69","114","67887.5","67887","67888","","","","","","","","","","","",""
"3993712","94","94","94","67889","67889","67889","","","","","","","","","","","",""
"4020192","","","","","","","","","","","","","288.5","152","425","44197.5","44197","44198"
"4020208","","","","","","","7","7","7","68288","68288","68288","181","181","181","44199","44199","44199"
"4020216","","","","","","","","","","","","","188","188","188","44200","44200","44200"
"4020232","","","","","","","41","41","41","68307","68307","68307","","","","","",""
"4020240","","","","","","","32","32","32","68308","68308","68308","","","","","",""
"4020248","","","","","","","22.333333333333332","5","39","68310","68309","68311","","","","","",""
"4020256","","","","","","","29","29","29","68312","68312","68312","368","368","368","44212","44212","44212"
"4020264","88","88","88","68358","68358","68358","18","18","18","68313","68313","68313","","","","","",""
"4020280","144","144","144","68359","68359","68359","","","","","","","","","","","",""
"4020288","83","51","99","68361","68360","68362","","","","","","","","","","","",""
"4020304","105.5","105","106","68363.5","68363","68364","","","","","","","","","","","",""
"4020344","101","101","101","68365","68365","68365","","","","","","","","","","","",""
"4046808","","","","","","","","","","","","","406","406","406","44488","44488","44488"
"4046832","","","","","","","","","","","","","404","404","404","44489","44489","44489"
"4046840","","","","","","","11","11","11","68764","68764","68764","195","195","195","44490","44490","44490"
"4046856","","","","","","","","","","","","","383","383","383","44502","44502","44502"
"4046864","","","","","","","27","27","27","68783","68783","68783","","","","","",""
"4046872","","","","","","","43","43","43","68784","68784","68784","","","","","",""
"4046880","","","","","","","21.333333333333332","16","24","68786","68785","68787","","","","","",""
"4046888","","","","","","","33","33","33","68788","68788","68788","","","","","",""
"4046896","89","89","89","68834","68834","68834","26","26","26","68789","68789","68789","","","","","",""
"4046912","80","80","80","68835","68835","68835","","","","","","","","","","","",""
"4046920","88","51","123","68837","68836","68838","","","","","","","","","","","",""
"4046936","49","45","53","68839.5","68839","68840","","","","","","","","","","","",""
"4046976","107","107","107","68841","68841","68841","","","","","","","","","","","",""
"4073440","","","","","","","","","","","","","168","168","168","44778","44778","44778"
"4073448","","","","","","","","","","","","","346.5","312","381","44779.5","44779","44780"
"4073464","","","","","","","","","","","","","153","153","153","44781","44781","44781"
"4073472","","","","","","","17","17","17","69240","69240","69240","381","381","381","44782","44782","44782"
"4073488","","","","","","","","","","","","","186","186","186","44794","44794","44794"
"4073496","","","","","","","24","24","24","69259","69259","69259","","","","","",""
"4073504","","","","","","","23","23","23","69260","69260","69260","","","","","",""
"4073512","","","","","","","12.333333333333334","3","19","69262","69261","69263","405","405","405","44795","44795","44795"
"4073520","","","","","","","14","14","14","69264","69264","69264","","","","","",""
"4073528","84","84","84","69310","69310","69310","14","14","14","69265","69265","69265","","","","","",""
"4073544","52","52","52","69311","69311","69311","","","","","","","","","","","",""
"4073552","60","40","93","69313","69312","69314","","","","","","","","","","","",""
"4073568","84.5","77","92","69315.5","69315","69316","","","","","","","","","","","",""
"4073608","90","90","90","69317","69317","69317","","","","","","","","","","","",""
"4100080","","","","","","","","","","","","","173","170","176","45071.5","45071","45072"
"4100096","","","","","","","","","","","","","304","197","411","45073.5","45073","45074"
"4100104","","","","","","","2","2","2","69734","69734","69734","","","","","",""
"4100128","","","","","","","29","29","29","69735","69735","69735","","","","","",""
"4100136","","","","","","","36","36","36","69736","69736","69736","","","","","",""
"4100144","","","","","","","12.666666666666666","1","33","69738","69737","69739","171","171","171","45086","45086","45086"
"4100152","","","","","","","11","11","11","69740","69740","69740","","","","","",""
"4100160","90","90","90","69786","69786","69786","39","39","39","69741","69741","69741","","","","","",""
"4100176","78","78","78","69787","69787","69787","","","","","","","","","","","",""
"4100184","96.33333333333333","92","104","69789","69788","69790","","","","","","","","","","","",""
"4100200","89","88","90","69791.5","69791","69792","","","","","","","","","","","",""
"4100240","58","58","58","69793","69793","69793","","","","","","","","","","","",""
"4126696","","","","","","","","","","","","","448","448","448","45362","45362","45362"
"4126712","","","","","","","","","","","","","181","181","181","45363","45363","45363"
"4126728","","","","","","","","","","","","","274.5","161","388","45375.5","45375","45376"
"4126736","","","","","","","1","1","1","70210","70210","70210","","","","","",""
"4126744","","","","","","","","","","","","","348","348","348","45377","45377","45377"
"4126760","","","","","","","40","40","40","70211","70211","70211","","","","","",""
"4126768","","","","","","","1","1","1","70212","70212","70212","","","","","",""
"4126776","","","","","","","30.666666666666668","17","42","70214","70213","70215","","","","","",""
"4126784","","","","","","","28","28","28","70216","70216","70216","","","","","",""
"4126792","90","90","90","70262","70262","70262","16","16","16","70217","70217","70217","","","","","",""
"4126808","52","52","52","70263","70263","70263","","","","","","","","","","","",""
"4126816","107","94","121","70265","70264","70266","","","","","","","","","","","",""
"4126832","91.5","90","93","70267.5","70267","70268","","","","","","","","","","","",""
"4126872","95","95","95","70269","70269","70269","","","","","","","","","","","",""
"4153328","","","","","","","","","","","","","189","189","189","45653","45653","45653"
"4153336","","","","","","","","","","","","","378","378","378","45654","45654","45654"
"4153344","","","","","","","","","","","","","183","183","183","45655","45655","45655"
"4153352","","","","","","","","","","","","","338","338","338","45667","45667","45667"
"4153360","","","","","","","","","","","","","169","169","169","45668","45668","45668"
"4153368","","","","","","","2","2","2","70686","70686","70686","","","","","",""
"4153376","","","","","","","","","","","","","173","173","173","45669","45669","45669"
"4153392","","","","","","","29","29","29","70687","70687","70687","","","","","",""
"4153400","","","","","","","26","26","26","70688","70688","70688","377","377","377","45670","45670","45670"
"4153408","","","","","","","13.666666666666666","8","19","70690","70689","70691","","","","","",""
"4153416","","","","","","","35","35","35","70692","70692","70692","","","","","",""
"4153424","46","46","46","70738","70738","70738","27","27","27","70693","70693","70693","","","","","",""
"4153440","115","115","115","70739","70739","70739","","","","","","","","","","","",""
"4153448","112.33333333333333","106","117","70741","70740","70742","","","","","","","","","","","",""
"4153464","105.5","105","106","70743.5","70743","70744","","","","","","","","","","","",""
"4153504","67","67","67","70745","70745","70745","","","","","","","","","","","",""
"4179968","","","","","","","","","","","","","196","196","196","45946","45946","45946"
"4179984","","","","","","","","","","","","","384","384","384","45958","45958","45958"
"4180000","","","","","","","6","6","6","71162","71162","71162","","","","","",""
"4180008","","","","","","","","","","","","","194","194","194","45959","45959","45959"
"4180024","","","","","","","11","11","11","71163","71163","71163","","","","","",""
"4180032","","","","","","","23","23","23","71164","71164","71164","","","","","",""
"4180040","","","","","","","32","27","35","71166","71165","71167","","","","","",""
"4180048","","","","","","","36","36","36","71168","71168","71168","","","","","",""
"4180056","124","124","124","71214","71214","71214","30","30","30","71169","71169","71169","","","","","",""
"4180072","111","111","111","71215","71215","71215","","","","","","","","","","","",""
"4180080","100.66666666666667","85","114","71217","71216","71218","","","","","","","","","","","",""
"4180096","111","108","114","71219.5","71219","71220","","","","","","","","","","","",""
"4180136","82","82","82","71221","71221","71221","","","","","","","","","","","",""
"4206584","","","","","","","","","","","","","388","388","388","46235","46235","46235"
"4206600","","","","","","","","","","","","","421","421","421","46247","46247","46247"
"4206608","","","","","","","","","","","","","365","365","365","46248","46248","46248"
"4206616","","","","","","","","","","","","","437","437","437","46249","46249","46249"
"4206632","","","","","","","5","5","5","71638","71638","71638","","","","","",""
"4206640","","","","","","","","","","","","","197","197","197","46250","46250","46250"
"4206656","","","","","","","22","22","22","71639","71639","71639","367","367","367","46251","46251","46251"
"4206664","","","","","","","5","5","5","71640","71640","71640","","","","","",""
"4206672","","","","","","","2","1","4","71642","71641","71643","","","","","",""
"4206680","","","","","","","2","2","2","71644","71644","71644","","","","","",""
"4206688","135","135","135","71690","71690","71690","33","33","33","71645","71645","71645","","","","","",""
"4206704","98","98","98","71691","71691","71691","","","","","","","","","","","",""
"4206712","120","91","142","71693","71692","71694","","","","","","","","","","","",""
"4206728","131","129","133","71695.5","71695","71696","","","","","","","","","","","",""
"4206768","117","117","117","71697","71697","71697","","","","","","","","","","","",""
"4233224","","","","","","","","","","","","","460","460","460","46538","46538","46538"
"4233232","","","","","","","","","","","","","191","191","191","46539","46539","46539"
"4233240","","","","","","","","","","","","","279","173","385","46540.5","46540","46541"
"4233248","","","","","","","","","","","","","193","193","193","46542","46542","46542"
"4233264","","","","","","","0","0","0","72114","72114","72114","","","","","",""
"4233288","","","","","","","5","5","5","72115","72115","72115","","","","","",""
"4233296","","","","","","","15","15","15","72116","72116","72116","","","","","",""
"4233304","","","","","","","20.666666666666668","17","25","72118","72117","72119","","","","","",""
"4233312","","","","","","","12","12","12","72120","72120","72120","","","","","",""
"4233320","106","106","106","72166","72166","72166","6","6","6","72121","72121","72121","","","","","",""
"4233336","142","142","142","72167","72167","72167","","","","","","","","","","","",""
"4233344","146.66666666666666","136","154","72169","72168","72170","","","","","","","","","","","",""
"4233360","133","129","137","72171.5","72171","72172","","","","","","","","","","","",""
"4233400","165","165","165","72173","72173","72173","","","","","","","","","","","",""
"4259840","","","","","","","","","","","","","414","414","414","46818","46818","46818"
"4259896","","","","","","","13","13","13","72590","72590","72590","426","426","426","46830","46830","46830"
"4259912","","","","","","","","","","","","","432","432","432","46831","46831","46831"
"4259920","","","","","","","26","26","26","72591","72591","72591","","","","","",""
"4259928","","","","","","","14","14","14","72592","72592","72592","","","","","",""
"4259936","","","","","","","15.333333333333334","3","35","72594","72593","72595","","","","","",""
"4259944","","","","","","","27","27","27","72596","72596","72596","","","","","",""
"4259952","107","107","107","72642","72642","72642","32","32","32","72597","72597","72597","","","","","",""
"4259968","145","145","145","72643","72643","72643","","","","","","","","","","","",""
"4259976","152","120","183","72645","72644","72646","","","","","","","","","","","",""
"4259992","89.5","72","107","72647.5","72647","72648","","","","","","","","","","","",""
"4260032","100","100","100","72649","72649","72649","","","","","","","","","","","",""
"4286472","","","","","","","","","","","","","153","153","153","47118","47118","47118"
"4286480","","","","","","","","","","","","","458","458","458","47119","47119","47119"
"4286488","","","","","","","","","","","","","421","421","421","47120","47120","47120"
"4286496","","","","","","","","","","","","","414","410","418","47121.5","47121","47122"
"4286504","","","","","","","","","","","","","481","481","481","47123","47123","47123"
"4286528","","","","","","","9","9","9","73066","73066","73066","","","","","",""
"4286552","","","","","","","3","3","3","73067","73067","73067","","","","","",""
"4286560","","","","","","","20","20","20","73068","73068","73068","","","","","",""
"4286568","","","","","","","12.666666666666666","3","20","73070","73069","73071","","","","","",""
"4286576","","","","","","","26","26","26","73072","73072","73072","","","","","",""
"4286584","127","127","127","73118","73118","73118","13","13","13","73073","73073","73073","","","","","",""
"4286600","135","135","135","73119","73119","73119","","","","","","","","","","","",""
"4286608","116.66666666666667","109","126","73121","73120","73122","","","","","","","","","","","",""
"4286624","145.5","105","186","73123.5","73123","73124","","","","","","","","","","","",""
"4286664","98","98","98","73125","73125","73125","","","","","","","","","","","",""
"4313128","","","","","","","","","","","","","178","178","178","47410","47410","47410"
"4313152","","","","","","","","","","","","","437","437","437","47411","47411","47411"
"4313160","","","","","","","30","30","30","73542","73542","73542","","","","","",""
"4313168","","","","","","","","","","","","","412","412","412","47412","47412","47412"
"4313184","","","","","","","30","30","30","73543","73543","73543","","","","","",""
"4313192","","","","","","","14","14","14","73544","73544","73544","","","","","",""
"4313200","","","","","","","19.333333333333332","2","38","73546","73545","73547","","","","","",""
"4313208","","","","","","","12","12","12","73548","73548","73548","","","","","",""
"4313216","123","123","123","73594","73594","73594","9","9","9","73549","73549","73549","","","","","",""
"4313232","145","145","145","73595","73595","73595","","","","","","","","","","","",""
"4313240","141.66666666666666","122","156","73597","73596","73598","","","","","","","","","","","",""
"4313256","158","119","197","73599.5","73599","73600","","","","","","","","","","","",""
"4313296","117","117","117","73601","73601","73601","","","","","","","","","","","",""
"4339728","","","","","","","","","","","","","384","384","384","47699","47699","47699"
"4339736","","","","","","","","","","","","","383","383","383","47700","47700","47700"
"4339744","","","","","","","","","","","","","482","482","482","47701","47701","47701"
"4339752","","","","","","","","","","","","","482","482","482","47702","47702","47702"
"4339760","","","","","","","","","","","","","411","411","411","47703","47703","47703"
"4339792","","","","","","","7","7","7","74018","74018","74018","","","","","",""
"4339800","","","","","","","","","","","","","196","196","196","47704","47704","47704"
"4339816","","","","","","","22","22","22","74019","74019","74019","","","","","",""
"4339824","","","","","","","7","7","7","74020","74020","74020","","","","","",""
"4339832","","","","","","","4.333333333333333","0","8","74022","74021","74023","","","","","",""
"4339840","","","","","","","7","7","7","74024","74024","74024","","","","","",""
"4339848","128","128","128","74070","74070","74070","27","27","27","74025","74025","74025","","","","","",""
"4339864","144","144","144","74071","74071","74071","","","","","","","","","","","",""
"4339872","134.66666666666666","121","150","74073","74072","74074","","","","","","","","","","","",""
"4339888","150","116","184","74075.5","74075","74076","","","","","","","","","","","",""
"4339928","158","158","158","74077","74077","74077","","","","","","","","","","","",""
"4366360","","","","","","","","","","","","","172","172","172","47991","47991","47991"
"4366384","","","","","","","","","","","","","427","427","427","47992","47992","47992"
"4366408","","","","","","","","","","","","","391","391","391","47993","47993","47993"
"4366424","","","","","","","19","19","19","74494","74494","74494","","","","","",""
"4366432","","","","","","","","","","","","","189","189","189","47994","47994","47994"
"4366448","","","","","","","36","36","36","74495","74495","74495","","","","","",""
"4366456","","","","","","","0","0","0","74496","74496","74496","","","","","",""
"4366464","","","","","","","19.333333333333332","5","38","74498","74497","74499","","","","","",""
"4366472","","","","","","","28","28","28","74500","74500","74500","","","","","",""
"4366480","140","140","140","74546","74546","74546","25","25","25","74501","74501","74501","","","","","",""
"4366496","129","129","129","74547","74547","74547","","","","","","","","","","","",""
"4366504","134","95","172","74549","74548","74550","","","","","","","","","","","",""
"4366520","171","152","190","74551.5","74551","74552","","","","","","","","","","","",""
"4366560","123","123","123","74553","74553","74553","","","","","","","","","","","",""
"4392992","","","","","","","","","","","","","401","401","401","48281","48281","48281"
"4393000","","","","","","","","","","","","","431","431","431","48282","48282","48282"
"4393008","","","","","","","","","","","","","338","338","338","48283","48283","48283"
"4393016","","","","","","","","","","","","","472","472","472","48284","48284","48284"
"4393040","","","","","","","","","","","","","165","165","165","48285","48285","48285"
"4393056","","","","","","","22","22","22","74970","74970","74970","","","","","",""
"4393080","","","","","","","25","25","25","74971","74971","74971","","","","","",""
"4393088","","","","","","","15","15","15","74972","74972","74972","","","","","",""
"4393096","","","","","","","27.666666666666668","14","40","74974","74973","74975","","","","","",""
"4393104","","","","","","","21","21","21","74976","74976","74976","","","","","",""
"4393112","127","127","127","75022","75022","75022","28","28","28","74977","74977","74977","","","","","",""
"4393136","143","109","173","75024","75023","75025","","","","","","","","","","","",""
"4393152","154","141","167","75026.5","75026","75027","","","","","","","","","","","",""
"4393192","155","155","155","75028","75028","75028","","","","","","","","","","","",""
"4419616","","","","","","","","","","","","","403","403","403","48572","48572","48572"
"4419640","","","","","","","","","","","","","429","429","429","48573","48573","48573"
"4419648","","","","","","","","","","","","","198","198","198","48574","48574","48574"
"4419688","","","","","","","23","23","23","75446","75446","75446","413","413","413","48575","48575","48575"
"4419712","","","","","","","47","47","47","75447","75447","75447","","","","","",""
"4419720","","","","","","","2","2","2","75448","75448","75448","","","","","",""
"4419728","","","","","","","28.666666666666668","12","40","75450","75449","75451","","","","","",""
"4419736","","","","","","","26","26","26","75452","75452","75452","","","","","",""
"4419744","177","177","177","75497","75497","75497","44","44","44","75453","75453","75453","","","","","",""
"4419752","292","292","292","75498","75498","75498","","","","","","","","","","","",""
"4419768","113","67","161","75500","75499","75501","","","","","","","","","","","",""
"4419784","170","146","194","75502.5","75502","75503","","","","","","","","","","","",""
"4419824","132","132","132","75504","75504","75504","","","","","","","","","","","",""
"4446248","","","","","","","","","","","","","284","170","398","48862.5","48862","48863"
"4446256","","","","","","","","","","","","","347","347","347","48864","48864","48864"
"4446264","","","","","","","","","","","","","402","402","402","48865","48865","48865"
"4446272","","","","","","","","","","","","","174","174","174","48866","48866","48866"
"4446280","","","","","","","","","","","","","149","149","149","48867","48867","48867"
"4446296","","","","","","","","","","","","","403","403","403","48868","48868","48868"
"4446320","","","","","","","64","64","64","75922","75922","75922","165","165","165","48869","48869","48869"
"4446344","","","","","","","42","42","42","75923","75923","75923","","","","","",""
"4446352","","","","","","","41","41","41","75924","75924","75924","","","","","",""
"4446360","","","","","","","38.333333333333336","26","46","75926","75925","75927","","","","","",""
"4446368","","","","","","","37","37","37","75928","75928","75928","","","","","",""
"4446376","116","116","116","75973","75973","75973","38","38","38","75929","75929","75929","","","","","",""
"4446384","128","128","128","75974","75974","75974","","","","","","","","","","","",""
"4446400","113.5","111","116","75975.5","75975","75976","","","","","","","","","","","",""
"4446416","142","132","152","75977.5","75977","75978","","","","","","","","","","","",""
"4446456","175","175","175","75979","75979","75979","","","","","","","","","","","",""
"4472880","","","","","","","","","","","","","178","178","178","49156","49156","49156"
"4472904","","","","","","","","","","","","","184","184","184","49157","49157","49157"
"4472952","","","","","","","47","47","47","76398","76398","76398","154","154","154","49158","49158","49158"
"4472976","","","","","","","27","27","27","76399","76399","76399","","","","","",""
"4472984","","","","","","","44","44","44","76400","76400","76400","","","","","",""
"4472992","","","","","","","31","22","39","76402","76401","76403","","","","","",""
"4473000","","","","","","","65","65","65","76404","76404","76404","","","","","",""
"4473008","137","137","137","76448","76448","76448","44","44","44","76405","76405","76405","","","","","",""
"4473016","110","110","110","76449","76449","76449","","","","","","","","","","","",""
"4473024","345","345","345","76450","76450","76450","","","","","","","","","","","",""
"4473032","150.5","145","156","76451.5","76451","76452","","","","","","","","","","","",""
"4473048","138","135","141","76453.5","76453","76454","","","","","","","","","","","",""
"4473088","162","162","162","76455","76455","76455","","","","","","","","","","","",""
"4499504","","","","","","","","","","","","","439","439","439","49445","49445","49445"
"4499512","","","","","","","","","","","","","452","452","452","49446","49446","49446"
"4499520","","","","","","","","","","","","","403","403","403","49447","49447","49447"
"4499536","","","","","","","","","","","","","427","427","427","49448","49448","49448"
"4499552","","","","","","","","","","","","","358","358","358","49449","49449","49449"
"4499584","","","","","","","64","64","64","76874","76874","76874","","","","","",""
"4499608","","","","","","","64","64","64","76875","76875","76875","","","","","",""
"4499616","","","","","","","29","29","29","76876","76876","76876","","","","","",""
"4499624","","","","","","","38.666666666666664","34","48","76878","76877","76879","","","","","",""
"4499632","","","","","","","44","44","44","76880","76880","76880","","","","","",""
"4499640","154","154","154","76924","76924","76924","36","36","36","76881","76881","76881","","","","","",""
"4499648","164","164","164","76925","76925","76925","","","","","","","","","","","",""
"4499656","140","140","140","76926","76926","76926","","","","","","","","","","","",""
"4499664","153.5","142","165","76927.5","76927","76928","","","","","","","","","","","",""
"4499680","165.5","138","193","76929.5","76929","76930","","","","","","","","","","","",""
"4499720","101","101","101","76931","76931","76931","","","","","","","","","","","",""
"4526136","","","","","","","","","","","","","424","424","424","49736","49736","49736"
"4526160","","","","","","","","","","","","","469","469","469","49737","49737","49737"
"4526208","","","","","","","","","","","","","477","477","477","49738","49738","49738"
"4526216","","","","","","","42","42","42","77350","77350","77350","","","","","",""
"4526240","","","","","","","52","52","52","77351","77351","77351","","","","","",""
"4526248","","","","","","","43","43","43","77352","77352","77352","","","","","",""
"4526256","","","","","","","43.333333333333336","32","57","77354","77353","77355","","","","","",""
"4526264","","","","","","","33","33","33","77356","77356","77356","","","","","",""
"4526272","164","164","164","77400","77400","77400","45","45","45","77357","77357","77357","","","","","",""
"4526280","171","171","171","77401","77401","77401","","","","","","","","","","","",""
"4526288","181","181","181","77402","77402","77402","","","","","","","","","","","",""
"4526296","172","157","187","77403.5","77403","77404","","","","","","","","","","","",""
"4526312","180","174","186","77405.5","77405","77406","","","","","","","","","","","",""
"4526352","173","173","173","77407","77407","77407","","","","","","","","","","","",""
"4552760","","","","","","","","","","","","","354","354","354","50025","50025","50025"
"4552768","","","","","","","","","","","","","291.5","184","399","50026.5","50026","50027"
"4552776","","","","","","","","","","","","","381","381","381","50028","50028","50028"
"4552792","","","","","","","","","","","","","354","354","354","50029","50029","50029"
"4552808","","","","","","","","","","","","","413","413","413","50030","50030","50030"
"4552840","","","","","","","","","","","","","180","180","180","50031","50031","50031"
"4552848","","","","","","","36","36","36","77826","77826","77826","","","","","",""
"4552872","","","","","","","48","48","48","77827","77827","77827","","","","","",""
"4552880","","","","","","","42","42","42","77828","77828","77828","","","","","",""
"4552888","","","","","","","51.666666666666664","30","92","77830","77829","77831","","","","","",""
"4552896","","","","","","","9","9","9","77832","77832","77832","","","","","",""
"4552904","151","151","151","77876","77876","77876","36","36","36","77833","77833","77833","","","","","",""
"4552912","183","183","183","77877","77877","77877","","","","","","","","","","","",""
"4552928","146","146","146","77878","77878","77878","","","","","","","","","","","",""
"4552944","159.5","157","162","77879.5","77879","77880","","","","","","","","","","","",""
"4552984","138","138","138","77881","77881","77881","","","","","","","","","","","",""
"4579392","","","","","","","","","","","","","167","167","167","50318","50318","50318"
"4579416","","","","","","","","","","","","","428","428","428","50319","50319","50319"
"4579480","","","","","","","44","44","44","78302","78302","78302","","","","","",""
"4579504","","","","","","","100","100","100","78303","78303","78303","","","","","",""
"4579512","","","","","","","48","48","48","78304","78304","78304","","","","","",""
"4579520","","","","","","","34","24","54","78306","78305","78307","","","","","",""
"4579528","","","","","","","32","32","32","78308","78308","78308","","","","","",""
"4579536","159","159","159","78350","78350","78350","23","23","23","78309","78309","78309","","","","","",""
"4579544","264","196","332","78351.5","78351","78352","","","","","","","","","","","",""
"4579552","380","380","380","78353","78353","78353","","","","","","","","","","","",""
"4579560","154","154","154","78354","78354","78354","","","","","","","","","","","",""
"4579576","165.5","150","181","78355.5","78355","78356","","","","","","","","","","","",""
"4579616","123","123","123","78357","78357","78357","","","","","","","","","","","",""
"4606024","","","","","","","","","","","","","410","390","430","50606.5","50606","50607"
"4606032","","","","","","","","","","","","","358","358","358","50608","50608","50608"
"4606048","","","","","","","","","","","","","455","455","455","50609","50609","50609"
"4606064","","","","","","","","","","","","","480","480","480","50610","50610","50610"
"4606096","","","","","","","","","","","","","448","448","448","50611","50611","50611"
"4606112","","","","","","","89","89","89","78778","78778","78778","","","","","",""
"4606136","","","","","","","54","54","54","78779","78779","78779","","","","","",""
"4606144","","","","","","","39","39","39","78780","78780","78780","","","","","",""
"4606152","","","","","","","69","29","120","78782","78781","78783","","","","","",""
"4606160","","","","","","","51","51","51","78784","78784","78784","","","","","",""
"4606168","156","156","156","78826","78826","78826","53","53","53","78785","78785","78785","","","","","",""
"4606176","151","124","178","78827.5","78827","78828","","","","","","","","","","","",""
"4606184","144","144","144","78829","78829","78829","","","","","","","","","","","",""
"4606208","151","139","163","78830.5","78830","78831","","","","","","","","","","","",""
"4606248","157","157","157","78832","78832","78832","","","","","","","","","","","",""
"4632648","","","","","","","","","","","","","444","444","444","50898","50898","50898"
"4632656","","","","","","","","","","","","","188","188","188","50899","50899","50899"
"4632672","","","","","","","","","","","","","318","318","318","50900","50900","50900"
"4632696","","","","","","","","","","","","","182","182","182","50901","50901","50901"
"4632744","","","","","","","40","40","40","79254","79254","79254","","","","","",""
"4632768","","","","","","","66","66","66","79255","79255","79255","","","","","",""
"4632776","","","","","","","63","63","63","79256","79256","79256","","","","","",""
"4632784","","","","","","","55","35","73","79258","79257","79259","","","","","",""
"4632792","","","","","","","73","73","73","79260","79260","79260","","","","","",""
"4632800","165","165","165","79301","79301","79301","50","50","50","79261","79261","79261","","","","","",""
"4632808","175","175","175","79302","79302","79302","","","","","","","","","","","",""
"4632816","269.5","179","360","79303.5","79303","79304","","","","","","","","","","","",""
"4632840","173","168","178","79305.5","79305","79306","","","","","","","","","","","",""
"4659280","","","","","","","","","","","","","453","453","453","51188","51188","51188"
"4659288","","","","","","","","","","","","","404","404","404","51189","51189","51189"
"4659304","","","","","","","","","","","","","432","432","432","51190","51190","51190"
"4659328","","","","","","","","","","","","","198","198","198","51191","51191","51191"
"4659352","","","","","","","","","","","","","351","351","351","51192","51192","51192"
"4659376","","","","","","","22","22","22","79730","79730","79730","","","","","",""
"4659400","","","","","","","23","23","23","79731","79731","79731","","","","","",""
"4659408","","","","","","","49","49","49","79732","79732","79732","","","","","",""
"4659416","","","","","","","34","25","41","79734","79733","79735","","","","","",""
"4659424","","","","","","","45","45","45","79736","79736","79736","","","","","",""
"4659432","366","366","366","79775","79775","79775","28","28","28","79737","79737","79737","","","","","",""
"4659440","151","151","151","79776","79776","79776","","","","","","","","","","","",""
"4659448","160","147","173","79777.5","79777","79778","","","","","","","","","","","",""
"4659472","184","174","194","79779.5","79779","79780","","","","","","","","","","","",""
"4659504","393","393","393","79781","79781","79781","","","","","","","","","","","",""
"4685904","","","","","","","","","","","","","489","489","489","51479","51479","51479"
"4685912","","","","","","","","","","","","","343","343","343","51480","51480","51480"
"4685928","","","","","","","","","","","","","423","423","423","51481","51481","51481"
"4685936","","","","","","","","","","","","","195","195","195","51482","51482","51482"
"4686008","","","","","","","47","47","47","80206","80206","80206","","","","","",""
"4686032","","","","","","","52","52","52","80207","80207","80207","","","","","",""
"4686040","","","","","","","52","52","52","80208","80208","80208","","","","","",""
"4686048","","","","","","","55.333333333333336","45","72","80210","80209","80211","","","","","",""
"4686056","373","373","373","80250","80250","80250","95","95","95","80212","80212","80212","","","","","",""
"4686064","144","144","144","80251","80251","80251","52","52","52","80213","80213","80213","","","","","",""
"4686072","178","178","178","80252","80252","80252","","","","","","","","","","","",""
"4686104","146","145","147","80253.5","80253","80254","","","","","","","","","","","",""
"4686136","155","155","155","80255","80255","80255","","","","","","","","","","","",""
"4712536","","","","","","","","","","","","","368","368","368","51769","51769","51769"
"4712544","","","","","","","","","","","","","435","435","435","51770","51770","51770"
"4712584","","","","","","","","","","","","","434","434","434","51771","51771","51771"
"4712608","","","","","","","","","","","","","387","387","387","51772","51772","51772"
"4712640","","","","","","","38","38","38","80682","80682","80682","","","","","",""
"4712664","","","","","","","80","80","80","80683","80683","80683","","","","","",""
"4712672","","","","","","","20","20","20","80684","80684","80684","","","","","",""
"4712680","","","","","","","54","52","55","80686","80685","80687","","","","","",""
"4712688","","","","","","","41","41","41","80688","80688","80688","","","","","",""
"4712696","185","185","185","80724","80724","80724","14","14","14","80689","80689","80689","","","","","",""
"4712704","320","176","422","80726","80725","80727","","","","","","","","","","","",""
"4712736","150.5","139","162","80728.5","80728","80729","","","","","","","","","","","",""
"4712768","188","188","188","80730","80730","80730","","","","","","","","","","","",""
"4739160","","","","","","","","","","","","","418","418","418","52059","52059","52059"
"4739168","","","","","","","","","","","","","348","348","348","52060","52060","52060"
"4739184","","","","","","","","","","","","","431","431","431","52061","52061","52061"
"4739192","","","","","","","","","","","","","414","414","414","52062","52062","52062"
"4739216","","","","","","","","","","","","","184","184","184","52063","52063","52063"
"4739272","","","","","","","69","69","69","81158","81158","81158","","","","","",""
"4739296","","","","","","","17","17","17","81159","81159","81159","","","","","",""
"4739304","","","","","","","30","30","30","81160","81160","81160","","","","","",""
"4739312","360","360","360","81199","81199","81199","39","15","55","81162","81161","81163","","","","","",""
"4739320","","","","","","","41","41","41","81164","81164","81164","","","","","",""
"4739328","","","","","","","52","52","52","81165","81165","81165","","","","","",""
"4739336","153.5","143","164","81200.5","81200","81201","","","","","","","","","","","",""
"4739368","186.5","179","194","81202.5","81202","81203","","","","","","","","","","","",""
"4739400","188","188","188","81204","81204","81204","","","","","","","","","","","",""
"4765792","","","","","","","","","","","","","407","407","407","52350","52350","52350"
"4765800","","","","","","","","","","","","","397","397","397","52351","52351","52351"
"4765864","","","","","","","","","","","","","371","371","371","52352","52352","52352"
"4765904","","","","","","","15","15","15","81634","81634","81634","","","","","",""
"4765928","","","","","","","17","17","17","81635","81635","81635","","","","","",""
"4765936","","","","","","","56","56","56","81636","81636","81636","","","","","",""
"4765944","186","186","186","81673","81673","81673","29.333333333333332","24","37","81638","81637","81639","","","","","",""
"4765952","395","395","395","81674","81674","81674","37","37","37","81640","81640","81640","","","","","",""
"4765960","406","406","406","81675","81675","81675","18","18","18","81641","81641","81641","","","","","",""
"4765968","196","196","196","81676","81676","81676","","","","","","","","","","","",""
"4766000","185","174","196","81677.5","81677","81678","","","","","","","","","","","",""
"4766032","173","173","173","81679","81679","81679","","","","","","","","","","","",""
"4792416","","","","","","","","","","","","","436","436","436","52639","52639","52639"
"4792424","","","","","","","","","","","","","308","308","308","52640","52640","52640"
"4792440","","","","","","","","","","","","","440","440","440","52641","52641","52641"
"4792448","","","","","","","","","","","","","368","368","368","52642","52642","52642"
"4792472","","","","","","","","","","","","","434","434","434","52643","52643","52643"
"4792536","","","","","","","40","40","40","82110","82110","82110","","","","","",""
"4792560","","","","","","","53","53","53","82111","82111","82111","","","","","",""
"4792568","","","","","","","44","44","44","82112","82112","82112","","","","","",""
"4792576","","","","","","","43.666666666666664","33","52","82114","82113","82115","","","","","",""
"4792584","194","194","194","82148","82148","82148","38","38","38","82116","82116","82116","","","","","",""
"4792592","258.5","187","330","82149.5","82149","82150","34","34","34","82117","82117","82117","","","","","",""
"4792600","195","195","195","82151","82151","82151","","","","","","","","","","","",""
"4792632","151","151","151","82152","82152","82152","","","","","","","","","","","",""
"4792664","162","162","162","82153","82153","82153","","","","","","","","","","","",""
"4819048","","","","","","","","","","","","","459","459","459","52930","52930","52930"
"4819056","","","","","","","","","","","","","387","387","387","52931","52931","52931"
"4819080","","","","","","","","","","","","","189","189","189","52932","52932","52932"
"4819120","","","","","","","","","","","","","415","415","415","52933","52933","52933"
"4819168","","","","","","","38","38","38","82586","82586","82586","","","","","",""
"4819192","","","","","","","29","29","29","82587","82587","82587","","","","","",""
"4819200","399","399","399","82622","82622","82622","54","54","54","82588","82588","82588","","","","","",""
"4819208","","","","","","","43.333333333333336","34","52","82590","82589","82591","","","","","",""
"4819216","","","","","","","55","55","55","82592","82592","82592","","","","","",""
"4819224","192","192","192","82623","82623","82623","39","39","39","82593","82593","82593","","","","","",""
"4819256","436","436","436","82624","82624","82624","","","","","","","","","","","",""
"4819264","156","156","156","82625","82625","82625","","","","","","","","","","","",""
"4819296","180","180","180","82626","82626","82626","","","","","","","","","","","",""
"4845672","","","","","","","","","","","","","384","384","384","53220","53220","53220"
"4845680","","","","","","","","","","","","","391","391","391","53221","53221","53221"
"4845696","","","","","","","","","","","","","421","421","421","53222","53222","53222"
"4845728","","","","","","","","","","","","","457","457","457","53223","53223","53223"
"4845800","","","","","","","45","45","45","83062","83062","83062","","","","","",""
"4845824","","","","","","","76","76","76","83063","83063","83063","","","","","",""
"4845832","190","190","190","83095","83095","83095","38","38","38","83064","83064","83064","","","","","",""
"4845840","356","356","356","83096","83096","83096","41.333333333333336","26","61","83066","83065","83067","","","","","",""
"4845848","387","387","387","83097","83097","83097","40","40","40","83068","83068","83068","","","","","",""
"4845856","262.5","178","347","83098.5","83098","83099","30","30","30","83069","83069","83069","","","","","",""
"4845888","187","187","187","83100","83100","83100","","","","","","","","","","","",""
"4845896","138","138","138","83101","83101","83101","","","","","","","","","","","",""
"4845928","169","169","169","83102","83102","83102","","","","","","","","","","","",""
"4872304","","","","","","","","","","","","","418","418","418","53510","53510","53510"
"4872312","","","","","","","","","","","","","396","396","396","53511","53511","53511"
"4872336","","","","","","","","","","","","","442","442","442","53512","53512","53512"
"4872360","","","","","","","","","","","","","183","183","183","53513","53513","53513"
"4872376","","","","","","","","","","","","","334","334","334","53514","53514","53514"
"4872432","","","","","","","58","58","58","83538","83538","83538","","","","","",""
"4872456","","","","","","","44","44","44","83539","83539","83539","","","","","",""
"4872464","186","186","186","83571","83571","83571","67","67","67","83540","83540","83540","","","","","",""
"4872472","196","196","196","83572","83572","83572","55.666666666666664","29","73","83542","83541","83543","","","","","",""
"4872480","177","177","177","83573","83573","83573","37","37","37","83544","83544","83544","","","","","",""
"4872488","154.5","146","163","83574.5","83574","83575","85","85","85","83545","83545","83545","","","","","",""
"4872520","186","186","186","83576","83576","83576","","","","","","","","","","","",""
"4872560","151","151","151","83577","83577","83577","","","","","","","","","","","",""
"4898928","","","","","","","","","","","","","412","412","412","53801","53801","53801"
"4898936","","","","","","","","","","","","","282","164","400","53802.5","53802","53803"
"4898952","","","","","","","","","","","","","396","396","396","53804","53804","53804"
"4898968","","","","","","","","","","","","","192","192","192","53805","53805","53805"
"4899008","","","","","","","","","","","","","170","170","170","53806","53806","53806"
"4899064","","","","","","","65","65","65","84014","84014","84014","","","","","",""
"4899088","","","","","","","110","110","110","84015","84015","84015","","","","","",""
"4899096","","","","","","","62","62","62","84016","84016","84016","","","","","",""
"4899104","","","","","","","58.333333333333336","53","63","84018","84017","84019","","","","","",""
"4899112","183","183","183","84046","84046","84046","51","51","51","84020","84020","84020","","","","","",""
"4899120","","","","","","","76","76","76","84021","84021","84021","","","","","",""
"4899152","269","188","350","84047.5","84047","84048","","","","","","","","","","","",""
"4925560","","","","","","","","","","","","","163","163","163","54093","54093","54093"
"4925568","","","","","","","","","","","","","384","384","384","54094","54094","54094"
"4925584","","","","","","","","","","","","","190","190","190","54095","54095","54095"
"4925616","","","","","","","","","","","","","409","409","409","54096","54096","54096"
"4925640","","","","","","","","","","","","","190","190","190","54097","54097","54097"
"4925696","","","","","","","127","127","127","84490","84490","84490","","","","","",""
"4925720","392","392","392","84517","84517","84517","53","53","53","84491","84491","84491","","","","","",""
"4925728","314","314","314","84518","84518","84518","68","68","68","84492","84492","84492","","","","","",""
"4925736","","","","","","","60.666666666666664","56","69","84494","84493","84495","","","","","",""
"4925744","277.3333333333333","183","325","84520","84519","84521","60","60","60","84496","84496","84496","","","","","",""
"4925752","","","","","","","61","61","61","84497","84497","84497","","","","","",""
"4925784","165","165","165","84522","84522","84522","","","","","","","","","","","",""
"4925816","354","354","354","84523","84523","84523","","","","","","","","","","","",""
"4952192","","","","","","","","","","","","","385.5","379","392","54384.5","54384","54385"
"4952224","","","","","","","","","","","","","304","304","304","54386","54386","54386"
"4952248","","","","","","","","","","","","","191","191","191","54387","54387","54387"
"4952328","","","","","","","84","84","84","84966","84966","84966","","","","","",""
"4952352","","","","","","","64","64","64","84967","84967","84967","","","","","",""
"4952360","186","186","186","84992","84992","84992","78","78","78","84968","84968","84968","","","","","",""
"4952368","","","","","","","84","56","113","84970","84969","84971","","","","","",""
"4952376","161","143","179","84993.5","84993","84994","71","71","71","84972","84972","84972","","","","","",""
"4952384","","","","","","","71","71","71","84973","84973","84973","","","","","",""
"4952408","329","329","329","84995","84995","84995","","","","","","","","","","","",""
"4952416","184","184","184","84996","84996","84996","","","","","","","","","","","",""
"4952448","159","159","159","84997","84997","84997","","","","","","","","","","","",""
"4978816","","","","","","","","","","","","","381","381","381","54674","54674","54674"
"4978824","","","","","","","","","","","","","274","161","387","54675.5","54675","54676"
"4978840","","","","","","","","","","","","","389","389","389","54677","54677","54677"
"4978880","","","","","","","","","","","","","179","179","179","54678","54678","54678"
"4978896","","","","","","","","","","","","","458","458","458","54679","54679","54679"
"4978960","","","","","","","47","47","47","85442","85442","85442","","","","","",""
"4978976","362","362","362","85466","85466","85466","","","","","","","","","","","",""
"4978984","","","","","","","56","56","56","85443","85443","85443","","","","","",""
"4978992","189","189","189","85467","85467","85467","101","101","101","85444","85444","85444","","","","","",""
"4979000","361","361","361","85468","85468","85468","69.66666666666667","44","83","85446","85445","85447","","","","","",""
"4979008","138","138","138","85469","85469","85469","134","134","134","85448","85448","85448","","","","","",""
"4979016","","","","","","","106","106","106","85449","85449","85449","","","","","",""
"4979048","130","130","130","85470","85470","85470","","","","","","","","","","","",""
"4979080","162","162","162","85471","85471","85471","","","","","","","","","","","",""
"5005448","","","","","","","","","","","","","366","366","366","54966","54966","54966"
"5005456","","","","","","","","","","","","","159","159","159","54967","54967","54967"
"5005480","","","","","","","","","","","","","447","447","447","54968","54968","54968"
"5005528","","","","","","","","","","","","","184","184","184","54969","54969","54969"
"5005592","","","","","","","127","127","127","85918","85918","85918","","","","","",""
"5005608","190","190","190","85940","85940","85940","","","","","","","","","","","",""
"5005616","","","","","","","81","81","81","85919","85919","85919","","","","","",""
"5005624","171","171","171","85941","85941","85941","83","83","83","85920","85920","85920","","","","","",""
"5005632","260.5","169","352","85942.5","85942","85943","66.33333333333333","58","82","85922","85921","85923","","","","","",""
"5005640","","","","","","","43","43","43","85924","85924","85924","","","","","",""
"5005648","","","","","","","84","84","84","85925","85925","85925","","","","","",""
"5005664","356","356","356","85944","85944","85944","","","","","","","","","","","",""
"5005712","140","140","140","85945","85945","85945","","","","","","","","","","","",""
"5032072","","","","","","","","","","","","","418","418","418","55256","55256","55256"
"5032080","","","","","","","","","","","","","431","431","431","55257","55257","55257"
"5032096","","","","","","","","","","","","","438","438","438","55258","55258","55258"
"5032112","","","","","","","","","","","","","179","179","179","55259","55259","55259"
"5032136","","","","","","","","","","","","","368","368","368","55260","55260","55260"
"5032224","","","","","","","49","49","49","86394","86394","86394","","","","","",""
"5032240","193","193","193","86414","86414","86414","","","","","","","","","","","",""
"5032248","","","","","","","68","68","68","86395","86395","86395","","","","","",""
"5032256","148","148","148","86415","86415","86415","43","43","43","86396","86396","86396","","","","","",""
"5032264","225.66666666666666","162","330","86417","86416","86418","91.66666666666667","64","113","86398","86397","86399","","","","","",""
"5032272","","","","","","","89","89","89","86400","86400","86400","","","","","",""
"5032280","","","","","","","115","115","115","86401","86401","86401","","","","","",""
"5032296","177","177","177","86419","86419","86419","","","","","","","","","","","",""
"5032304","345","345","345","86420","86420","86420","","","","","","","","","","","",""
"5032344","171","171","171","86421","86421","86421","","","","","","","","","","","",""
"5058704","","","","","","","","","","","","","377","377","377","55547","55547","55547"
"5058712","","","","","","","","","","","","","422","422","422","55548","55548","55548"
"5058784","","","","","","","","","","","","","441","441","441","55549","55549","55549"
"5058856","","","","","","","62","62","62","86870","86870","86870","","","","","",""
"5058872","183","183","183","86890","86890","86890","","","","","","","","","","","",""
"5058880","","","","","","","106","106","106","86871","86871","86871","","","","","",""
"5058888","138","138","138","86891","86891","86891","126","126","126","86872","86872","86872","","","","","",""
"5058896","140.33333333333334","128","153","86893","86892","86894","68.33333333333333","62","79","86874","86873","86875","","","","","",""
"5058904","","","","","","","63","63","63","86876","86876","86876","","","","","",""
"5058912","","","","","","","46","46","46","86877","86877","86877","","","","","",""
"5058928","156","156","156","86895","86895","86895","","","","","","","","","","","",""
"5058936","161","161","161","86896","86896","86896","","","","","","","","","","","",""
"5058976","181","181","181","86897","86897","86897","","","","","","","","","","","",""
"5085328","","","","","","","","","","","","","422","422","422","55836","55836","55836"
"5085336","","","","","","","","","","","","","384","384","384","55837","55837","55837"
"5085352","","","","","","","","","","","","","396","396","396","55838","55838","55838"
"5085368","","","","","","","","","","","","","381","381","381","55839","55839","55839"
"5085392","","","","","","","","","","","","","401","401","401","55840","55840","55840"
"5085416","","","","","","","","","","","","","187","187","187","55841","55841","55841"
"5085488","","","","","","","97","97","97","87346","87346","87346","","","","","",""
"5085504","198","198","198","87366","87366","87366","","","","","","","","","","","",""
"5085512","","","","","","","127","127","127","87347","87347","87347","","","","","",""
"5085520","177","177","177","87367","87367","87367","84","84","84","87348","87348","87348","","","","","",""
"5085528","160","148","174","87369","87368","87370","123.33333333333333","118","127","87350","87349","87351","","","","","",""
"5085536","","","","","","","48","48","48","87352","87352","87352","","","","","",""
"5085544","","","","","","","67","67","67","87353","87353","87353","","","","","",""
"5085560","179","179","179","87371","87371","87371","","","","","","","","","","","",""
"5085568","159","159","159","87372","87372","87372","","","","","","","","","","","",""
"5085608","174","174","174","87373","87373","87373","","","","","","","","","","","",""
"5111960","","","","","","","","","","","","","425","425","425","56128","56128","56128"
"5111968","","","","","","","","","","","","","466","466","466","56129","56129","56129"
"5112120","","","","","","","157","157","157","87822","87822","87822","","","","","",""
"5112136","180","180","180","87842","87842","87842","","","","","","","","","","","",""
"5112144","","","","","","","136","136","136","87823","87823","87823","","","","","",""
"5112152","193","193","193","87843","87843","87843","94","94","94","87824","87824","87824","","","","","",""
"5112160","156","136","180","87845","87844","87846","132.66666666666666","122","148","87826","87825","87827","","","","","",""
"5112168","","","","","","","124","124","124","87828","87828","87828","","","","","",""
"5112176","","","","","","","86","86","86","87829","87829","87829","","","","","",""
"5112192","136","136","136","87847","87847","87847","","","","","","","","","","","",""
"5112200","173","173","173","87848","87848","87848","","","","","","","","","","","",""
"5112240","196","196","196","87849","87849","87849","","","","","","","","","","","",""
"5138584","","","","","","","","","","","","","394","394","394","56416","56416","56416"
"5138592","","","","","","","","","","","","","439","439","439","56417","56417","56417"
"5138608","","","","","","","","","","","","","417","417","417","56418","56418","56418"
"5138624","","","","","","","","","","","","","413","413","413","56419","56419","56419"
"5138648","","","","","","","","","","","","","444","444","444","56420","56420","56420"
"5138672","","","","","","","","","","","","","385","385","385","56421","56421","56421"
"5138752","","","","","","","64","64","64","88298","88298","88298","","","","","",""
"5138768","158","158","158","88318","88318","88318","","","","","","","","","","","",""
"5138776","","","","","","","135","135","135","88299","88299","88299","","","","","",""
"5138784","","","","","","","130","130","130","88300","88300","88300","","","","","",""
"5138792","177","168","188","88320","88319","88321","123","94","141","88302","88301","88303","","","","","",""
"5138800","","","","","","","157","157","157","88304","88304","88304","","","","","",""
"5138808","","","","","","","103","103","103","88305","88305","88305","","","","","",""
"5138824","130","130","130","88322","88322","88322","","","","","","","","","","","",""
"5138832","148","148","148","88323","88323","88323","","","","","","","","","","","",""
"5138872","140","140","140","88324","88324","88324","","","","","","","","","","","",""
"5165216","","","","","","","","","","","","","196","196","196","56708","56708","56708"
"5165224","","","","","","","","","","","","","399","399","399","56709","56709","56709"
"5165384","","","","","","","117","117","117","88774","88774","88774","","","","","",""
"5165400","195","195","195","88793","88793","88793","","","","","","","","","","","",""
"5165408","333","333","333","88794","88794","88794","123","123","123","88775","88775","88775","","","","","",""
"5165416","","","","","","","126","126","126","88776","88776","88776","","","","","",""
"5165424","183","175","191","88795.5","88795","88796","122","83","170","88778","88777","88779","","","","","",""
"5165432","","","","","","","93","93","93","88780","88780","88780","","","","","",""
"5165440","","","","","","","115","115","115","88781","88781","88781","","","","","",""
"5165456","193","193","193","88797","88797","88797","","","","","","","","","","","",""
"5165464","151","151","151","88798","88798","88798","","","","","","","","","","","",""
"5165504","196","196","196","88799","88799","88799","","","","","","","","","","","",""
"5191840","","","","","","","","","","","","","730","730","730","56996","56996","56996"
"5191848","","","","","","","","","","","","","419","419","419","56997","56997","56997"
"5191864","","","","","","","","","","","","","427","427","427","56998","56998","56998"
"5191880","","","","","","","","","","","","","461","461","461","56999","56999","56999"
"5191904","","","","","","","","","","","","","373","373","373","57000","57000","57000"
"5191928","","","","","","","","","","","","","459","459","459","57001","57001","57001"
"5192016","","","","","","","83","83","83","89250","89250","89250","","","","","",""
"5192032","158","158","158","89268","89268","89268","","","","","","","","","","","",""
"5192040","183","183","183","89269","89269","89269","139","139","139","89251","89251","89251","","","","","",""
"5192048","304","304","304","89270","89270","89270","84","84","84","89252","89252","89252","","","","","",""
"5192056","159","156","162","89271.5","89271","89272","101","95","111","89254","89253","89255","","","","","",""
"5192064","","","","","","","99","99","99","89256","89256","89256","","","","","",""
"5192072","","","","","","","111","111","111","89257","89257","89257","","","","","",""
"5192088","129","129","129","89273","89273","89273","","","","","","","","","","","",""
"5192136","166","166","166","89274","89274","89274","","","","","","","","","","","",""
"5218472","","","","","","","","","","","","","439","439","439","57288","57288","57288"
"5218480","","","","","","","","","","","","","464","464","464","57289","57289","57289"
"5218536","","","","","","","","","","","","","173","173","173","57290","57290","57290"
"5218648","","","","","","","107","107","107","89726","89726","89726","","","","","",""
"5218672","","","","","","","116","116","116","89727","89727","89727","","","","","",""
"5218680","","","","","","","116","116","116","89728","89728","89728","","","","","",""
"5218688","","","","","","","126","116","137","89730","89729","89731","","","","","",""
"5218696","","","","","","","131","131","131","89732","89732","89732","","","","","",""
"5218704","","","","","","","150","150","150","89733","89733","89733","","","","","",""
"5245096","","","","","","","","","","","","","376","376","376","57577","57577","57577"
"5245104","","","","","","","","","","","","","438","438","438","57578","57578","57578"
"5245120","","","","","","","","","","","","","462","462","462","57579","57579","57579"
"5245136","","","","","","","","","","","","","383","383","383","57580","57580","57580"
"5245184","","","","","","","","","","","","","421","421","421","57581","57581","57581"
"5245280","","","","","","","118","118","118","90202","90202","90202","","","","","",""
"5245304","","","","","","","124","124","124","90203","90203","90203","","","","","",""
"5245312","","","","","","","100","100","100","90204","90204","90204","","","","","",""
"5245320","","","","","","","116","112","123","90206","90205","90207","","","","","",""
"5245328","","","","","","","142","142","142","90208","90208","90208","","","","","",""
"5245336","","","","","","","114","114","114","90209","90209","90209","","","","","",""
"5271728","","","","","","","","","","","","","427","427","427","57868","57868","57868"
"5271736","","","","","","","","","","","","","436","436","436","57869","57869","57869"
"5271752","","","","","","","","","","","","","196","196","196","57870","57870","57870"
"5271768","","","","","","","","","","","","","194","194","194","57871","57871","57871"
"5271792","","","","","","","","","","","","","401","401","401","57872","57872","57872"
"5271912","","","","","","","132","132","132","90678","90678","90678","","","","","",""
"5271936","","","","","","","133","133","133","90679","90679","90679","","","","","",""
"5271944","","","","","","","95","95","95","90680","90680","90680","","","","","",""
"5271952","","","","","","","134.33333333333334","111","170","90682","90681","90683","","","","","",""
"5271960","","","","","","","120","120","120","90684","90684","90684","","","","","",""
"5271968","","","","","","","104","104","104","90685","90685","90685","","","","","",""
"5298352","","","","","","","","","","","","","378","378","378","58159","58159","58159"
"5298360","","","","","","","","","","","","","390","390","390","58160","58160","58160"
"5298368","","","","","","","","","","","","","189","189","189","58161","58161","58161"
"5298440","","","","","","","","","","","","","441","441","441","58162","58162","58162"
"5298544","","","","","","","87","87","87","91154","91154","91154","","","","","",""
"5298568","","","","","","","106","106","106","91155","91155","91155","","","","","",""
"5298576","","","","","","","144","144","144","91156","91156","91156","","","","","",""
"5298584","","","","","","","133","126","139","91158","91157","91159","","","","","",""
"5298592","","","","","","","111","111","111","91160","91160","91160","","","","","",""
"5298600","","","","","","","125","125","125","91161","91161","91161","","","","","",""
"5324984","","","","","","","","","","","","","418","418","418","58449","58449","58449"
"5325008","","","","","","","","","","","","","400","400","400","58450","58450","58450"
"5325024","","","","","","","","","","","","","438","438","438","58451","58451","58451"
"5325048","","","","","","","","","","","","","436","436","436","58452","58452","58452"
"5325176","","","","","","","131","131","131","91630","91630","91630","","","","","",""
"5325200","","","","","","","145","145","145","91631","91631","91631","","","","","",""
"5325208","","","","","","","105","105","105","91632","91632","91632","","","","","",""
"5325216","","","","","","","141","129","157","91634","91633","91635","","","","","",""
"5325224","","","","","","","120","120","120","91636","91636","91636","","","","","",""
"5325232","","","","","","","121","121","121","91637","91637","91637","","","","","",""
"5351608","","","","","","","","","","","","","370","370","370","58739","58739","58739"
"5351616","","","","","","","","","","","","","481","481","481","58740","58740","58740"
"5351624","","","","","","","","","","","","","420","420","420","58741","58741","58741"
"5351640","","","","","","","","","","","","","193","193","193","58742","58742","58742"
"5351696","","","","","","","","","","","","","362","362","362","58743","58743","58743"
"5351808","","","","","","","142","142","142","92106","92106","92106","","","","","",""
"5351832","","","","","","","126","126","126","92107","92107","92107","","","","","",""
"5351840","","","","","","","124","124","124","92108","92108","92108","","","","","",""
"5351848","","","","","","","126","110","146","92110","92109","92111","","","","","",""
"5351856","","","","","","","138","138","138","92112","92112","92112","","","","","",""
"5351864","","","","","","","83","83","83","92113","92113","92113","","","","","",""
"5378240","","","","","","","","","","","","","400","400","400","59030","59030","59030"
"5378272","","","","","","","","","","","","","192","192","192","59031","59031","59031"
"5378280","","","","","","","","","","","","","388","388","388","59032","59032","59032"
"5378304","","","","","","","","","","","","","392","392","392","59033","59033","59033"
"5378440","","","","","","","103","103","103","92582","92582","92582","","","","","",""
"5378464","","","","","","","169","169","169","92583","92583","92583","","","","","",""
"5378472","","","","","","","142","142","142","92584","92584","92584","","","","","",""
"5378480","","","","","","","127.33333333333333","107","156","92586","92585","92587","","","","","",""
"5378488","","","","","","","124","124","124","92588","92588","92588","","","","","",""
"5378496","","","","","","","153","153","153","92589","92589","92589","","","","","",""
"5404864","","","","","","","","","","","","","375","375","375","59320","59320","59320"
"5404872","","","","","","","","","","","","","390","390","390","59321","59321","59321"
"5404880","","","","","","","","","","","","","379","379","379","59322","59322","59322"
"5404952","","","","","","","","","","","","","442","442","442","59323","59323","59323"
"5405072","","","","","","","145","145","145","93058","93058","93058","","","","","",""
"5405096","","","","","","","134","134","134","93059","93059","93059","","","","","",""
"5405104","","","","","","","147","147","147","93060","93060","93060","","","","","",""
"5405112","","","","","","","155","135","186","93062","93061","93063","","","","","",""
"5405120","","","","","","","154","154","154","93064","93064","93064","","","","","",""
"5405128","","","","","","","118","118","118","93065","93065","93065","","","","","",""
"5431496","","","","","","","","","","","","","389","389","389","59610","59610","59610"
"5431512","","","","","","","","","","","","","199","199","199","59611","59611","59611"
"5431528","","","","","","","","","","","","","362","362","362","59612","59612","59612"
"5431536","","","","","","","","","","","","","490","490","490","59613","59613","59613"
"5431560","","","","","","","","","","","","","441","441","441","59614","59614","59614"
"5431704","","","","","","","139","139","139","93534","93534","93534","","","","","",""
"5431728","","","","","","","128","128","128","93535","93535","93535","","","","","",""
"5431736","","","","","","","137","137","137","93536","93536","93536","","","","","",""
"5431744","","","","","","","116","107","122","93538","93537","93539","","","","","",""
"5431752","","","","","","","115","115","115","93540","93540","93540","","","","","",""
"5431760","","","","","","","132","132","132","93541","93541","93541","","","","","",""
"5458120","","","","","","","","","","","","","453","453","453","59901","59901","59901"
"5458128","","","","","","","","","","","","","295.5","181","410","59902.5","59902","59903"
"5458144","","","","","","","","","","","","","185","185","185","59904","59904","59904"
"5458192","","","","","","","","","","","","","190","190","190","59905","59905","59905"
"5458208","","","","","","","","","","","","","389","389","389","59906","59906","59906"
"5458336","","","","","","","122","122","122","94010","94010","94010","","","","","",""
"5458360","","","","","","","141","141","141","94011","94011","94011","","","","","",""
"5458368","","","","","","","176","176","176","94012","94012","94012","","","","","",""
"5458376","","","","","","","140","134","149","94014","94013","94015","","","","","",""
"5458384","","","","","","","127","127","127","94016","94016","94016","","","","","",""
"5458392","","","","","","","111","111","111","94017","94017","94017","","","","","",""
"5484784","","","","","","","","","","","","","387","387","387","60193","60193","60193"
"5484792","","","","","","","","","","","","","371","371","371","60194","60194","60194"
"5484840","","","","","","","","","","","","","198","198","198","60195","60195","60195"
"5484968","","","","","","","154","154","154","94486","94486","94486","","","","","",""
"5484992","","","","","","","153","153","153","94487","94487","94487","","","","","",""
"5485000","","","","","","","134","134","134","94488","94488","94488","","","","","",""
"5485008","","","","","","","150.66666666666666","138","158","94490","94489","94491","","","","","",""
"5485016","","","","","","","154","154","154","94492","94492","94492","","","","","",""
"5485024","","","","","","","144","144","144","94493","94493","94493","","","","","",""
"5511376","","","","","","","","","","","","","444","444","444","60482","60482","60482"
"5511384","","","","","","","","","","","","","380.5","377","384","60483.5","60483","60484"
"5511400","","","","","","","","","","","","","335","335","335","60485","60485","60485"
"5511416","","","","","","","","","","","","","170","170","170","60486","60486","60486"
"5511424","","","","","","","","","","","","","174","174","174","60487","60487","60487"
"5511448","","","","","","","","","","","","","393","393","393","60488","60488","60488"
"5511472","","","","","","","","","","","","","175","175","175","60489","60489","60489"
"5511624","","","","","","","130","130","130","94962","94962","94962","","","","","",""
"5511632","","","","","","","136","136","136","94963","94963","94963","","","","","",""
"5511640","","","","","","","156","131","171","94965","94964","94966","","","","","",""
"5511648","","","","","","","142","142","142","94967","94967","94967","","","","","",""
"5511656","","","","","","","130","130","130","94968","94968","94968","","","","","",""
"5538008","","","","","","","","","","","","","147","147","147","60776","60776","60776"
"5538016","","","","","","","","","","","","","195","195","195","60777","60777","60777"
"5538032","","","","","","","","","","","","","183","183","183","60778","60778","60778"
"5538048","","","","","","","","","","","","","192","192","192","60779","60779","60779"
"5538224","","","","","","","305","305","305","95437","95437","95437","","","","","",""
"5538256","","","","","","","152","152","152","95438","95438","95438","","","","","",""
"5538264","","","","","","","110","110","110","95439","95439","95439","","","","","",""
"5538272","","","","","","","131.66666666666666","106","147","95441","95440","95442","","","","","",""
"5538280","","","","","","","143","143","143","95443","95443","95443","","","","","",""
"5538288","","","","","","","129","129","129","95444","95444","95444","","","","","",""
"5564640","","","","","","","","","","","","","427","427","427","61066","61066","61066"
"5564648","","","","","","","","","","","","","191","191","191","61067","61067","61067"
"5564680","","","","","","","","","","","","","315.5","199","432","61068.5","61068","61069"
"5564704","","","","","","","","","","","","","372","372","372","61070","61070","61070"
"5564728","","","","","","","","","","","","","446","446","446","61071","61071","61071"
"5564856","","","","","","","127","127","127","95913","95913","95913","","","","","",""
"5564888","","","","","","","146","146","146","95914","95914","95914","","","","","",""
"5564896","","","","","","","170","170","170","95915","95915","95915","","","","","",""
"5564904","","","","","","","173","137","191","95917","95916","95918","","","","","",""
"5564912","","","","","","","179","179","179","95919","95919","95919","","","","","",""
"5564920","","","","","","","139","139","139","95920","95920","95920","","","","","",""
"5591264","","","","","","","","","","","","","416","416","416","61358","61358","61358"
"5591272","","","","","","","","","","","","","195","195","195","61359","61359","61359"
"5591288","","","","","","","","","","","","","413","413","413","61360","61360","61360"
"5591312","","","","","","","","","","","","","189","181","197","61361.5","61361","61362"
"5591336","","","","","","","","","","","","","196","196","196","61363","61363","61363"
"5591488","","","","","","","144","144","144","96389","96389","96389","","","","","",""
"5591520","","","","","","","156","156","156","96390","96390","96390","","","","","",""
"5591528","","","","","","","167","167","167","96391","96391","96391","","","","","",""
"5591536","","","","","","","151","131","173","96393","96392","96394","","","","","",""
"5591544","","","","","","","132","132","132","96395","96395","96395","","","","","",""
"5591552","","","","","","","177","177","177","96396","96396","96396","","","","","",""
"5617904","","","","","","","","","","","","","450","450","450","61650","61650","61650"
"5617944","","","","","","","","","","","","","180.5","177","184","61651.5","61651","61652"
"5617984","","","","","","","","","","","","","398","398","398","61653","61653","61653"
"5618120","","","","","","","155","155","155","96865","96865","96865","","","","","",""
"5618152","","","","","","","158","158","158","96866","96866","96866","","","","","",""
"5618160","","","","","","","197","197","197","96867","96867","96867","","","","","",""
"5618168","","","","","","","166.33333333333334","152","185","96869","96868","96870","","","","","",""
"5618176","","","","","","","185","185","185","96871","96871","96871","","","","","",""
"5618184","","","","","","","180","180","180","96872","96872","96872","","","","","",""
"5644520","","","","","","","","","","","","","388","388","388","61940","61940","61940"
"5644528","","","","","","","","","","","","","417","417","417","61941","61941","61941"
"5644544","","","","","","","","","","","","","346","346","346","61942","61942","61942"
"5644576","","","","","","","","","","","","","196","196","196","61943","61943","61943"
"5644592","","","","","","","","","","","","","388","388","388","61944","61944","61944"
"5644616","","","","","","","","","","","","","186","186","186","61945","61945","61945"
"5644752","","","","","","","173","173","173","97341","97341","97341","","","","","",""
"5644784","","","","","","","165","165","165","97342","97342","97342","","","","","",""
"5644792","","","","","","","147","147","147","97343","97343","97343","","","","","",""
"5644800","","","","","","","158","158","158","97344","97344","97344","","","","","",""
"5644808","","","","","","","174","174","174","97345","97345","97345","","","","","",""
"5644816","","","","","","","140","140","140","97346","97346","97346","","","","","",""
"5671160","","","","","","","","","","","","","387","387","387","62232","62232","62232"
"5671176","","","","","","","","","","","","","182","182","182","62233","62233","62233"
"5671200","","","","","","","","","","","","","484","484","484","62234","62234","62234"
"5671208","","","","","","","","","","","","","162","162","162","62235","62235","62235"
"5671384","","","","","","","164","164","164","97815","97815","97815","","","","","",""
"5671424","","","","","","","361.5","358","365","97816.5","97816","97817","","","","","",""
"5671432","","","","","","","128","128","128","97818","97818","97818","","","","","",""
"5671440","","","","","","","116","116","116","97819","97819","97819","","","","","",""
"5671448","","","","","","","153","153","153","97820","97820","97820","","","","","",""
"5697776","","","","","","","","","","","","","390","390","390","62522","62522","62522"
"5697784","","","","","","","","","","","","","377","377","377","62523","62523","62523"
"5697848","","","","","","","","","","","","","431","431","431","62524","62524","62524"
"5697872","","","","","","","","","","","","","470","470","470","62525","62525","62525"
"5698016","","","","","","","163","163","163","98289","98289","98289","","","","","",""
"5698040","","","","","","","374","374","374","98290","98290","98290","","","","","",""
"5698048","","","","","","","393","393","393","98291","98291","98291","","","","","",""
"5698056","","","","","","","177","167","187","98292.5","98292","98293","","","","","",""
"5698072","","","","","","","176","176","176","98294","98294","98294","","","","","",""
"5698080","","","","","","","167","167","167","98295","98295","98295","","","","","",""
"5724416","","","","","","","","","","","","","412","412","412","62812","62812","62812"
"5724432","","","","","","","","","","","","","436","436","436","62813","62813","62813"
"5724456","","","","","","","","","","","","","463","463","463","62814","62814","62814"
"5724464","","","","","","","","","","","","","462","462","462","62815","62815","62815"
"5724480","","","","","","","","","","","","","161","161","161","62816","62816","62816"
"5724648","","","","","","","182","182","182","98764","98764","98764","","","","","",""
"5724672","","","","","","","197","197","197","98765","98765","98765","","","","","",""
"5724680","","","","","","","164","164","164","98766","98766","98766","","","","","",""
"5724688","","","","","","","229","180","323","98768","98767","98769","","","","","",""
"5751032","","","","","","","","","","","","","428","428","428","63103","63103","63103"
"5751040","","","","","","","","","","","","","387","387","387","63104","63104","63104"
"5751048","","","","","","","","","","","","","196","196","196","63105","63105","63105"
"5751064","","","","","","","","","","","","","195","195","195","63106","63106","63106"
"5751088","","","","","","","","","","","","","198","198","198","63107","63107","63107"
"5751112","","","","","","","","","","","","","166","166","166","63108","63108","63108"
"5751128","","","","","","","","","","","","","454","454","454","63109","63109","63109"
"5751312","","","","","","","131","131","131","99238","99238","99238","","","","","",""
"5751320","","","","","","","172.33333333333334","160","180","99240","99239","99241","","","","","",""
"5751328","","","","","","","353","353","353","99242","99242","99242","","","","","",""
"5751336","","","","","","","360","360","360","99243","99243","99243","","","","","",""
"5777720","","","","","","","","","","","","","391","391","391","63396","63396","63396"
"5777760","","","","","","","","","","","","","199","199","199","63397","63397","63397"
"5777904","","","","","","","375","375","375","99712","99712","99712","","","","","",""
"5777928","","","","","","","401","401","401","99713","99713","99713","","","","","",""
"5777952","","","","","","","187","187","187","99714","99714","99714","","","","","",""
"5777968","","","","","","","168","168","168","99715","99715","99715","","","","","",""
"5804288","","","","","","","","","","","","","410","410","410","63684","63684","63684"
"5804296","","","","","","","","","","","","","477","477","477","63685","63685","63685"
"5804304","","","","","","","","","","","","","355","355","355","63686","63686","63686"
"5804320","","","","","","","","","","","","","468","468","468","63687","63687","63687"
"5804368","","","","","","","","","","","","","458","458","458","63688","63688","63688"
"5804536","","","","","","","183","183","183","100184","100184","100184","","","","","",""
"5804560","","","","","","","173","173","173","100185","100185","100185","","","","","",""
"5804568","","","","","","","407","407","407","100186","100186","100186","","","","","",""
"5804576","","","","","","","368","358","378","100187.5","100187","100188","","","","","",""
"5804584","","","","","","","308.5","197","420","100189.5","100189","100190","","","","","",""
"5804600","","","","","","","180","180","180","100191","100191","100191","","","","","",""
"5830968","","","","","","","","","","","","","746","746","746","63975","63975","63975"
"5830976","","","","","","","","","","","","","385","385","385","63976","63976","63976"
"5831016","","","","","","","","","","","","","445","445","445","63977","63977","63977"
"5831168","","","","","","","186","186","186","100660","100660","100660","","","","","",""
"5831208","","","","","","","177.5","159","196","100661.5","100661","100662","","","","","",""
"5831216","","","","","","","187","187","187","100663","100663","100663","","","","","",""
"5857544","","","","","","","","","","","","","407","407","407","64264","64264","64264"
"5857552","","","","","","","","","","","","","412","412","412","64265","64265","64265"
"5857560","","","","","","","","","","","","","412","412","412","64266","64266","64266"
"5857576","","","","","","","","","","","","","460","460","460","64267","64267","64267"
"5857624","","","","","","","","","","","","","457","457","457","64268","64268","64268"
"5857816","","","","","","","350","350","350","101132","101132","101132","","","","","",""
"5857824","","","","","","","310","310","310","101133","101133","101133","","","","","",""
"5857840","","","","","","","251.33333333333334","158","426","101135","101134","101136","","","","","",""
"5857848","","","","","","","185","185","185","101137","101137","101137","","","","","",""
"5857856","","","","","","","330","330","330","101138","101138","101138","","","","","",""
"5884192","","","","","","","","","","","","","176","176","176","64555","64555","64555"
"5884224","","","","","","","","","","","","","459","459","459","64556","64556","64556"
"5884232","","","","","","","","","","","","","374","374","374","64557","64557","64557"
"5884272","","","","","","","","","","","","","458","458","458","64558","64558","64558"
"5884424","","","","","","","357","357","357","101607","101607","101607","","","","","",""
"5884448","","","","","","","163","163","163","101608","101608","101608","","","","","",""
"5884456","","","","","","","173","173","173","101609","101609","101609","","","","","",""
"5884472","","","","","","","166","154","187","101611","101610","101612","","","","","",""
"5884488","","","","","","","156","156","156","101613","101613","101613","","","","","",""
"5910800","","","","","","","","","","","","","485","485","485","64845","64845","64845"
"5910808","","","","","","","","","","","","","369","369","369","64846","64846","64846"
"5910832","","","","","","","","","","","","","423","423","423","64847","64847","64847"
"5910856","","","","","","","","","","","","","187","187","187","64848","64848","64848"
"5910880","","","","","","","","","","","","","405","405","405","64849","64849","64849"
"5911080","","","","","","","191","191","191","102082","102082","102082","","","","","",""
"5911088","","","","","","","167","167","167","102083","102083","102083","","","","","",""
"5911104","","","","","","","220","142","321","102085","102084","102086","","","","","",""
"5937488","","","","","","","","","","","","","428","428","428","65136","65136","65136"
"5937528","","","","","","","","","","","","","445","445","445","65137","65137","65137"
"5937680","","","","","","","387","387","387","102555","102555","102555","","","","","",""
"5937712","","","","","","","197","197","197","102556","102556","102556","","","","","",""
"5937728","","","","","","","361","361","361","102557","102557","102557","","","","","",""
"5937736","","","","","","","182.33333333333334","176","193","102559","102558","102560","","","","","",""
"5937744","","","","","","","377","377","377","102561","102561","102561","","","","","",""
"5964056","","","","","","","","","","","","","448","448","448","65424","65424","65424"
"5964064","","","","","","","","","","","","","428","428","428","65425","65425","65425"
"5964072","","","","","","","","","","","","","659","659","659","65426","65426","65426"
"5964088","","","","","","","","","","","","","378","378","378","65427","65427","65427"
"5964112","","","","","","","","","","","","","386","386","386","65428","65428","65428"
"5964136","","","","","","","","","","","","","424","424","424","65429","65429","65429"
"5964160","","","","","","","","","","","","","189","189","189","65430","65430","65430"
"5964312","","","","","","","181","181","181","103030","103030","103030","","","","","",""
"5964344","","","","","","","357","357","357","103031","103031","103031","","","","","",""
"5964360","","","","","","","187","187","187","103032","103032","103032","","","","","",""
"5964368","","","","","","","182.33333333333334","174","198","103034","103033","103035","","","","","",""
"5990744","","","","","","","","","","","","","314.5","195","434","65717.5","65717","65718"
"5990944","","","","","","","164","164","164","103504","103504","103504","","","","","",""
"5990968","","","","","","","387","387","387","103505","103505","103505","","","","","",""
"5990992","","","","","","","160","160","160","103506","103506","103506","","","","","",""
"5991000","","","","","","","249.5","172","327","103507.5","103507","103508","","","","","",""
"6017312","","","","","","","","","","","","","426","426","426","66005","66005","66005"
"6017320","","","","","","","","","","","","","403","403","403","66006","66006","66006"
"6017344","","","","","","","","","","","","","361","361","361","66007","66007","66007"
"6017416","","","","","","","","","","","","","488","488","488","66008","66008","66008"
"6017576","","","","","","","188","188","188","103977","103977","103977","","","","","",""
"6017600","","","","","","","449","449","449","103978","103978","103978","","","","","",""
"6017624","","","","","","","377","367","387","103979.5","103979","103980","","","","","",""
"6017632","","","","","","","195","195","195","103981","103981","103981","","","","","",""
"6043952","","","","","","","","","","","","","698","698","698","66295","66295","66295"
"6044000","","","","","","","","","","","","","419","415","423","66296.5","66296","66297"
"6044016","","","","","","","","","","","","","647","647","647","66298","66298","66298"
"6044208","","","","","","","196","196","196","104450","104450","104450","","","","","",""
"6044224","","","","","","","342","342","342","104451","104451","104451","","","","","",""
"6044248","","","","","","","380","380","380","104452","104452","104452","","","","","",""
"6044256","","","","","","","219","126","338","104454","104453","104455","","","","","",""
"6070568","","","","","","","","","","","","","443","443","443","66585","66585","66585"
"6070576","","","","","","","","","","","","","423","423","423","66586","66586","66586"
"6070600","","","","","","","","","","","","","414","414","414","66587","66587","66587"
"6070672","","","","","","","","","","","","","434","434","434","66588","66588","66588"
"6070840","","","","","","","180","180","180","104924","104924","104924","","","","","",""
"6070856","","","","","","","258","150","366","104925.5","104925","104926","","","","","",""
"6070880","","","","","","","191","191","191","104927","104927","104927","","","","","",""
"6070888","","","","","","","194","129","360","104929.5","104928","104931","","","","","",""
"6097208","","","","","","","","","","","","","437","437","437","66875","66875","66875"
"6097256","","","","","","","","","","","","","444.5","411","478","66876.5","66876","66877"
"6097272","","","","","","","","","","","","","433","433","433","66878","66878","66878"
"6097488","","","","","","","176","161","191","105400.5","105400","105401","","","","","",""
"6097512","","","","","","","173","173","173","105402","105402","105402","","","","","",""
"6097520","","","","","","","181","162","195","105404","105403","105405","","","","","",""
"6123824","","","","","","","","","","","","","418","418","418","67165","67165","67165"
"6123832","","","","","","","","","","","","","419","419","419","67166","67166","67166"
"6123840","","","","","","","","","","","","","181","181","181","67167","67167","67167"
"6123856","","","","","","","","","","","","","369","369","369","67168","67168","67168"
"6123928","","","","","","","","","","","","","390","390","390","67169","67169","67169"
"6124096","","","","","","","383","383","383","105874","105874","105874","","","","","",""
"6124120","","","","","","","185","179","191","105875.5","105875","105876","","","","","",""
"6124144","","","","","","","363","363","363","105877","105877","105877","","","","","",""
"6124152","","","","","","","177.5","164","191","105878.5","105878","105879","","","","","",""
"6150488","","","","","","","","","","","","","197","197","197","67456","67456","67456"
"6150512","","","","","","","","","","","","","428.5","408","449","67457.5","67457","67458"
"6150528","","","","","","","","","","","","","488","488","488","67459","67459","67459"
"6150728","","","","","","","181","181","181","106348","106348","106348","","","","","",""
"6150752","","","","","","","165","154","176","106349.5","106349","106350","","","","","",""
"6150768","","","","","","","319","319","319","106351","106351","106351","","","","","",""
"6150776","","","","","","","265","182","348","106352.5","106352","106353","","","","","",""
"6150784","","","","","","","184","182","186","106354.5","106354","106355","","","","","",""
"6177080","","","","","","","","","","","","","383","383","383","67746","67746","67746"
"6177088","","","","","","","","","","","","","389","389","389","67747","67747","67747"
"6177096","","","","","","","","","","","","","401","401","401","67748","67748","67748"
"6177184","","","","","","","","","","","","","415","415","415","67749","67749","67749"
"6177360","","","","","","","182","182","182","106824","106824","106824","","","","","",""
"6177384","","","","","","","181","181","181","106825","106825","106825","","","","","",""
"6177400","","","","","","","188","188","188","106826","106826","106826","","","","","",""
"6177408","","","","","","","147","147","147","106827","106827","106827","","","","","",""
"6177416","","","","","","","171","171","171","106828","106828","106828","","","","","",""
"6203744","","","","","","","","","","","","","428","428","428","68036","68036","68036"
"6203768","","","","","","","","","","","","","420","413","427","68037.5","68037","68038"
"6203784","","","","","","","","","","","","","454","454","454","68039","68039","68039"
"6203992","","","","","","","177","177","177","107297","107297","107297","","","","","",""
"6204008","","","","","","","286","286","286","107298","107298","107298","","","","","",""
"6204016","","","","","","","163","163","163","107299","107299","107299","","","","","",""
"6204032","","","","","","","288","193","383","107300.5","107300","107301","","","","","",""
"6204040","","","","","","","282","189","375","107302.5","107302","107303","","","","","",""
"6204048","","","","","","","151","151","151","107304","107304","107304","","","","","",""
"6230336","","","","","","","","","","","","","441","441","441","68326","68326","68326"
"6230344","","","","","","","","","","","","","395","395","395","68327","68327","68327"
"6230352","","","","","","","","","","","","","447","447","447","68328","68328","68328"
"6230376","","","","","","","","","","","","","162","162","162","68329","68329","68329"
"6230400","","","","","","","","","","","","","170","170","170","68330","68330","68330"
"6230440","","","","","","","","","","","","","432","432","432","68331","68331","68331"
"6230624","","","","","","","146","146","146","107773","107773","107773","","","","","",""
"6230640","","","","","","","135","135","135","107774","107774","107774","","","","","",""
"6230648","","","","","","","137","137","137","107775","107775","107775","","","","","",""
"6230664","","","","","","","148.5","145","152","107776.5","107776","107777","","","","","",""
"6230672","","","","","","","142","135","149","107778.5","107778","107779","","","","","",""
"6257024","","","","","","","","","","","","","367","367","367","68618","68618","68618"
"6257040","","","","","","","","","","","","","422","422","422","68619","68619","68619"
"6257256","","","","","","","158","158","158","108248","108248","108248","","","","","",""
"6257280","","","","","","","141","141","141","108249","108249","108249","","","","","",""
"6257296","","","","","","","192","189","195","108250.5","108250","108251","","","","","",""
"6257304","","","","","","","257.5","153","362","108252.5","108252","108253","","","","","",""
"6283592","","","","","","","","","","","","","440","440","440","68906","68906","68906"
"6283600","","","","","","","","","","","","","445","445","445","68907","68907","68907"
"6283608","","","","","","","","","","","","","383","383","383","68908","68908","68908"
"6283632","","","","","","","","","","","","","456","456","456","68909","68909","68909"
"6283656","","","","","","","","","","","","","465","465","465","68910","68910","68910"
"6283696","","","","","","","","","","","","","434","434","434","68911","68911","68911"
"6283888","","","","","","","195","195","195","108722","108722","108722","","","","","",""
"6283896","","","","","","","340","340","340","108723","108723","108723","","","","","",""
"6283912","","","","","","","179","179","179","108724","108724","108724","","","","","",""
"6283928","","","","","","","257.3333333333333","152","436","108726","108725","108727","","","","","",""
"6283936","","","","","","","194","194","194","108728","108728","108728","","","","","",""
"6310280","","","","","","","","","","","","","458","458","458","69198","69198","69198"
"6310288","","","","","","","","","","","","","199","199","199","69199","69199","69199"
"6310296","","","","","","","","","","","","","400","400","400","69200","69200","69200"
"6310528","","","","","","","176","176","176","109197","109197","109197","","","","","",""
"6310560","","","","","","","449","449","449","109198","109198","109198","","","","","",""
"6310568","","","","","","","169","169","169","109199","109199","109199","","","","","",""
"6336848","","","","","","","","","","","","","368","368","368","69487","69487","69487"
"6336856","","","","","","","","","","","","","405","405","405","69488","69488","69488"
"6336864","","","","","","","","","","","","","378","378","378","69489","69489","69489"
"6336888","","","","","","","","","","","","","440","440","440","69490","69490","69490"
"6336952","","","","","","","","","","","","","479","479","479","69491","69491","69491"
"6337144","","","","","","","405","405","405","109668","109668","109668","","","","","",""
"6337168","","","","","","","361","361","361","109669","109669","109669","","","","","",""
"6337184","","","","","","","359.6666666666667","354","366","109671","109670","109672","","","","","",""
"6337192","","","","","","","197","197","197","109673","109673","109673","","","","","",""
"6363536","","","","","","","","","","","","","435","435","435","69778","69778","69778"
"6363544","","","","","","","","","","","","","407","407","407","69779","69779","69779"
"6363552","","","","","","","","","","","","","316","316","316","69780","69780","69780"
"6363784","","","","","","","385","385","385","110142","110142","110142","","","","","",""
"6363816","","","","","","","197.5","196","199","110143.5","110143","110144","","","","","",""
"6363824","","","","","","","346","346","346","110145","110145","110145","","","","","",""
"6390104","","","","","","","","","","","","","422","422","422","70067","70067","70067"
"6390112","","","","","","","","","","","","","445","445","445","70068","70068","70068"
"6390120","","","","","","","","","","","","","480","480","480","70069","70069","70069"
"6390208","","","","","","","","","","","","","438","438","438","70070","70070","70070"
"6390400","","","","","","","379","379","379","110614","110614","110614","","","","","",""
"6390416","","","","","","","183","183","183","110615","110615","110615","","","","","",""
"6390424","","","","","","","410","410","410","110616","110616","110616","","","","","",""
"6390440","","","","","","","382","382","382","110617","110617","110617","","","","","",""
"6390448","","","","","","","398","398","398","110618","110618","110618","","","","","",""
"6416768","","","","","","","","","","","","","711","711","711","70357","70357","70357"
"6416792","","","","","","","","","","","","","444","444","444","70358","70358","70358"
"6416800","","","","","","","","","","","","","414","414","414","70359","70359","70359"
"6416808","","","","","","","","","","","","","377","377","377","70360","70360","70360"
"6417056","","","","","","","179","179","179","111087","111087","111087","","","","","",""
"6417072","","","","","","","394.5","390","399","111088.5","111088","111089","","","","","",""
"6417080","","","","","","","420","420","420","111090","111090","111090","","","","","",""
"6443360","","","","","","","","","","","","","452","452","452","70647","70647","70647"
"6443368","","","","","","","","","","","","","422","422","422","70648","70648","70648"
"6443376","","","","","","","","","","","","","371","371","371","70649","70649","70649"
"6443464","","","","","","","","","","","","","410","410","410","70650","70650","70650"
"6443656","","","","","","","390","390","390","111559","111559","111559","","","","","",""
"6443672","","","","","","","363","363","363","111560","111560","111560","","","","","",""
"6443696","","","","","","","352","352","352","111561","111561","111561","","","","","",""
"6443704","","","","","","","374","374","374","111562","111562","111562","","","","","",""
"6470024","","","","","","","","","","","","","446","446","446","70937","70937","70937"
"6470048","","","","","","","","","","","","","419","419","419","70938","70938","70938"
"6470056","","","","","","","","","","","","","428","428","428","70939","70939","70939"
"6470064","","","","","","","","","","","","","407","407","407","70940","70940","70940"
"6470304","","","","","","","186","186","186","112031","112031","112031","","","","","",""
"6470312","","","","","","","335","335","335","112032","112032","112032","","","","","",""
"6470328","","","","","","","369","320","418","112033.5","112033","112034","","","","","",""
"6470336","","","","","","","363","363","363","112035","112035","112035","","","","","",""
"6496616","","","","","","","","","","","","","497","497","497","71227","71227","71227"
"6496624","","","","","","","","","","","","","466","466","466","71228","71228","71228"
"6496632","","","","","","","","","","","","","450","450","450","71229","71229","71229"
"6496656","","","","","","","","","","","","","171","171","171","71230","71230","71230"
"6496720","","","","","","","","","","","","","421","421","421","71231","71231","71231"
"6496912","","","","","","","418","418","418","112504","112504","112504","","","","","",""
"6496936","","","","","","","192","192","192","112505","112505","112505","","","","","",""
"6496952","","","","","","","359","359","359","112506","112506","112506","","","","","",""
"6496960","","","","","","","372","372","372","112507","112507","112507","","","","","",""
"6523264","","","","","","","","","","","","","186","186","186","71518","71518","71518"
"6523304","","","","","","","","","","","","","428","428","428","71519","71519","71519"
"6523312","","","","","","","","","","","","","471","471","471","71520","71520","71520"
"6523320","","","","","","","","","","","","","421","421","421","71521","71521","71521"
"6523568","","","","","","","342","342","342","112976","112976","112976","","","","","",""
"6523584","","","","","","","389","383","395","112977.5","112977","112978","","","","","",""
"6523592","","","","","","","438","438","438","112979","112979","112979","","","","","",""
"6549872","","","","","","","","","","","","","381","381","381","71808","71808","71808"
"6549880","","","","","","","","","","","","","449","449","449","71809","71809","71809"
"6549912","","","","","","","","","","","","","441","441","441","71810","71810","71810"
"6549976","","","","","","","","","","","","","435","435","435","71811","71811","71811"
"6550168","","","","","","","409","409","409","113448","113448","113448","","","","","",""
"6550192","","","","","","","454","454","454","113449","113449","113449","","","","","",""
"6550200","","","","","","","196","196","196","113450","113450","113450","","","","","",""
"6550208","","","","","","","410","410","410","113451","113451","113451","","","","","",""
"6550216","","","","","","","275","192","358","113452.5","113452","113453","","","","","",""
"6576520","","","","","","","","","","","","","379","379","379","72098","72098","72098"
"6576568","","","","","","","","","","","","","457","457","457","72099","72099","72099"
"6576576","","","","","","","","","","","","","391","391","391","72100","72100","72100"
"6576824","","","","","","","188","188","188","113922","113922","113922","","","","","",""
"6576840","","","","","","","374","374","374","113923","113923","113923","","","","","",""
"6576848","","","","","","","282.5","193","372","113924.5","113924","113925","","","","","",""
"6603128","","","","","","","","","","","","","473","473","473","72387","72387","72387"
"6603136","","","","","","","","","","","","","377","377","377","72388","72388","72388"
"6603168","","","","","","","","","","","","","396","396","396","72389","72389","72389"
"6603184","","","","","","","","","","","","","650","650","650","72390","72390","72390"
"6603232","","","","","","","","","","","","","431","431","431","72391","72391","72391"
"6603424","","","","","","","358","358","358","114394","114394","114394","","","","","",""
"6603456","","","","","","","450","450","450","114395","114395","114395","","","","","",""
"6603464","","","","","","","385","385","385","114396","114396","114396","","","","","",""
"6603472","","","","","","","403","403","403","114397","114397","114397","","","","","",""
"6603480","","","","","","","195","195","195","114398","114398","114398","","","","","",""
"6629776","","","","","","","","","","","","","408","408","408","72678","72678","72678"
"6629824","","","","","","","","","","","","","391","391","391","72679","72679","72679"
"6629832","","","","","","","","","","","","","420","420","420","72680","72680","72680"
"6630080","","","","","","","425","425","425","114867","114867","114867","","","","","",""
"6630096","","","","","","","465","465","465","114868","114868","114868","","","","","",""
"6630104","","","","","","","383","383","383","114869","114869","114869","","","","","",""
"6630112","","","","","","","195","195","195","114870","114870","114870","","","","","",""
"6656384","","","","","","","","","","","","","452","452","452","72967","72967","72967"
"6656392","","","","","","","","","","","","","438","438","438","72968","72968","72968"
"6656424","","","","","","","","","","","","","392","392","392","72969","72969","72969"
"6656440","","","","","","","","","","","","","406","406","406","72970","72970","72970"
"6656456","","","","","","","","","","","","","190","190","190","72971","72971","72971"
"6656488","","","","","","","","","","","","","461","461","461","72972","72972","72972"
"6656680","","","","","","","357","357","357","115339","115339","115339","","","","","",""
"6656712","","","","","","","385","385","385","115340","115340","115340","","","","","",""
"6656720","","","","","","","381","381","381","115341","115341","115341","","","","","",""
"6656728","","","","","","","278.5","157","400","115342.5","115342","115343","","","","","",""
"6656736","","","","","","","173","173","173","115344","115344","115344","","","","","",""
"6683032","","","","","","","","","","","","","453","453","453","73259","73259","73259"
"6683088","","","","","","","","","","","","","473","473","473","73260","73260","73260"
"6683336","","","","","","","382","382","382","115813","115813","115813","","","","","",""
"6683344","","","","","","","195","195","195","115814","115814","115814","","","","","",""
"6683352","","","","","","","184","184","184","115815","115815","115815","","","","","",""
"6683368","","","","","","","424","424","424","115816","115816","115816","","","","","",""
"6709640","","","","","","","","","","","","","423","423","423","73547","73547","73547"
"6709648","","","","","","","","","","","","","469","469","469","73548","73548","73548"
"6709680","","","","","","","","","","","","","439","439","439","73549","73549","73549"
"6709696","","","","","","","","","","","","","480","480","480","73550","73550","73550"
"6709712","","","","","","","","","","","","","453","453","453","73551","73551","73551"
"6709744","","","","","","","","","","","","","427","427","427","73552","73552","73552"
"6709936","","","","","","","355","355","355","116285","116285","116285","","","","","",""
"6709968","","","","","","","183","183","183","116286","116286","116286","","","","","",""
"6709984","","","","","","","404","346","462","116287.5","116287","116288","","","","","",""
"6709992","","","","","","","434","434","434","116289","116289","116289","","","","","",""
"6710000","","","","","","","193","193","193","116290","116290","116290","","","","","",""
"6736288","","","","","","","","","","","","","458","458","458","73839","73839","73839"
"6736344","","","","","","","","","","","","","434","434","434","73840","73840","73840"
"6736568","","","","","","","160","160","160","116759","116759","116759","","","","","",""
"6736600","","","","","","","270","162","378","116760.5","116760","116761","","","","","",""
"6736608","","","","","","","370","370","370","116762","116762","116762","","","","","",""
"6736616","","","","","","","170.5","144","197","116763.5","116763","116764","","","","","",""
"6762896","","","","","","","","","","","","","391","391","391","74127","74127","74127"
"6762904","","","","","","","","","","","","","488","488","488","74128","74128","74128"
"6762936","","","","","","","","","","","","","497","497","497","74129","74129","74129"
"6762952","","","","","","","","","","","","","455","455","455","74130","74130","74130"
"6762968","","","","","","","","","","","","","358","358","358","74131","74131","74131"
"6763000","","","","","","","","","","","","","444","444","444","74132","74132","74132"
"6763200","","","","","","","189","189","189","117233","117233","117233","","","","","",""
"6763232","","","","","","","193","193","193","117234","117234","117234","","","","","",""
"6763248","","","","","","","298","182","414","117235.5","117235","117236","","","","","",""
"6763256","","","","","","","394","394","394","117237","117237","117237","","","","","",""
"6789544","","","","","","","","","","","","","421","421","421","74419","74419","74419"
"6789600","","","","","","","","","","","","","402","402","402","74420","74420","74420"
"6789832","","","","","","","193","193","193","117706","117706","117706","","","","","",""
"6789856","","","","","","","372","372","372","117707","117707","117707","","","","","",""
"6789864","","","","","","","283.5","174","393","117708.5","117708","117709","","","","","",""
"6789872","","","","","","","402","402","402","117710","117710","117710","","","","","",""
"6816152","","","","","","","","","","","","","443","443","443","74707","74707","74707"
"6816160","","","","","","","","","","","","","432","432","432","74708","74708","74708"
"6816192","","","","","","","","","","","","","385","385","385","74709","74709","74709"
"6816208","","","","","","","","","","","","","451","451","451","74710","74710","74710"
"6816224","","","","","","","","","","","","","396","396","396","74711","74711","74711"
"6816256","","","","","","","","","","","","","462","462","462","74712","74712","74712"
"6816464","","","","","","","194","194","194","118179","118179","118179","","","","","",""
"6816488","","","","","","","185","185","185","118180","118180","118180","","","","","",""
"6816504","","","","","","","427.5","396","459","118181.5","118181","118182","","","","","",""
"6816512","","","","","","","414","414","414","118183","118183","118183","","","","","",""
"6842800","","","","","","","","","","","","","422","422","422","74999","74999","74999"
"6842856","","","","","","","","","","","","","442","442","442","75000","75000","75000"
"6843096","","","","","","","158","158","158","118652","118652","118652","","","","","",""
"6843120","","","","","","","277.6666666666667","138","362","118654","118653","118655","","","","","",""
"6843128","","","","","","","298","298","298","118656","118656","118656","","","","","",""
"6843136","","","","","","","154","154","154","118657","118657","118657","","","","","",""
"6843144","","","","","","","125","125","125","118658","118658","118658","","","","","",""
"6869408","","","","","","","","","","","","","411","411","411","75287","75287","75287"
"6869416","","","","","","","","","","","","","380","380","380","75288","75288","75288"
"6869448","","","","","","","","","","","","","430","430","430","75289","75289","75289"
"6869464","","","","","","","","","","","","","433","433","433","75290","75290","75290"
"6869480","","","","","","","","","","","","","393","393","393","75291","75291","75291"
"6869512","","","","","","","","","","","","","398","398","398","75292","75292","75292"
"6869728","","","","","","","195","195","195","119127","119127","119127","","","","","",""
"6869752","","","","","","","191.5","185","198","119128.5","119128","119129","","","","","",""
"6869760","","","","","","","374","374","374","119130","119130","119130","","","","","",""
"6869768","","","","","","","188","188","188","119131","119131","119131","","","","","",""
"6896056","","","","","","","","","","","","","397","397","397","75579","75579","75579"
"6896080","","","","","","","","","","","","","182","182","182","75580","75580","75580"
"6896112","","","","","","","","","","","","","444","444","444","75581","75581","75581"
"6896376","","","","","","","282","282","282","119600","119600","119600","","","","","",""
"6896384","","","","","","","262.3333333333333","148","452","119602","119601","119603","","","","","",""
"6896392","","","","","","","189","189","189","119604","119604","119604","","","","","",""
"6896400","","","","","","","283.5","168","399","119605.5","119605","119606","","","","","",""
"6922664","","","","","","","","","","","","","445","445","445","75868","75868","75868"
"6922672","","","","","","","","","","","","","455","455","455","75869","75869","75869"
"6922720","","","","","","","","","","","","","424","424","424","75870","75870","75870"
"6922736","","","","","","","","","","","","","426","426","426","75871","75871","75871"
"6922768","","","","","","","","","","","","","411","411","411","75872","75872","75872"
"6922984","","","","","","","343","343","343","120075","120075","120075","","","","","",""
"6923008","","","","","","","157","157","157","120076","120076","120076","","","","","",""
"6923016","","","","","","","189.5","186","193","120077.5","120077","120078","","","","","",""
"6949312","","","","","","","","","","","","","397","397","397","76159","76159","76159"
"6949336","","","","","","","","","","","","","427","427","427","76160","76160","76160"
"6949368","","","","","","","","","","","","","382","382","382","76161","76161","76161"
"6949640","","","","","","","385","385","385","120547","120547","120547","","","","","",""
"6949648","","","","","","","377","377","377","120548","120548","120548","","","","","",""
"6949656","","","","","","","390.5","390","391","120549.5","120549","120550","","","","","",""
"6975920","","","","","","","","","","","","","363","363","363","76448","76448","76448"
"6975928","","","","","","","","","","","","","408","408","408","76449","76449","76449"
"6975976","","","","","","","","","","","","","423","423","423","76450","76450","76450"
"6975992","","","","","","","","","","","","","410","410","410","76451","76451","76451"
"6976024","","","","","","","","","","","","","455","455","455","76452","76452","76452"
"6976240","","","","","","","373","373","373","121019","121019","121019","","","","","",""
"6976264","","","","","","","402","402","402","121020","121020","121020","","","","","",""
"6976272","","","","","","","422","414","430","121021.5","121021","121022","","","","","",""
"6976288","","","","","","","152","152","152","121023","121023","121023","","","","","",""
"7002568","","","","","","","","","","","","","483","483","483","76739","76739","76739"
"7002592","","","","","","","","","","","","","439","439","439","76740","76740","76740"
"7002624","","","","","","","","","","","","","477","477","477","76741","76741","76741"
"7002896","","","","","","","346","346","346","121492","121492","121492","","","","","",""
"7002904","","","","","","","257.6666666666667","196","380","121494","121493","121495","","","","","",""
"7002912","","","","","","","424","424","424","121496","121496","121496","","","","","",""
"7029176","","","","","","","","","","","","","403","403","403","77028","77028","77028"
"7029184","","","","","","","","","","","","","438","438","438","77029","77029","77029"
"7029232","","","","","","","","","","","","","423","423","423","77030","77030","77030"
"7029248","","","","","","","","","","","","","496","496","496","77031","77031","77031"
"7029280","","","","","","","","","","","","","488","488","488","77032","77032","77032"
"7029496","","","","","","","440","440","440","121965","121965","121965","","","","","",""
"7029520","","","","","","","328","328","328","121966","121966","121966","","","","","",""
"7029528","","","","","","","131","131","131","121967","121967","121967","","","","","",""
"7029536","","","","","","","175","160","190","121969","121968","121970","","","","","",""
"7029544","","","","","","","397","397","397","121971","121971","121971","","","","","",""
"7055824","","","","","","","","","","","","","436","436","436","77319","77319","77319"
"7055848","","","","","","","","","","","","","460","460","460","77320","77320","77320"
"7055864","","","","","","","","","","","","","184","184","184","77321","77321","77321"
"7055880","","","","","","","","","","","","","321","188","454","77322.5","77322","77323"
"7056160","","","","","","","185","185","185","122440","122440","122440","","","","","",""
"7056168","","","","","","","264.6666666666667","189","413","122442","122441","122443","","","","","",""
"7082432","","","","","","","","","","","","","411","411","411","77610","77610","77610"
"7082440","","","","","","","","","","","","","425","425","425","77611","77611","77611"
"7082496","","","","","","","","","","","","","179","179","179","77612","77612","77612"
"7082512","","","","","","","","","","","","","177","177","177","77613","77613","77613"
"7082536","","","","","","","","","","","","","489","489","489","77614","77614","77614"
"7082752","","","","","","","413","413","413","122912","122912","122912","","","","","",""
"7082776","","","","","","","362","362","362","122913","122913","122913","","","","","",""
"7082792","","","","","","","331","331","331","122914","122914","122914","","","","","",""
"7082800","","","","","","","253","171","403","122916","122915","122917","","","","","",""
"7109080","","","","","","","","","","","","","409","409","409","77901","77901","77901"
"7109104","","","","","","","","","","","","","387","387","387","77902","77902","77902"
"7109136","","","","","","","","","","","","","422","422","422","77903","77903","77903"
"7109384","","","","","","","179","179","179","123386","123386","123386","","","","","",""
"7109416","","","","","","","375","375","375","123387","123387","123387","","","","","",""
"7109424","","","","","","","279","187","371","123388.5","123388","123389","","","","","",""
"7135696","","","","","","","","","","","","","379","379","379","78190","78190","78190"
"7135752","","","","","","","","","","","","","431","431","431","78191","78191","78191"
"7135768","","","","","","","","","","","","","464","464","464","78192","78192","78192"
"7135792","","","","","","","","","","","","","461","461","461","78193","78193","78193"
"7136016","","","","","","","177","177","177","123858","123858","123858","","","","","",""
"7136032","","","","","","","401","401","401","123859","123859","123859","","","","","",""
"7136048","","","","","","","189","189","189","123860","123860","123860","","","","","",""
"7136056","","","","","","","308.8","168","417","123863","123861","123865","","","","","",""
"7162312","","","","","","","","","","","","","638","638","638","78480","78480","78480"
"7162336","","","","","","","","","","","","","416","416","416","78481","78481","78481"
"7162360","","","","","","","","","","","","","388","388","388","78482","78482","78482"
"7162392","","","","","","","","","","","","","398","398","398","78483","78483","78483"
"7162400","","","","","","","","","","","","","171","171","171","78484","78484","78484"
"7162664","","","","","","","165","165","165","124334","124334","124334","","","","","",""
"7162680","","","","","","","149","149","149","124335","124335","124335","","","","","",""
"7162688","","","","","","","161.33333333333334","137","189","124337","124336","124338","","","","","",""
"7189272","","","","","","","322","322","322","124807","124807","124807","","","","","",""
"7189296","","","","","","","187","187","187","124808","124808","124808","","","","","",""
"7189312","","","","","","","339","314","364","124809.5","124809","124810","","","","","",""
"7189320","","","","","","","163","147","180","124812","124811","124813","","","","","",""
"7215568","","","","","","","","","","","","","481","481","481","79057","79057","79057"
"7215576","","","","","","","","","","","","","674","674","674","79058","79058","79058"
"7215592","","","","","","","","","","","","","483","483","483","79059","79059","79059"
"7215616","","","","","","","","","","","","","484","484","484","79060","79060","79060"
"7215632","","","","","","","","","","","","","755","755","755","79061","79061","79061"
"7215648","","","","","","","","","","","","","468","468","468","79062","79062","79062"
"7215672","","","","","","","","","","","","","714","714","714","79063","79063","79063"
"7215904","","","","","","","187","187","187","125282","125282","125282","","","","","",""
"7215936","","","","","","","423","423","423","125283","125283","125283","","","","","",""
"7215944","","","","","","","174.5","157","192","125284.5","125284","125285","","","","","",""
"7215952","","","","","","","155","155","155","125286","125286","125286","","","","","",""
"7242280","","","","","","","","","","","","","727","727","727","79350","79350","79350"
"7242536","","","","","","","193","193","193","125755","125755","125755","","","","","",""
"7242552","","","","","","","371","371","371","125756","125756","125756","","","","","",""
"7242568","","","","","","","149","149","149","125757","125757","125757","","","","","",""
"7242576","","","","","","","285.25","187","392","125759.5","125758","125761","","","","","",""
"7242584","","","","","","","188","188","188","125762","125762","125762","","","","","",""
"7268824","","","","","","","","","","","","","479","479","479","79637","79637","79637"
"7268832","","","","","","","","","","","","","394","394","394","79638","79638","79638"
"7268848","","","","","","","","","","","","","441","441","441","79639","79639","79639"
"7268872","","","","","","","","","","","","","425","425","425","79640","79640","79640"
"7268888","","","","","","","","","","","","","379","379","379","79641","79641","79641"
"7268904","","","","","","","","","","","","","429","429","429","79642","79642","79642"
"7268928","","","","","","","","","","","","","380","380","380","79643","79643","79643"
"7269168","","","","","","","182","182","182","126231","126231","126231","","","","","",""
"7269184","","","","","","","152","152","152","126232","126232","126232","","","","","",""
"7269208","","","","","","","126.5","123","130","126233.5","126233","126234","","","","","",""
"7269216","","","","","","","181","181","181","126235","126235","126235","","","","","",""
"7295456","","","","","","","","","","","","","189","189","189","79930","79930","79930"
"7295536","","","","","","","","","","","","","422","422","422","79931","79931","79931"
"7295800","","","","","","","180","180","180","126704","126704","126704","","","","","",""
"7295824","","","","","","","374","374","374","126705","126705","126705","","","","","",""
"7295832","","","","","","","336","302","370","126706.5","126706","126707","","","","","",""
"7295840","","","","","","","165","165","165","126708","126708","126708","","","","","",""
"7322088","","","","","","","","","","","","","390","390","390","80218","80218","80218"
"7322104","","","","","","","","","","","","","403","403","403","80219","80219","80219"
"7322128","","","","","","","","","","","","","401","401","401","80220","80220","80220"
"7322144","","","","","","","","","","","","","402","402","402","80221","80221","80221"
"7322160","","","","","","","","","","","","","427","427","427","80222","80222","80222"
"7322184","","","","","","","","","","","","","453","453","453","80223","80223","80223"
"7322440","","","","","","","410","410","410","127177","127177","127177","","","","","",""
"7322464","","","","","","","235.33333333333334","142","376","127179","127178","127180","","","","","",""
"7322472","","","","","","","460","460","460","127181","127181","127181","","","","","",""
"7348712","","","","","","","","","","","","","458","458","458","80510","80510","80510"
"7348792","","","","","","","","","","","","","425","425","425","80511","80511","80511"
"7348816","","","","","","","","","","","","","190","190","190","80512","80512","80512"
"7349056","","","","","","","405","405","405","127650","127650","127650","","","","","",""
"7349080","","","","","","","308","308","308","127651","127651","127651","","","","","",""
"7349096","","","","","","","224","162","357","127653.5","127652","127655","","","","","",""
"7349104","","","","","","","136","136","136","127656","127656","127656","","","","","",""
"7375360","","","","","","","","","","","","","465","465","465","80799","80799","80799"
"7375384","","","","","","","","","","","","","425","425","425","80800","80800","80800"
"7375400","","","","","","","","","","","","","466","466","466","80801","80801","80801"
"7375696","","","","","","","378","378","378","128125","128125","128125","","","","","",""
"7375712","","","","","","","138","138","138","128126","128126","128126","","","","","",""
"7375728","","","","","","","142.5","141","144","128127.5","128127","128128","","","","","",""
"7401968","","","","","","","","","","","","","574.5","443","706","81088.5","81088","81089"
"7402040","","","","","","","","","","","","","702","702","702","81090","81090","81090"
"7402048","","","","","","","","","","","","","466","466","466","81091","81091","81091"
"7402072","","","","","","","","","","","","","437","437","437","81092","81092","81092"
"7402312","","","","","","","328","328","328","128597","128597","128597","","","","","",""
"7402328","","","","","","","196","196","196","128598","128598","128598","","","","","",""
"7402344","","","","","","","142","142","142","128599","128599","128599","","","","","",""
"7402352","","","","","","","342.5","302","383","128600.5","128600","128601","","","","","",""
"7402360","","","","","","","252","153","351","128602.5","128602","128603","","","","","",""
"7428616","","","","","","","","","","","","","425","425","425","81379","81379","81379"
"7428640","","","","","","","","","","","","","389","389","389","81380","81380","81380"
"7428656","","","","","","","","","","","","","494","494","494","81381","81381","81381"
"7428704","","","","","","","","","","","","","188","188","188","81382","81382","81382"
"7428984","","","","","","","453","453","453","129072","129072","129072","","","","","",""
"7428992","","","","","","","185","185","185","129073","129073","129073","","","","","",""
"7455224","","","","","","","","","","","","","431.5","402","461","81669.5","81669","81670"
"7455296","","","","","","","","","","","","","437","437","437","81671","81671","81671"
"7455304","","","","","","","","","","","","","425","425","425","81672","81672","81672"
"7455568","","","","","","","414","414","414","129542","129542","129542","","","","","",""
"7455584","","","","","","","463","463","463","129543","129543","129543","","","","","",""
"7455600","","","","","","","355","355","355","129544","129544","129544","","","","","",""
"7455608","","","","","","","356","344","368","129545.5","129545","129546","","","","","",""
"7455616","","","","","","","238","149","327","129547.5","129547","129548","","","","","",""
"7481872","","","","","","","","","","","","","433","433","433","81959","81959","81959"
"7481896","","","","","","","","","","","","","441","441","441","81960","81960","81960"
"7481912","","","","","","","","","","","","","453","453","453","81961","81961","81961"
"7481960","","","","","","","","","","","","","422","422","422","81962","81962","81962"
"7482200","","","","","","","191","191","191","130017","130017","130017","","","","","",""
"7482216","","","","","","","194","194","194","130018","130018","130018","","","","","",""
"7482248","","","","","","","239","150","370","130020","130019","130021","","","","","",""
"7508480","","","","","","","","","","","","","463.5","436","491","82249.5","82249","82250"
"7508552","","","","","","","","","","","","","414","414","414","82251","82251","82251"
"7508560","","","","","","","","","","","","","486","486","486","82252","82252","82252"
"7508832","","","","","","","124","124","124","130490","130490","130490","","","","","",""
"7508856","","","","","","","452","452","452","130491","130491","130491","","","","","",""
"7508864","","","","","","","404","380","428","130492.5","130492","130493","","","","","",""
"7508880","","","","","","","182.33333333333334","158","198","130495","130494","130496","","","","","",""
"7535128","","","","","","","","","","","","","481","481","481","82539","82539","82539"
"7535152","","","","","","","","","","","","","389","389","389","82540","82540","82540"
"7535168","","","","","","","","","","","","","455","455","455","82541","82541","82541"
"7535192","","","","","","","","","","","","","175","175","175","82542","82542","82542"
"7535216","","","","","","","","","","","","","394","394","394","82543","82543","82543"
"7535464","","","","","","","174","174","174","130965","130965","130965","","","","","",""
"7535472","","","","","","","369","369","369","130966","130966","130966","","","","","",""
"7535496","","","","","","","187","178","196","130967.5","130967","130968","","","","","",""
"7535512","","","","","","","160","133","192","130970","130969","130971","","","","","",""
"7561736","","","","","","","","","","","","","453","453","453","82830","82830","82830"
"7561760","","","","","","","","","","","","","197","197","197","82831","82831","82831"
"7561784","","","","","","","","","","","","","149","149","149","82832","82832","82832"
"7561808","","","","","","","","","","","","","479","479","479","82833","82833","82833"
"7562096","","","","","","","135","135","135","131440","131440","131440","","","","","",""
"7562104","","","","","","","173","173","173","131441","131441","131441","","","","","",""
"7562112","","","","","","","309","309","309","131442","131442","131442","","","","","",""
"7562128","","","","","","","160","160","160","131443","131443","131443","","","","","",""
"7562144","","","","","","","190","180","197","131445","131444","131446","","","","","",""
"7588360","","","","","","","","","","","","","630","630","630","83120","83120","83120"
"7588424","","","","","","","","","","","","","415","415","415","83121","83121","83121"
"7588448","","","","","","","","","","","","","457","457","457","83122","83122","83122"
"7588472","","","","","","","","","","","","","425","425","425","83123","83123","83123"
"7588728","","","","","","","185","185","185","131915","131915","131915","","","","","",""
"7588736","","","","","","","143","143","143","131916","131916","131916","","","","","",""
"7588744","","","","","","","179","179","179","131917","131917","131917","","","","","",""
"7588752","","","","","","","326","326","326","131918","131918","131918","","","","","",""
"7588760","","","","","","","161","161","161","131919","131919","131919","","","","","",""
"7588776","","","","","","","147","142","156","131921","131920","131922","","","","","",""
"7614992","","","","","","","","","","","","","411","411","411","83410","83410","83410"
"7615016","","","","","","","","","","","","","398","398","398","83411","83411","83411"
"7615040","","","","","","","","","","","","","408","408","408","83412","83412","83412"
"7615064","","","","","","","","","","","","","431","431","431","83413","83413","83413"
"7615360","","","","","","","133","133","133","132391","132391","132391","","","","","",""
"7615376","","","","","","","135","135","135","132392","132392","132392","","","","","",""
"7615384","","","","","","","173","173","173","132393","132393","132393","","","","","",""
"7615392","","","","","","","146","146","146","132394","132394","132394","","","","","",""
"7615408","","","","","","","145","137","161","132396","132395","132397","","","","","",""
"7641616","","","","","","","","","","","","","398","398","398","83700","83700","83700"
"7641704","","","","","","","","","","","","","481","481","481","83701","83701","83701"
"7641728","","","","","","","","","","","","","362","362","362","83702","83702","83702"
"7641992","","","","","","","258.5","171","346","132866.5","132866","132867","","","","","",""
"7642016","","","","","","","160","160","160","132868","132868","132868","","","","","",""
"7642024","","","","","","","130","130","130","132869","132869","132869","","","","","",""
"7642040","","","","","","","192","192","192","132870","132870","132870","","","","","",""
"7668248","","","","","","","","","","","","","444","444","444","83989","83989","83989"
"7668272","","","","","","","","","","","","","468","468","468","83990","83990","83990"
"7668296","","","","","","","","","","","","","436","436","436","83991","83991","83991"
"7668304","","","","","","","","","","","","","710","710","710","83992","83992","83992"
"7668320","","","","","","","","","","","","","458","458","458","83993","83993","83993"
"7668632","","","","","","","450","450","450","133339","133339","133339","","","","","",""
"7668648","","","","","","","164","164","164","133340","133340","133340","","","","","",""
"7668664","","","","","","","377.5","363","392","133341.5","133341","133342","","","","","",""
"7668672","","","","","","","157","157","157","133343","133343","133343","","","","","",""
"7694872","","","","","","","","","","","","","439","439","439","84280","84280","84280"
"7694984","","","","","","","","","","","","","428","428","428","84281","84281","84281"
"7695248","","","","","","","358","355","361","133812.5","133812","133813","","","","","",""
"7695280","","","","","","","379","379","379","133814","133814","133814","","","","","",""
"7695296","","","","","","","197","197","197","133815","133815","133815","","","","","",""
"7721504","","","","","","","","","","","","","437","437","437","84568","84568","84568"
"7721528","","","","","","","","","","","","","425","425","425","84569","84569","84569"
"7721552","","","","","","","","","","","","","463","463","463","84570","84570","84570"
"7721560","","","","","","","","","","","","","384","384","384","84571","84571","84571"
"7721576","","","","","","","","","","","","","436","436","436","84572","84572","84572"
"7721584","","","","","","","","","","","","","754","754","754","84573","84573","84573"
"7721880","","","","","","","182","182","182","134284","134284","134284","","","","","",""
"7721888","","","","","","","402","402","402","134285","134285","134285","","","","","",""
"7721904","","","","","","","399","399","399","134286","134286","134286","","","","","",""
"7721920","","","","","","","427","427","427","134287","134287","134287","","","","","",""
"7721928","","","","","","","434","434","434","134288","134288","134288","","","","","",""
"7748128","","","","","","","","","","","","","461","461","461","84860","84860","84860"
"7748208","","","","","","","","","","","","","198","198","198","84861","84861","84861"
"7748240","","","","","","","","","","","","","419","419","419","84862","84862","84862"
"7748504","","","","","","","382","382","382","134757","134757","134757","","","","","",""
"7748512","","","","","","","188","188","188","134758","134758","134758","","","","","",""
"7748536","","","","","","","400","400","400","134759","134759","134759","","","","","",""
"7748552","","","","","","","353","353","353","134760","134760","134760","","","","","",""
"7774760","","","","","","","","","","","","","280.5","144","417","85149.5","85149","85150"
"7774784","","","","","","","","","","","","","447","447","447","85151","85151","85151"
"7774808","","","","","","","","","","","","","464","464","464","85152","85152","85152"
"7774816","","","","","","","","","","","","","451","451","451","85153","85153","85153"
"7774840","","","","","","","","","","","","","442","442","442","85154","85154","85154"
"7775144","","","","","","","392","392","392","135229","135229","135229","","","","","",""
"7775160","","","","","","","355","355","355","135230","135230","135230","","","","","",""
"7775176","","","","","","","411","411","411","135231","135231","135231","","","","","",""
"7775184","","","","","","","267","163","371","135232.5","135232","135233","","","","","",""
"7801464","","","","","","","","","","","","","406","406","406","85441","85441","85441"
"7801472","","","","","","","","","","","","","176","176","176","85442","85442","85442"
"7801760","","","","","","","334","334","334","135702","135702","135702","","","","","",""
"7801768","","","","","","","385","385","385","135703","135703","135703","","","","","",""
"7801792","","","","","","","288","180","396","135704.5","135704","135705","","","","","",""
"7801816","","","","","","","188","188","188","135706","135706","135706","","","","","",""
"7828016","","","","","","","","","","","","","389","379","399","85729.5","85729","85730"
"7828040","","","","","","","","","","","","","440","440","440","85731","85731","85731"
"7828064","","","","","","","","","","","","","450","450","450","85732","85732","85732"
"7828072","","","","","","","","","","","","","446","446","446","85733","85733","85733"
"7828120","","","","","","","","","","","","","692","692","692","85734","85734","85734"
"7828400","","","","","","","373","373","373","136175","136175","136175","","","","","",""
"7828424","","","","","","","192","192","192","136176","136176","136176","","","","","",""
"7828432","","","","","","","380","380","380","136177","136177","136177","","","","","",""
"7828440","","","","","","","357","357","357","136178","136178","136178","","","","","",""
"7854696","","","","","","","","","","","","","186","186","186","86021","86021","86021"
"7854720","","","","","","","","","","","","","409","409","409","86022","86022","86022"
"7854728","","","","","","","","","","","","","453","453","453","86023","86023","86023"
"7855016","","","","","","","323","323","323","136647","136647","136647","","","","","",""
"7855024","","","","","","","384","384","384","136648","136648","136648","","","","","",""
"7855048","","","","","","","367","367","367","136649","136649","136649","","","","","",""
"7855072","","","","","","","421","421","421","136650","136650","136650","","","","","",""
"7881272","","","","","","","","","","","","","429","410","448","86310.5","86310","86311"
"7881296","","","","","","","","","","","","","426","426","426","86312","86312","86312"
"7881328","","","","","","","","","","","","","421","421","421","86313","86313","86313"
"7881352","","","","","","","","","","","","","184","184","184","86314","86314","86314"
"7881376","","","","","","","","","","","","","425","425","425","86315","86315","86315"
"7881648","","","","","","","191","191","191","137119","137119","137119","","","","","",""
"7881656","","","","","","","461","461","461","137120","137120","137120","","","","","",""
"7881680","","","","","","","300.5","161","440","137121.5","137121","137122","","","","","",""
"7881688","","","","","","","351","351","351","137123","137123","137123","","","","","",""
"7881696","","","","","","","400","400","400","137124","137124","137124","","","","","",""
"7907952","","","","","","","","","","","","","483","483","483","86602","86602","86602"
"7907984","","","","","","","","","","","","","413","413","413","86603","86603","86603"
"7908280","","","","","","","276","194","358","137593.5","137593","137594","","","","","",""
"7908312","","","","","","","147.5","139","156","137595.5","137595","137596","","","","","",""
"7908328","","","","","","","275","177","373","137597.5","137597","137598","","","","","",""
"7934528","","","","","","","","","","","","","438.5","413","464","86890.5","86890","86891"
"7934552","","","","","","","","","","","","","416","416","416","86892","86892","86892"
"7934584","","","","","","","","","","","","","192","192","192","86893","86893","86893"
"7934608","","","","","","","","","","","","","432","432","432","86894","86894","86894"
"7934632","","","","","","","","","","","","","442","442","442","86895","86895","86895"
"7934912","","","","","","","419","419","419","138067","138067","138067","","","","","",""
"7934944","","","","","","","252.33333333333334","150","417","138069","138068","138070","","","","","",""
"7961184","","","","","","","","","","","","","189","189","189","87182","87182","87182"
"7961208","","","","","","","","","","","","","738","738","738","87183","87183","87183"
"7961240","","","","","","","","","","","","","275.5","163","388","87184.5","87184","87185"
"7961536","","","","","","","371","354","388","138539.5","138539","138540","","","","","",""
"7961576","","","","","","","162","162","162","138541","138541","138541","","","","","",""
"7961584","","","","","","","399.5","383","416","138542.5","138542","138543","","","","","",""
"7987784","","","","","","","","","","","","","367","367","367","87472.5","87472","87473"
"7987840","","","","","","","","","","","","","407","407","407","87474","87474","87474"
"7987872","","","","","","","","","","","","","199","199","199","87475","87475","87475"
"7987888","","","","","","","","","","","","","436","436","436","87476","87476","87476"
"7988168","","","","","","","256.6666666666667","178","398","139013","139012","139014","","","","","",""
"7988200","","","","","","","372.5","350","395","139015.5","139015","139016","","","","","",""
"7988216","","","","","","","193","193","193","139017","139017","139017","","","","","",""
"8014496","","","","","","","","","","","","","449","449","449","87763","87763","87763"
"8014800","","","","","","","190","190","190","139486","139486","139486","","","","","",""
"8014832","","","","","","","240","148","392","139488","139487","139489","","","","","",""
"8014840","","","","","","","401","401","401","139490","139490","139490","","","","","",""
"8041040","","","","","","","","","","","","","412","372","452","88050.5","88050","88051"
"8041064","","","","","","","","","","","","","705","705","705","88052","88052","88052"
"8041088","","","","","","","","","","","","","734","734","734","88053","88053","88053"
"8041096","","","","","","","","","","","","","424","424","424","88054","88054","88054"
"8041128","","","","","","","","","","","","","415","415","415","88055","88055","88055"
"8041144","","","","","","","","","","","","","375","375","375","88056","88056","88056"
"8041424","","","","","","","291","262","320","139959.5","139959","139960","","","","","",""
"8041464","","","","","","","158.5","137","180","139961.5","139961","139962","","","","","",""
"8041472","","","","","","","370","370","370","139963","139963","139963","","","","","",""
"8067696","","","","","","","","","","","","","196","196","196","88343","88343","88343"
"8067720","","","","","","","","","","","","","195","195","195","88344","88344","88344"
"8067728","","","","","","","","","","","","","193","193","193","88345","88345","88345"
"8067752","","","","","","","","","","","","","430","430","430","88346","88346","88346"
"8068056","","","","","","","251","138","364","140432.5","140432","140433","","","","","",""
"8068088","","","","","","","316","316","316","140434","140434","140434","","","","","",""
"8068096","","","","","","","256","156","356","140435.5","140435","140436","","","","","",""
"8068104","","","","","","","191","191","191","140455","140455","140455","","","","","",""
"8094296","","","","","","","","","","","","","417","414","420","88633.5","88633","88634"
"8094328","","","","","","","","","","","","","195","195","195","88635","88635","88635"
"8094360","","","","","","","","","","","","","166","166","166","88636","88636","88636"
"8094400","","","","","","","","","","","","","425","425","425","88637","88637","88637"
"8094680","","","","","","","330","330","330","140906","140906","140906","","","","","",""
"8094688","","","","","","","130.5","130","131","140907.5","140907","140908","","","","","",""
"8094720","","","","","","","259.5","166","353","140909.5","140909","140910","","","","","",""
"8094728","","","","","","","188","188","188","140929","140929","140929","","","","","",""
"8094736","","","","","","","130","130","130","140930","140930","140930","","","","","",""
"8120976","","","","","","","","","","","","","448","448","448","88924","88924","88924"
"8121008","","","","","","","","","","","","","590.5","456","725","88925.5","88925","88926"
"8121312","","","","","","","156","156","156","141381","141381","141381","","","","","",""
"8121320","","","","","","","174","158","190","141382.5","141382","141383","","","","","",""
"8121352","","","","","","","234","177","334","141403","141402","141404","","","","","",""
"8121360","","","","","","","162","162","162","141405","141405","141405","","","","","",""
"8121368","","","","","","","135","135","135","141406","141406","141406","","","","","",""
"8147552","","","","","","","","","","","","","404","379","429","89213.5","89213","89214"
"8147584","","","","","","","","","","","","","419","419","419","89215","89215","89215"
"8147616","","","","","","","","","","","","","405","405","405","89216","89216","89216"
"8147656","","","","","","","","","","","","","429","429","429","89217","89217","89217"
"8147952","","","","","","","119","101","137","141857.5","141857","141858","","","","","",""
"8147984","","","","","","","165.5","160","171","141877.5","141877","141878","","","","","",""
"8147992","","","","","","","172","172","172","141879","141879","141879","","","","","",""
"8148000","","","","","","","149","149","149","141880","141880","141880","","","","","",""
"8174232","","","","","","","","","","","","","405","405","405","89504","89504","89504"
"8174568","","","","","","","301","301","301","142331","142331","142331","","","","","",""
"8174584","","","","","","","112.5","94","131","142332.5","142332","142333","","","","","",""
"8174608","","","","","","","352","352","352","142352","142352","142352","","","","","",""
"8174616","","","","","","","128","123","133","142353.5","142353","142354","","","","","",""
"8174624","","","","","","","125","125","125","142355","142355","142355","","","","","",""
"8174632","","","","","","","187","187","187","142356","142356","142356","","","","","",""
"8200808","","","","","","","","","","","","","483","483","483","89791","89791","89791"
"8200840","","","","","","","","","","","","","490","490","490","89792","89792","89792"
"8200872","","","","","","","","","","","","","444","444","444","89793","89793","89793"
"8200888","","","","","","","","","","","","","756","729","783","89794.5","89794","89795"
"8201200","","","","","","","148","148","148","142807","142807","142807","","","","","",""
"8201216","","","","","","","183","170","196","142808.5","142808","142809","","","","","",""
"8201240","","","","","","","133","133","133","142828","142828","142828","","","","","",""
"8201248","","","","","","","139","136","142","142829.5","142829","142830","","","","","",""
"8201256","","","","","","","126","126","126","142831","142831","142831","","","","","",""
"8201264","","","","","","","142","142","142","142832","142832","142832","","","","","",""
"8227432","","","","","","","","","","","","","763","763","763","90082","90082","90082"
"8227536","","","","","","","","","","","","","781","781","781","90083","90083","90083"
"8227832","","","","","","","116","116","116","143283","143283","143283","","","","","",""
"8227848","","","","","","","132","116","148","143302.5","143302","143303","","","","","",""
"8227872","","","","","","","148","148","148","143304","143304","143304","","","","","",""
"8227880","","","","","","","122","116","128","143305.5","143305","143306","","","","","",""
"8227888","","","","","","","138","138","138","143307","143307","143307","","","","","",""
"8227896","","","","","","","136","136","136","143308","143308","143308","","","","","",""
"8254064","","","","","","","","","","","","","415","415","415","90370","90370","90370"
"8254096","","","","","","","","","","","","","469","469","469","90371","90371","90371"
"8254112","","","","","","","","","","","","","765","765","765","90372","90372","90372"
"8254128","","","","","","","","","","","","","441","441","441","90373","90373","90373"
"8254144","","","","","","","","","","","","","490","490","490","90374","90374","90374"
"8254464","","","","","","","118","118","118","143759","143759","143759","","","","","",""
"8254480","","","","","","","133","122","144","143778.5","143778","143779","","","","","",""
"8254504","","","","","","","187","187","187","143780","143780","143780","","","","","",""
"8254512","","","","","","","124","119","129","143781.5","143781","143782","","","","","",""
"8254520","","","","","","","95","95","95","143783","143783","143783","","","","","",""
"8254528","","","","","","","129","129","129","143784","143784","143784","","","","","",""
"8280688","","","","","","","","","","","","","482","482","482","90661","90661","90661"
"8280768","","","","","","","","","","","","","676","676","676","90662","90662","90662"
"8280792","","","","","","","","","","","","","475","475","475","90663","90663","90663"
"8281096","","","","","","","99","99","99","144253","144253","144253","","","","","",""
"8281112","","","","","","","87.5","84","91","144254.5","144254","144255","","","","","",""
"8281136","","","","","","","153","153","153","144256","144256","144256","","","","","",""
"8281144","","","","","","","140.5","108","173","144257.5","144257","144258","","","","","",""
"8281152","","","","","","","112","112","112","144259","144259","144259","","","","","",""
"8281160","","","","","","","136","136","136","144260","144260","144260","","","","","",""
"8307320","","","","","","","","","","","","","449","449","449","90950","90950","90950"
"8307352","","","","","","","","","","","","","498","498","498","90951","90951","90951"
"8307368","","","","","","","","","","","","","426","426","426","90952","90952","90952"
"8307384","","","","","","","","","","","","","476","476","476","90953","90953","90953"
"8307400","","","","","","","","","","","","","446","446","446","90954","90954","90954"
"8307728","","","","","","","124","124","124","144729","144729","144729","","","","","",""
"8307744","","","","","","","86.5","58","115","144730.5","144730","144731","","","","","",""
"8307768","","","","","","","125","125","125","144732","144732","144732","","","","","",""
"8307776","","","","","","","115.5","103","128","144733.5","144733","144734","","","","","",""
"8307784","","","","","","","128","128","128","144735","144735","144735","","","","","",""
"8307792","","","","","","","145","145","145","144736","144736","144736","","","","","",""
"8333944","","","","","","","","","","","","","477","477","477","91241","91241","91241"
"8334024","","","","","","","","","","","","","458","458","458","91242","91242","91242"
"8334048","","","","","","","","","","","","","483","483","483","91243","91243","91243"
"8334360","","","","","","","106","106","106","145205","145205","145205","","","","","",""
"8334376","","","","","","","144.5","140","149","145206.5","145206","145207","","","","","",""
"8334400","","","","","","","195","195","195","145208","145208","145208","","","","","",""
"8334408","","","","","","","133.5","133","134","145209.5","145209","145210","","","","","",""
"8334416","","","","","","","68","68","68","145211","145211","145211","","","","","",""
"8334424","","","","","","","157","157","157","145212","145212","145212","","","","","",""
"8360576","","","","","","","","","","","","","437","437","437","91530","91530","91530"
"8360608","","","","","","","","","","","","","385","385","385","91531","91531","91531"
"8360656","","","","","","","","","","","","","415","415","415","91532","91532","91532"
"8361008","","","","","","","185.5","177","194","145681.5","145681","145682","","","","","",""
"8361032","","","","","","","181","181","181","145683","145683","145683","","","","","",""
"8361040","","","","","","","179","179","179","145684","145684","145684","","","","","",""
"8361048","","","","","","","135","135","135","145685","145685","145685","","","","","",""
"8361056","","","","","","","188","188","188","145686","145686","145686","","","","","",""
"8387200","","","","","","","","","","","","","400","400","400","91819","91819","91819"
"8387248","","","","","","","","","","","","","737","737","737","91820","91820","91820"
"8387264","","","","","","","","","","","","","649","649","649","91821","91821","91821"
"8387280","","","","","","","","","","","","","493","493","493","91822","91822","91822"
"8387304","","","","","","","","","","","","","455","455","455","91823","91823","91823"
"8387616","","","","","","","322","322","322","146155","146155","146155","","","","","",""
"8387640","","","","","","","157.5","126","189","146156.5","146156","146157","","","","","",""
"8387664","","","","","","","242.5","167","318","146158.5","146158","146159","","","","","",""
"8387672","","","","","","","169","169","169","146160","146160","146160","","","","","",""
"8387680","","","","","","","163","163","163","146161","146161","146161","","","","","",""
"8387688","","","","","","","133","133","133","146162","146162","146162","","","","","",""
"8413864","","","","","","","","","","","","","358","358","358","92110","92110","92110"
"8413912","","","","","","","","","","","","","446","446","446","92111","92111","92111"
"8414248","","","","","","","161","161","161","146631","146631","146631","","","","","",""
"8414272","","","","","","","150.5","141","160","146632.5","146632","146633","","","","","",""
"8414296","","","","","","","194","193","195","146634.5","146634","146635","","","","","",""
"8414304","","","","","","","194","194","194","146636","146636","146636","","","","","",""
"8414312","","","","","","","155","155","155","146637","146637","146637","","","","","",""
"8440456","","","","","","","","","","","","","587.5","421","754","92398.5","92398","92399"
"8440504","","","","","","","","","","","","","413","413","413","92400","92400","92400"
"8440520","","","","","","","","","","","","","484","484","484","92401","92401","92401"
"8440560","","","","","","","","","","","","","440","440","440","92402","92402","92402"
"8440880","","","","","","","138","138","138","147106","147106","147106","","","","","",""
"8440904","","","","","","","156.5","150","163","147107.5","147107","147108","","","","","",""
"8440928","","","","","","","173","159","187","147109.5","147109","147110","","","","","",""
"8440936","","","","","","","114","114","114","147111","147111","147111","","","","","",""
"8440944","","","","","","","238.5","141","336","147112.5","147112","147113","","","","","",""
"8467160","","","","","","","","","","","","","715","715","715","92689","92689","92689"
"8467168","","","","","","","","","","","","","449","449","449","92690","92690","92690"
"8467512","","","","","","","151","151","151","147582","147582","147582","","","","","",""
"8467536","","","","","","","188","180","196","147583.5","147583","147584","","","","","",""
"8467568","","","","","","","190","190","190","147585","147585","147585","","","","","",""
"8467576","","","","","","","167","167","167","147586","147586","147586","","","","","",""
"8493712","","","","","","","","","","","","","437.5","397","478","92977.5","92977","92978"
"8493744","","","","","","","","","","","","","636","636","636","92979","92979","92979"
"8493760","","","","","","","","","","","","","409","409","409","92980","92980","92980"
"8493776","","","","","","","","","","","","","414","414","414","92981","92981","92981"
"8493816","","","","","","","","","","","","","410","410","410","92982","92982","92982"
"8494168","","","","","","","169","152","186","148055.5","148055","148056","","","","","",""
"8494184","","","","","","","319.5","270","369","148057.5","148057","148058","","","","","",""
"8494200","","","","","","","261.5","170","353","148059.5","148059","148060","","","","","",""
"8494208","","","","","","","180","180","180","148061","148061","148061","","","","","",""
"8520416","","","","","","","","","","","","","422","422","422","93269","93269","93269"
"8520424","","","","","","","","","","","","","460","460","460","93270","93270","93270"
"8520768","","","","","","","356","356","356","148530","148530","148530","","","","","",""
"8520800","","","","","","","161","161","161","148531","148531","148531","","","","","",""
"8520816","","","","","","","173","173","173","148532","148532","148532","","","","","",""
"8546968","","","","","","","","","","","","","436","436","436","93557","93557","93557"
"8547000","","","","","","","","","","","","","486","486","486","93558","93558","93558"
"8547032","","","","","","","","","","","","","479","479","479","93559","93559","93559"
"8547072","","","","","","","","","","","","","476","476","476","93560","93560","93560"
"8547400","","","","","","","169","169","169","149001","149001","149001","","","","","",""
"8547424","","","","","","","333","333","333","149002","149002","149002","","","","","",""
"8547432","","","","","","","167","167","167","149003","149003","149003","","","","","",""
"8547440","","","","","","","383","383","383","149004","149004","149004","","","","","",""
"8547456","","","","","","","376.5","358","395","149005.5","149005","149006","","","","","",""
"8547464","","","","","","","335","335","335","149007","149007","149007","","","","","",""
"8573592","","","","","","","","","","","","","623","623","623","93847","93847","93847"
"8573640","","","","","","","","","","","","","699","699","699","93848","93848","93848"
"8573672","","","","","","","","","","","","","431","431","431","93849","93849","93849"
"8573680","","","","","","","","","","","","","418","418","418","93850","93850","93850"
"8574032","","","","","","","160","160","160","149476","149476","149476","","","","","",""
"8574056","","","","","","","198","198","198","149477","149477","149477","","","","","",""
"8574064","","","","","","","169","169","169","149478","149478","149478","","","","","",""
"8574072","","","","","","","258.5","178","339","149479.5","149479","149480","","","","","",""
"8574088","","","","","","","154.5","121","188","149481.5","149481","149482","","","","","",""
"8574096","","","","","","","122","122","122","149483","149483","149483","","","","","",""
"8600224","","","","","","","","","","","","","401","401","401","94137","94137","94137"
"8600256","","","","","","","","","","","","","479","479","479","94138","94138","94138"
"8600272","","","","","","","","","","","","","189","189","189","94139","94139","94139"
"8600288","","","","","","","","","","","","","467","467","467","94140","94140","94140"
"8600328","","","","","","","","","","","","","452","452","452","94141","94141","94141"
"8600664","","","","","","","119","119","119","149952","149952","149952","","","","","",""
"8600688","","","","","","","177","177","177","149953","149953","149953","","","","","",""
"8600704","","","","","","","159","152","166","149954.5","149954","149955","","","","","",""
"8600720","","","","","","","156","156","156","149956.5","149956","149957","","","","","",""
"8600728","","","","","","","145","145","145","149958","149958","149958","","","","","",""
"8626848","","","","","","","","","","","","","451","451","451","94428","94428","94428"
"8626928","","","","","","","","","","","","","498","498","498","94429","94429","94429"
"8626936","","","","","","","","","","","","","431","431","431","94430","94430","94430"
"8627296","","","","","","","168","168","168","150427","150427","150427","","","","","",""
"8627320","","","","","","","213","124","302","150428.5","150428","150429","","","","","",""
"8627336","","","","","","","166","157","175","150430.5","150430","150431","","","","","",""
"8627352","","","","","","","149","125","173","150432.5","150432","150433","","","","","",""
"8627360","","","","","","","171","171","171","150434","150434","150434","","","","","",""
"8653480","","","","","","","","","","","","","457","457","457","94717","94717","94717"
"8653544","","","","","","","","","","","","","410","410","410","94718","94718","94718"
"8653584","","","","","","","","","","","","","464","464","464","94719","94719","94719"
"8653928","","","","","","","176","176","176","150903","150903","150903","","","","","",""
"8653952","","","","","","","190.5","187","194","150904.5","150904","150905","","","","","",""
"8653968","","","","","","","179","169","189","150906.5","150906","150907","","","","","",""
"8653984","","","","","","","192.5","189","196","150908.5","150908","150909","","","","","",""
"8680104","","","","","","","","","","","","","447","447","447","95006","95006","95006"
"8680136","","","","","","","","","","","","","683","683","683","95007","95007","95007"
"8680152","","","","","","","","","","","","","701","701","701","95008","95008","95008"
"8680184","","","","","","","","","","","","","454","454","454","95009","95009","95009"
"8680192","","","","","","","","","","","","","420","420","420","95010","95010","95010"
"8680584","","","","","","","184","184","184","151378","151378","151378","","","","","",""
"8680616","","","","","","","276.5","156","397","151379.5","151379","151380","","","","","",""
"8706736","","","","","","","","","","","","","419","419","419","95297","95297","95297"
"8706800","","","","","","","","","","","","","495","495","495","95298","95298","95298"
"8706840","","","","","","","","","","","","","433","433","433","95299","95299","95299"
"8707184","","","","","","","346","346","346","151849","151849","151849","","","","","",""
"8707208","","","","","","","366","366","366","151850","151850","151850","","","","","",""
"8707216","","","","","","","195","195","195","151851","151851","151851","","","","","",""
"8707224","","","","","","","363","349","377","151852.5","151852","151853","","","","","",""
"8707240","","","","","","","381","381","381","151854","151854","151854","","","","","",""
"8707248","","","","","","","188","188","188","151855","151855","151855","","","","","",""
"8733360","","","","","","","","","","","","","482","482","482","95586","95586","95586"
"8733392","","","","","","","","","","","","","431","431","431","95587","95587","95587"
"8733408","","","","","","","","","","","","","473","473","473","95588","95588","95588"
"8733440","","","","","","","","","","","","","417","417","417","95589","95589","95589"
"8733448","","","","","","","","","","","","","442","442","442","95590","95590","95590"
"8733848","","","","","","","198","198","198","152324","152324","152324","","","","","",""
"8733856","","","","","","","191","187","195","152325.5","152325","152326","","","","","",""
"8733872","","","","","","","252","163","341","152327.5","152327","152328","","","","","",""
"8733880","","","","","","","193","193","193","152329","152329","152329","","","","","",""
"8759992","","","","","","","","","","","","","415","415","415","95877","95877","95877"
"8760056","","","","","","","","","","","","","432","432","432","95878","95878","95878"
"8760096","","","","","","","","","","","","","453","453","453","95879","95879","95879"
"8760440","","","","","","","385","385","385","152798","152798","152798","","","","","",""
"8760464","","","","","","","392","392","392","152799","152799","152799","","","","","",""
"8760480","","","","","","","168","168","168","152800","152800","152800","","","","","",""
"8760488","","","","","","","150.5","147","154","152801.5","152801","152802","","","","","",""
"8760504","","","","","","","191","191","191","152803","152803","152803","","","","","",""
"8786616","","","","","","","","","","","","","433","433","433","96166","96166","96166"
"8786648","","","","","","","","","","","","","419","419","419","96167","96167","96167"
"8786664","","","","","","","","","","","","","453","453","453","96168","96168","96168"
"8787072","","","","","","","197","197","197","153272","153272","153272","","","","","",""
"8787112","","","","","","","164","164","164","153273","153273","153273","","","","","",""
"8787120","","","","","","","162.5","152","173","153274.5","153274","153275","","","","","",""
"8787128","","","","","","","399","399","399","153276","153276","153276","","","","","",""
"8787136","","","","","","","360","360","360","153277","153277","153277","","","","","",""
"8813248","","","","","","","","","","","","","409","409","409","96455","96455","96455"
"8813312","","","","","","","","","","","","","434","434","434","96456","96456","96456"
"8813320","","","","","","","","","","","","","714","714","714","96457","96457","96457"
"8813328","","","","","","","","","","","","","689","689","689","96458","96458","96458"
"8813352","","","","","","","","","","","","","474","474","474","96459","96459","96459"
"8813720","","","","","","","378","378","378","153746","153746","153746","","","","","",""
"8813752","","","","","","","157","157","157","153747","153747","153747","","","","","",""
"8813760","","","","","","","385","385","385","153748","153748","153748","","","","","",""
"8813768","","","","","","","150","150","150","153749","153749","153749","","","","","",""
"8839872","","","","","","","","","","","","","458","458","458","96746","96746","96746"
"8839904","","","","","","","","","","","","","422","422","422","96747","96747","96747"
"8839920","","","","","","","","","","","","","434","434","434","96748","96748","96748"
"8840328","","","","","","","384","384","384","154218","154218","154218","","","","","",""
"8840352","","","","","","","188","188","188","154219","154219","154219","","","","","",""
"8840368","","","","","","","398","398","398","154220","154220","154220","","","","","",""
"8840376","","","","","","","400","400","400","154221","154221","154221","","","","","",""
"8840384","","","","","","","282","199","365","154222.5","154222","154223","","","","","",""
"8840392","","","","","","","176","176","176","154224","154224","154224","","","","","",""
"8866568","","","","","","","","","","","","","450","450","450","97035","97035","97035"
"8866576","","","","","","","","","","","","","410","410","410","97036","97036","97036"
"8866584","","","","","","","","","","","","","464","464","464","97037","97037","97037"
"8866608","","","","","","","","","","","","","473","473","473","97038","97038","97038"
"8867008","","","","","","","156","156","156","154693","154693","154693","","","","","",""
"8867024","","","","","","","353","353","353","154694","154694","154694","","","","","",""
"8893128","","","","","","","","","","","","","528","394","662","97325.5","97325","97326"
"8893160","","","","","","","","","","","","","418","418","418","97327","97327","97327"
"8893176","","","","","","","","","","","","","404","404","404","97328","97328","97328"
"8893584","","","","","","","378","378","378","155163","155163","155163","","","","","",""
"8893608","","","","","","","365","365","365","155164","155164","155164","","","","","",""
"8893624","","","","","","","304","304","304","155165","155165","155165","","","","","",""
"8893640","","","","","","","295.3333333333333","156","367","155167","155166","155168","","","","","",""
"8893648","","","","","","","372","372","372","155169","155169","155169","","","","","",""
"8919824","","","","","","","","","","","","","442","442","442","97615","97615","97615"
"8919832","","","","","","","","","","","","","460","460","460","97616","97616","97616"
"8919864","","","","","","","","","","","","","436","436","436","97617","97617","97617"
"8920216","","","","","","","186","186","186","155638","155638","155638","","","","","",""
"8920272","","","","","","","177","177","177","155639","155639","155639","","","","","",""
"8920280","","","","","","","413","413","413","155640","155640","155640","","","","","",""
"8946384","","","","","","","","","","","","","412.5","386","439","97904.5","97904","97905"
"8946416","","","","","","","","","","","","","450","450","450","97906","97906","97906"
"8946456","","","","","","","","","","","","","189","189","189","97907","97907","97907"
"8946464","","","","","","","","","","","","","702","702","702","97908","97908","97908"
"8946848","","","","","","","183","183","183","156109","156109","156109","","","","","",""
"8946864","","","","","","","333","333","333","156110","156110","156110","","","","","",""
"8946880","","","","","","","409","409","409","156111","156111","156111","","","","","",""
"8946896","","","","","","","382.5","347","418","156112.5","156112","156113","","","","","",""
"8946904","","","","","","","426","426","426","156114","156114","156114","","","","","",""
"8973056","","","","","","","","","","","","","670","670","670","98195","98195","98195"
"8973120","","","","","","","","","","","","","412","412","412","98196","98196","98196"
"8973512","","","","","","","179","179","179","156583","156583","156583","","","","","",""
"8973528","","","","","","","231","163","348","156585","156584","156586","","","","","",""
"8973536","","","","","","","278","158","398","156587.5","156587","156588","","","","","",""
"8999640","","","","","","","","","","","","","395.5","388","403","98483.5","98483","98484"
"8999672","","","","","","","","","","","","","476","476","476","98485","98485","98485"
"8999712","","","","","","","","","","","","","576","429","723","98486.5","98486","98487"
"8999720","","","","","","","","","","","","","474","474","474","98488","98488","98488"
"9000104","","","","","","","330","330","330","157057","157057","157057","","","","","",""
"9000120","","","","","","","391","391","391","157058","157058","157058","","","","","",""
"9000144","","","","","","","190","190","190","157059","157059","157059","","","","","",""
"9000168","","","","","","","180","180","180","157060","157060","157060","","","","","",""
"9026312","","","","","","","","","","","","","419","419","419","98775","98775","98775"
"9026376","","","","","","","","","","","","","429","429","429","98776","98776","98776"
"9026752","","","","","","","189","189","189","157529","157529","157529","","","","","",""
"9026776","","","","","","","168","168","168","157530","157530","157530","","","","","",""
"9026784","","","","","","","354","335","385","157532","157531","157533","","","","","",""
"9026792","","","","","","","379","379","379","157534","157534","157534","","","","","",""
"9026800","","","","","","","150","150","150","157535","157535","157535","","","","","",""
"9052896","","","","","","","","","","","","","423","390","456","99063.5","99063","99064"
"9052928","","","","","","","","","","","","","408","408","408","99065","99065","99065"
"9052968","","","","","","","","","","","","","416.5","398","435","99066.5","99066","99067"
"9052976","","","","","","","","","","","","","375","375","375","99068","99068","99068"
"9053360","","","","","","","352","352","352","158004","158004","158004","","","","","",""
"9053416","","","","","","","188.5","179","198","158005.5","158005","158006","","","","","",""
"9053424","","","","","","","180","180","180","158007","158007","158007","","","","","",""
"9053432","","","","","","","196","196","196","158008","158008","158008","","","","","",""
"9079560","","","","","","","","","","","","","179","179","179","99355","99355","99355"
"9079632","","","","","","","","","","","","","403","403","403","99356","99356","99356"
"9080008","","","","","","","378","378","378","158477","158477","158477","","","","","",""
"9080032","","","","","","","378","378","378","158478","158478","158478","","","","","",""
"9080040","","","","","","","391","391","391","158479","158479","158479","","","","","",""
"9080048","","","","","","","196","196","196","158480","158480","158480","","","","","",""
"9080056","","","","","","","193","193","193","158481","158481","158481","","","","","",""
"9106152","","","","","","","","","","","","","442.5","441","444","99643.5","99643","99644"
"9106192","","","","","","","","","","","","","654","654","654","99645","99645","99645"
"9106224","","","","","","","","","","","","","462","454","470","99646.5","99646","99647"
"9106616","","","","","","","327","327","327","158950","158950","158950","","","","","",""
"9106640","","","","","","","177","177","177","158951","158951","158951","","","","","",""
"9106672","","","","","","","456","456","456","158952","158952","158952","","","","","",""
"9106688","","","","","","","358","358","358","158953","158953","158953","","","","","",""
"9132816","","","","","","","","","","","","","458","458","458","99934","99934","99934"
"9132856","","","","","","","","","","","","","647","647","647","99935","99935","99935"
"9132888","","","","","","","","","","","","","438","438","438","99936","99936","99936"
"9133288","","","","","","","372","372","372","159422","159422","159422","","","","","",""
"9133296","","","","","","","374","374","374","159423","159423","159423","","","","","",""
"9133304","","","","","","","406","406","406","159424","159424","159424","","","","","",""
"9133312","","","","","","","375","375","375","159425","159425","159425","","","","","",""
"9159408","","","","","","","","","","","","","465","465","465","100223","100223","100223"
"9159448","","","","","","","","","","","","","404","404","404","100224","100224","100224"
"9159480","","","","","","","","","","","","","449","427","471","100225.5","100225","100226"
"9159488","","","","","","","","","","","","","197","197","197","100227","100227","100227"
"9159872","","","","","","","395","395","395","159894","159894","159894","","","","","",""
"9159896","","","","","","","332","332","332","159895","159895","159895","","","","","",""
"9159920","","","","","","","196","196","196","159896","159896","159896","","","","","",""
"9159928","","","","","","","328","191","465","159897.5","159897","159898","","","","","",""
"9159944","","","","","","","395","395","395","159899","159899","159899","","","","","",""
"9186032","","","","","","","","","","","","","712","712","712","100514","100514","100514"
"9186040","","","","","","","","","","","","","170","170","170","100515","100515","100515"
"9186072","","","","","","","","","","","","","471","471","471","100516","100516","100516"
"9186144","","","","","","","","","","","","","380","380","380","100517","100517","100517"
"9186560","","","","","","","458","458","458","160368","160368","160368","","","","","",""
"9186568","","","","","","","422","422","422","160369","160369","160369","","","","","",""
"9212704","","","","","","","","","","","","","477","477","477","100804","100804","100804"
"9212736","","","","","","","","","","","","","464.5","437","492","100805.5","100805","100806"
"9212744","","","","","","","","","","","","","426","426","426","100807","100807","100807"
"9213128","","","","","","","381","381","381","160838","160838","160838","","","","","",""
"9213152","","","","","","","417","417","417","160839","160839","160839","","","","","",""
"9213176","","","","","","","400","400","400","160840","160840","160840","","","","","",""
"9213184","","","","","","","397.5","380","415","160841.5","160841","160842","","","","","",""
"9213200","","","","","","","423","423","423","160843","160843","160843","","","","","",""
"9239328","","","","","","","","","","","","","402","402","402","101094","101094","101094"
"9239760","","","","","","","195","195","195","161312","161312","161312","","","","","",""
"9239816","","","","","","","431","431","431","161313","161313","161313","","","","","",""
"9239824","","","","","","","463","463","463","161314","161314","161314","","","","","",""
"9265920","","","","","","","","","","","","","786","786","786","101381","101381","101381"
"9265992","","","","","","","","","","","","","477","467","487","101382.5","101382","101383"
"9266024","","","","","","","","","","","","","742","742","742","101384","101384","101384"
"9266408","","","","","","","425","425","425","161783","161783","161783","","","","","",""
"9266432","","","","","","","408","408","408","161784","161784","161784","","","","","",""
"9266440","","","","","","","362","321","403","161785.5","161785","161786","","","","","",""
"9266456","","","","","","","370","370","370","161787","161787","161787","","","","","",""
"9292536","","","","","","","","","","","","","956","956","956","101671","101671","101671"
"9292584","","","","","","","","","","","","","720","720","720","101672","101672","101672"
"9292624","","","","","","","","","","","","","674","674","674","101673","101673","101673"
"9293016","","","","","","","435","435","435","162256","162256","162256","","","","","",""
"9293064","","","","","","","170","170","170","162257","162257","162257","","","","","",""
"9293072","","","","","","","267.5","161","374","162258.5","162258","162259","","","","","",""
"9293080","","","","","","","413","413","413","162260","162260","162260","","","","","",""
"9319176","","","","","","","","","","","","","482","482","482","101960","101960","101960"
"9319248","","","","","","","","","","","","","451","439","463","101961.5","101961","101962"
"9319280","","","","","","","","","","","","","422","422","422","101963","101963","101963"
"9319648","","","","","","","160","160","160","162729","162729","162729","","","","","",""
"9319664","","","","","","","434","434","434","162730","162730","162730","","","","","",""
"9319696","","","","","","","181","181","181","162731","162731","162731","","","","","",""
"9319712","","","","","","","427","427","427","162732","162732","162732","","","","","",""
"9345792","","","","","","","","","","","","","372","372","372","102250","102250","102250"
"9345832","","","","","","","","","","","","","969","969","969","102251","102251","102251"
"9345880","","","","","","","","","","","","","420","420","420","102252","102252","102252"
"9346280","","","","","","","192","192","192","163201","163201","163201","","","","","",""
"9346296","","","","","","","162","162","162","163202","163202","163202","","","","","",""
"9346320","","","","","","","659","659","659","163203","163203","163203","","","","","",""
"9346328","","","","","","","276.6666666666667","179","342","163205","163204","163206","","","","","",""
"9346336","","","","","","","374","374","374","163207","163207","163207","","","","","",""
"9346344","","","","","","","169","169","169","163208","163208","163208","","","","","",""
"9372432","","","","","","","","","","","","","422","422","422","102539","102539","102539"
"9372464","","","","","","","","","","","","","629","629","629","102540","102540","102540"
"9372504","","","","","","","","","","","","","423","406","440","102541.5","102541","102542"
"9372536","","","","","","","","","","","","","353","353","353","102543","102543","102543"
"9372912","","","","","","","134","134","134","163677","163677","163677","","","","","",""
"9372952","","","","","","","189","189","189","163678","163678","163678","","","","","",""
"9372960","","","","","","","153","152","154","163679.5","163679","163680","","","","","",""
"9372976","","","","","","","185","185","185","163681","163681","163681","","","","","",""
"9399048","","","","","","","","","","","","","422","422","422","102830","102830","102830"
"9399088","","","","","","","","","","","","","415","415","415","102831","102831","102831"
"9399136","","","","","","","","","","","","","482","482","482","102832","102832","102832"
"9399544","","","","","","","175","175","175","164150","164150","164150","","","","","",""
"9399552","","","","","","","482","482","482","164151","164151","164151","","","","","",""
"9399584","","","","","","","365","365","365","164152","164152","164152","","","","","",""
"9399592","","","","","","","259","168","350","164153.5","164153","164154","","","","","",""
"9399608","","","","","","","168","168","168","164155","164155","164155","","","","","",""
"9425688","","","","","","","","","","","","","469","469","469","103119","103119","103119"
"9425720","","","","","","","","","","","","","416","416","416","103120","103120","103120"
"9425760","","","","","","","","","","","","","442","387","497","103121.5","103121","103122"
"9425792","","","","","","","","","","","","","429","429","429","103123","103123","103123"
"9426184","","","","","","","145","145","145","164624","164624","164624","","","","","",""
"9426208","","","","","","","347","347","347","164625","164625","164625","","","","","",""
"9426216","","","","","","","433","433","433","164626","164626","164626","","","","","",""
"9426224","","","","","","","177","177","177","164627","164627","164627","","","","","",""
"9426240","","","","","","","161","161","161","164628","164628","164628","","","","","",""
"9452304","","","","","","","","","","","","","468","468","468","103410","103410","103410"
"9452344","","","","","","","","","","","","","468","468","468","103411","103411","103411"
"9452392","","","","","","","","","","","","","453","453","453","103412","103412","103412"
"9452800","","","","","","","427","427","427","165097","165097","165097","","","","","",""
"9452816","","","","","","","154","154","154","165098","165098","165098","","","","","",""
"9452840","","","","","","","300","178","422","165099.5","165099","165100","","","","","",""
"9452848","","","","","","","260.5","175","346","165101.5","165101","165102","","","","","",""
"9452856","","","","","","","172","172","172","165103","165103","165103","","","","","",""
"9452872","","","","","","","163","163","163","165104","165104","165104","","","","","",""
"9478944","","","","","","","","","","","","","473","473","473","103699","103699","103699"
"9478976","","","","","","","","","","","","","491","491","491","103700","103700","103700"
"9479016","","","","","","","","","","","","","422.5","379","466","103701.5","103701","103702"
"9479048","","","","","","","","","","","","","469","469","469","103703","103703","103703"
"9479432","","","","","","","161","161","161","165573","165573","165573","","","","","",""
"9479472","","","","","","","164","149","179","165574.5","165574","165575","","","","","",""
"9479480","","","","","","","184","181","187","165576.5","165576","165577","","","","","",""
"9479488","","","","","","","191","191","191","165578","165578","165578","","","","","",""
"9479504","","","","","","","182","182","182","165579","165579","165579","","","","","",""
"9505560","","","","","","","","","","","","","426","426","426","103990","103990","103990"
"9505600","","","","","","","","","","","","","454","454","454","103991","103991","103991"
"9505648","","","","","","","","","","","","","456","456","456","103992","103992","103992"
"9506064","","","","","","","194","194","194","166048","166048","166048","","","","","",""
"9506072","","","","","","","325","325","325","166049","166049","166049","","","","","",""
"9506104","","","","","","","140.5","102","179","166050.5","166050","166051","","","","","",""
"9506112","","","","","","","169.5","169","170","166052.5","166052","166053","","","","","",""
"9506120","","","","","","","173","173","173","166054","166054","166054","","","","","",""
"9506136","","","","","","","116","116","116","166055","166055","166055","","","","","",""
"9532200","","","","","","","","","","","","","463","463","463","104279","104279","104279"
"9532232","","","","","","","","","","","","","431","431","431","104280","104280","104280"
"9532272","","","","","","","","","","","","","446","429","463","104281.5","104281","104282"
"9532304","","","","","","","","","","","","","476","476","476","104283","104283","104283"
"9532696","","","","","","","86","86","86","166524","166524","166524","","","","","",""
"9532704","","","","","","","121","121","121","166525","166525","166525","","","","","",""
"9532736","","","","","","","115.5","111","120","166526.5","166526","166527","","","","","",""
"9532744","","","","","","","148.5","116","181","166528.5","166528","166529","","","","","",""
"9532752","","","","","","","135","135","135","166530","166530","166530","","","","","",""
"9532768","","","","","","","164","164","164","166531","166531","166531","","","","","",""
"9558904","","","","","","","","","","","","","448","448","448","104570","104570","104570"
"9559328","","","","","","","170","170","170","167000","167000","167000","","","","","",""
"9559336","","","","","","","178","178","178","167001","167001","167001","","","","","",""
"9559368","","","","","","","180.5","173","188","167002.5","167002","167003","","","","","",""
"9559376","","","","","","","152","129","175","167004.5","167004","167005","","","","","",""
"9559384","","","","","","","119","119","119","167006","167006","167006","","","","","",""
"9559400","","","","","","","142","142","142","167007","167007","167007","","","","","",""
"9585440","","","","","","","","","","","","","737","737","737","104857","104857","104857"
"9585456","","","","","","","","","","","","","423","423","423","104858","104858","104858"
"9585480","","","","","","","","","","","","","685","685","685","104859","104859","104859"
"9585488","","","","","","","","","","","","","467","467","467","104860","104860","104860"
"9585528","","","","","","","","","","","","","478","475","481","104861.5","104861","104862"
"9585560","","","","","","","","","","","","","475","475","475","104863","104863","104863"
"9585960","","","","","","","129","129","129","167476","167476","167476","","","","","",""
"9585968","","","","","","","149","149","149","167477","167477","167477","","","","","",""
"9586000","","","","","","","156","143","169","167478.5","167478","167479","","","","","",""
"9586008","","","","","","","144.5","138","151","167480.5","167480","167481","","","","","",""
"9586016","","","","","","","143","143","143","167482","167482","167482","","","","","",""
"9586032","","","","","","","148","148","148","167483","167483","167483","","","","","",""
"9612160","","","","","","","","","","","","","422","422","422","105150","105150","105150"
"9612592","","","","","","","176","176","176","167952","167952","167952","","","","","",""
"9612600","","","","","","","117","117","117","167953","167953","167953","","","","","",""
"9612632","","","","","","","139","122","156","167954.5","167954","167955","","","","","",""
"9612640","","","","","","","99","94","104","167956.5","167956","167957","","","","","",""
"9612648","","","","","","","156","156","156","167958","167958","167958","","","","","",""
"9612664","","","","","","","155","155","155","167959","167959","167959","","","","","",""
"9638696","","","","","","","","","","","","","466","466","466","105437","105437","105437"
"9638712","","","","","","","","","","","","","390","390","390","105438","105438","105438"
"9638736","","","","","","","","","","","","","447","447","447","105439","105439","105439"
"9638744","","","","","","","","","","","","","417","417","417","105440","105440","105440"
"9638784","","","","","","","","","","","","","415","415","415","105441","105441","105441"
"9638816","","","","","","","","","","","","","404","404","404","105442","105442","105442"
"9639224","","","","","","","174","174","174","168428","168428","168428","","","","","",""
"9639232","","","","","","","168","168","168","168429","168429","168429","","","","","",""
"9639264","","","","","","","139","138","140","168430.5","168430","168431","","","","","",""
"9639272","","","","","","","178.5","171","186","168432.5","168432","168433","","","","","",""
"9639280","","","","","","","198","198","198","168434","168434","168434","","","","","",""
"9639296","","","","","","","160","160","160","168435","168435","168435","","","","","",""
"9665408","","","","","","","","","","","","","717","717","717","105729","105729","105729"
"9665416","","","","","","","","","","","","","446","446","446","105730","105730","105730"
"9665856","","","","","","","182","182","182","168904","168904","168904","","","","","",""
"9665864","","","","","","","162","162","162","168905","168905","168905","","","","","",""
"9665896","","","","","","","164","138","190","168906.5","168906","168907","","","","","",""
"9665904","","","","","","","132","132","132","168908.5","168908","168909","","","","","",""
"9665912","","","","","","","122","122","122","168910","168910","168910","","","","","",""
"9665928","","","","","","","168","168","168","168911","168911","168911","","","","","",""
"9691952","","","","","","","","","","","","","467","467","467","106017","106017","106017"
"9691968","","","","","","","","","","","","","499","499","499","106018","106018","106018"
"9692040","","","","","","","","","","","","","476","476","476","106019","106019","106019"
"9692072","","","","","","","","","","","","","456","456","456","106020","106020","106020"
"9692488","","","","","","","149","149","149","169380","169380","169380","","","","","",""
"9692496","","","","","","","125","125","125","169381","169381","169381","","","","","",""
"9692528","","","","","","","121.5","94","149","169382.5","169382","169383","","","","","",""
"9692536","","","","","","","147","127","167","169384.5","169384","169385","","","","","",""
"9692544","","","","","","","171","171","171","169386","169386","169386","","","","","",""
"9692560","","","","","","","138","138","138","169387","169387","169387","","","","","",""
"9718616","","","","","","","","","","","","","781","781","781","106307","106307","106307"
"9718624","","","","","","","","","","","","","725","725","725","106308","106308","106308"
"9718664","","","","","","","","","","","","","425","425","425","106309","106309","106309"
"9718672","","","","","","","","","","","","","453","453","453","106310","106310","106310"
"9719120","","","","","","","119","119","119","169856","169856","169856","","","","","",""
"9719128","","","","","","","95","95","95","169857","169857","169857","","","","","",""
"9719160","","","","","","","144.5","131","158","169858.5","169858","169859","","","","","",""
"9719168","","","","","","","170","146","194","169860.5","169860","169861","","","","","",""
"9719176","","","","","","","111","111","111","169862","169862","169862","","","","","",""
"9719192","","","","","","","162","162","162","169863","169863","169863","","","","","",""
"9745208","","","","","","","","","","","","","471","471","471","106597","106597","106597"
"9745224","","","","","","","","","","","","","496","496","496","106598","106598","106598"
"9745296","","","","","","","","","","","","","415","415","415","106599","106599","106599"
"9745304","","","","","","","","","","","","","199","199","199","106600","106600","106600"
"9745328","","","","","","","","","","","","","478","478","478","106601","106601","106601"
"9745752","","","","","","","154","154","154","170332","170332","170332","","","","","",""
"9745760","","","","","","","115","115","115","170333","170333","170333","","","","","",""
"9745792","","","","","","","178.5","173","184","170334.5","170334","170335","","","","","",""
"9745800","","","","","","","182","182","182","170336","170336","170336","","","","","",""
"9745808","","","","","","","148","148","148","170337","170337","170337","","","","","",""
"9745824","","","","","","","128","128","128","170338","170338","170338","","","","","",""
"9771880","","","","","","","","","","","","","459","459","459","106888","106888","106888"
"9772384","","","","","","","136","136","136","170807","170807","170807","","","","","",""
"9772392","","","","","","","145","145","145","170808","170808","170808","","","","","",""
"9772424","","","","","","","247","180","314","170809.5","170809","170810","","","","","",""
"9772440","","","","","","","176","176","176","170811","170811","170811","","","","","",""
"9798464","","","","","","","","","","","","","427","427","427","107175","107175","107175"
"9798480","","","","","","","","","","","","","454","454","454","107176","107176","107176"
"9798496","","","","","","","","","","","","","793","793","793","107177","107177","107177"
"9798544","","","","","","","","","","","","","706","706","706","107178","107178","107178"
"9798552","","","","","","","","","","","","","479","479","479","107179","107179","107179"
"9798560","","","","","","","","","","","","","476","476","476","107180","107180","107180"
"9799016","","","","","","","117","117","117","171280","171280","171280","","","","","",""
"9799024","","","","","","","169","169","169","171281","171281","171281","","","","","",""
"9799048","","","","","","","371","371","371","171282","171282","171282","","","","","",""
"9799056","","","","","","","235.33333333333334","159","364","171284","171283","171285","","","","","",""
"9799080","","","","","","","398","398","398","171286","171286","171286","","","","","",""
"9825136","","","","","","","","","","","","","441","441","441","107467","107467","107467"
"9825208","","","","","","","","","","","","","779","779","779","107468","107468","107468"
"9825648","","","","","","","152","152","152","171755","171755","171755","","","","","",""
"9825656","","","","","","","142","142","142","171756","171756","171756","","","","","",""
"9825680","","","","","","","165","165","165","171757","171757","171757","","","","","",""
"9825688","","","","","","","170.33333333333334","126","195","171759","171758","171760","","","","","",""
"9825696","","","","","","","343","343","343","171761","171761","171761","","","","","",""
"9825712","","","","","","","189","189","189","171762","171762","171762","","","","","",""
"9851720","","","","","","","","","","","","","464","464","464","107755","107755","107755"
"9851736","","","","","","","","","","","","","411","411","411","107756","107756","107756"
"9851752","","","","","","","","","","","","","431","431","431","107757","107757","107757"
"9851816","","","","","","","","","","","","","444","444","444","107758","107758","107758"
"9852280","","","","","","","148","148","148","172231","172231","172231","","","","","",""
"9852288","","","","","","","140","140","140","172232","172232","172232","","","","","",""
"9852312","","","","","","","154","154","154","172233","172233","172233","","","","","",""
"9852320","","","","","","","166","151","182","172235","172234","172236","","","","","",""
"9852328","","","","","","","91","91","91","172237","172237","172237","","","","","",""
"9852344","","","","","","","186","186","186","172238","172238","172238","","","","","",""
"9878392","","","","","","","","","","","","","474","474","474","108045","108045","108045"
"9878424","","","","","","","","","","","","","715","715","715","108046","108046","108046"
"9878432","","","","","","","","","","","","","779","779","779","108047","108047","108047"
"9878464","","","","","","","","","","","","","424","424","424","108048","108048","108048"
"9878912","","","","","","","165","165","165","172707","172707","172707","","","","","",""
"9878920","","","","","","","141","141","141","172708","172708","172708","","","","","",""
"9878944","","","","","","","121","121","121","172709","172709","172709","","","","","",""
"9878952","","","","","","","132","92","158","172711","172710","172712","","","","","",""
"9878960","","","","","","","159","159","159","172713","172713","172713","","","","","",""
"9878976","","","","","","","147","147","147","172714","172714","172714","","","","","",""
"9905544","","","","","","","161","161","161","173183","173183","173183","","","","","",""
"9905552","","","","","","","119","119","119","173184","173184","173184","","","","","",""
"9905576","","","","","","","93","93","93","173185","173185","173185","","","","","",""
"9905584","","","","","","","100","66","149","173187","173186","173188","","","","","",""
"9905592","","","","","","","132","132","132","173189","173189","173189","","","","","",""
"9905608","","","","","","","83","83","83","173190","173190","173190","","","","","",""
"9931600","","","","","","","","","","","","","702","702","702","108621","108621","108621"
"9931616","","","","","","","","","","","","","749","749","749","108622","108622","108622"
"9931632","","","","","","","","","","","","","748","748","748","108623","108623","108623"
"9931648","","","","","","","","","","","","","381","381","381","108624","108624","108624"
"9931680","","","","","","","","","","","","","482","482","482","108625","108625","108625"
"9931696","","","","","","","","","","","","","735","735","735","108626","108626","108626"
"9932176","","","","","","","187","187","187","173659","173659","173659","","","","","",""
"9932184","","","","","","","197","197","197","173660","173660","173660","","","","","",""
"9932208","","","","","","","176","176","176","173661","173661","173661","","","","","",""
"9932216","","","","","","","171.33333333333334","133","192","173663","173662","173664","","","","","",""
"9958232","","","","","","","","","","","","","166","166","166","108913","108913","108913"
"9958312","","","","","","","","","","","","","458.5","198","719","108914.5","108914","108915"
"9958344","","","","","","","","","","","","","756","756","756","108916","108916","108916"
"9958808","","","","","","","133","133","133","174133","174133","174133","","","","","",""
"9958816","","","","","","","151","151","151","174134","174134","174134","","","","","",""
"9958840","","","","","","","111","111","111","174135","174135","174135","","","","","",""
"9958848","","","","","","","199","128","323","174137.5","174136","174139","","","","","",""
"9958864","","","","","","","331","331","331","174140","174140","174140","","","","","",""
"9984872","","","","","","","","","","","","","435","435","435","109203","109203","109203"
"9984888","","","","","","","","","","","","","467","467","467","109204","109204","109204"
"9984904","","","","","","","","","","","","","478","478","478","109205","109205","109205"
"9984952","","","","","","","","","","","","","488","488","488","109206","109206","109206"
"9984976","","","","","","","","","","","","","195","195","195","109207","109207","109207"
"9985440","","","","","","","74","74","74","174609","174609","174609","","","","","",""
"9985448","","","","","","","121","121","121","174610","174610","174610","","","","","",""
"9985472","","","","","","","141","141","141","174611","174611","174611","","","","","",""
"9985480","","","","","","","137.25","115","180","174613.5","174612","174615","","","","","",""
"9985496","","","","","","","181","181","181","174616","174616","174616","","","","","",""