"global_step","1772388591-grad-compression=accumulate-grads - charts/episodic_return","1772388591-grad-compression=accumulate-grads - charts/episodic_return__MIN","1772388591-grad-compression=accumulate-grads - charts/episodic_return__MAX","1772388591-grad-compression=accumulate-grads - _step","1772388591-grad-compression=accumulate-grads - _step__MIN","1772388591-grad-compression=accumulate-grads - _step__MAX","accumulate-grads_30kwarmup - charts/episodic_return","accumulate-grads_30kwarmup - charts/episodic_return__MIN","accumulate-grads_30kwarmup - charts/episodic_return__MAX","accumulate-grads_30kwarmup - _step","accumulate-grads_30kwarmup - _step__MIN","accumulate-grads_30kwarmup - _step__MAX","baseline - charts/episodic_return","baseline - charts/episodic_return__MIN","baseline - charts/episodic_return__MAX","baseline - _step","baseline - _step__MIN","baseline - _step__MAX"
"-3096","-52.727272","-52.727272","-52.727272","0","0","0","-52.727272","-52.727272","-52.727272","0","0","0","-52.727272","-52.727272","-52.727272","0","0","0"
"-2095","-60.451977","-60.451977","-60.451977","1","1","1","-60.451977","-60.451977","-60.451977","1","1","1","-60.451977","-60.451977","-60.451977","1","1","1"
"-1094","-54.248367","-54.248367","-54.248367","2","2","2","-54.248367","-54.248367","-54.248367","2","2","2","-54.248367","-54.248367","-54.248367","2","2","2"
"-93","-55.47945","-55.47945","-55.47945","3","3","3","-55.47945","-55.47945","-55.47945","3","3","3","-55.47945","-55.47945","-55.47945","3","3","3"
"908","-38.405796","-38.405796","-38.405796","11","11","11","-38.405796","-38.405796","-38.405796","11","11","11","-38.405796","-38.405796","-38.405796","11","11","11"
"1909","-41.60584","-41.60584","-41.60584","12","12","12","-41.60584","-41.60584","-41.60584","12","12","12","-41.60584","-41.60584","-41.60584","12","12","12"
"2910","-45.51282","-45.51282","-45.51282","13","13","13","-45.51282","-45.51282","-45.51282","13","13","13","-45.51282","-45.51282","-45.51282","13","13","13"
"3911","-46.043167","-46.043167","-46.043167","14","14","14","-46.043167","-46.043167","-46.043167","14","14","14","-46.043167","-46.043167","-46.043167","14","14","14"
"4912","-29.36803","-29.36803","-29.36803","22","22","22","-29.36803","-29.36803","-29.36803","22","22","22","-29.36803","-29.36803","-29.36803","22","22","22"
"5913","-48.97959","-48.97959","-48.97959","23","23","23","-48.97959","-48.97959","-48.97959","23","23","23","-48.97959","-48.97959","-48.97959","23","23","23"
"6914","-26.470589","-26.470589","-26.470589","24","24","24","-26.470589","-26.470589","-26.470589","24","24","24","-26.470589","-26.470589","-26.470589","24","24","24"
"7915","-38.98305","-38.98305","-38.98305","25","25","25","-38.98305","-38.98305","-38.98305","25","25","25","-38.98305","-38.98305","-38.98305","25","25","25"
"8916","-37.8882","-37.8882","-37.8882","33","33","33","-37.8882","-37.8882","-37.8882","33","33","33","-37.8882","-37.8882","-37.8882","33","33","33"
"9917","-8.296944","-8.296944","-8.296944","34","34","34","-8.296944","-8.296944","-8.296944","34","34","34","-8.296944","-8.296944","-8.296944","34","34","34"
"10918","-28.825623","-28.825623","-28.825623","35","35","35","-28.825623","-28.825623","-28.825623","35","35","35","-28.825623","-28.825623","-28.825623","35","35","35"
"11919","-43.661972","-43.661972","-43.661972","36","36","36","-43.661972","-43.661972","-43.661972","36","36","36","-43.661972","-43.661972","-43.661972","36","36","36"
"12920","-56.656345","-56.656345","-56.656345","44","44","44","-56.656345","-56.656345","-56.656345","44","44","44","-56.656345","-56.656345","-56.656345","44","44","44"
"13921","-48.80546","-48.80546","-48.80546","45","45","45","-48.80546","-48.80546","-48.80546","45","45","45","-48.80546","-48.80546","-48.80546","45","45","45"
"14922","-50.35461","-50.35461","-50.35461","46","46","46","-50.35461","-50.35461","-50.35461","46","46","46","-50.35461","-50.35461","-50.35461","46","46","46"
"15923","-66.049385","-66.049385","-66.049385","47","47","47","-66.049385","-66.049385","-66.049385","47","47","47","-66.049385","-66.049385","-66.049385","47","47","47"
"16924","-16.43454","-16.43454","-16.43454","55","55","55","-16.43454","-16.43454","-16.43454","55","55","55","-16.43454","-16.43454","-16.43454","55","55","55"
"17925","-46.23656","-46.23656","-46.23656","56","56","56","-46.23656","-46.23656","-46.23656","56","56","56","-46.23656","-46.23656","-46.23656","56","56","56"
"18926","-62.5","-62.5","-62.5","57","57","57","-62.5","-62.5","-62.5","57","57","57","-62.5","-62.5","-62.5","57","57","57"
"19927","-41.55844","-41.55844","-41.55844","58","58","58","-41.55844","-41.55844","-41.55844","58","58","58","-41.55844","-41.55844","-41.55844","58","58","58"
"20928","-54.372623","-54.372623","-54.372623","66","66","66","-54.372623","-54.372623","-54.372623","66","66","66","-54.372623","-54.372623","-54.372623","66","66","66"
"21929","-43.143814","-43.143814","-43.143814","67","67","67","-43.143814","-43.143814","-43.143814","67","67","67","-43.143814","-43.143814","-43.143814","67","67","67"
"22930","-75.30864","-75.30864","-75.30864","68","68","68","-75.30864","-75.30864","-75.30864","68","68","68","-75.30864","-75.30864","-75.30864","68","68","68"
"23931","-60.912052","-60.912052","-60.912052","69","69","69","-60.912052","-60.912052","-60.912052","69","69","69","-60.912052","-60.912052","-60.912052","69","69","69"
"24932","-22.077923","-22.077923","-22.077923","77","77","77","-22.077923","-22.077923","-22.077923","77","77","77","-22.077923","-22.077923","-22.077923","77","77","77"
"25933","-61.805557","-61.805557","-61.805557","78","78","78","-61.805557","-61.805557","-61.805557","78","78","78","-61.805557","-61.805557","-61.805557","78","78","78"
"26934","-39.501778","-39.501778","-39.501778","79","79","79","-39.501778","-39.501778","-39.501778","79","79","79","-39.501778","-39.501778","-39.501778","79","79","79"
"27935","-34.7181","-34.7181","-34.7181","80","80","80","-34.7181","-34.7181","-34.7181","80","80","80","-34.7181","-34.7181","-34.7181","80","80","80"
"28936","-52.522255","-52.522255","-52.522255","88","88","88","-52.522255","-52.522255","-52.522255","88","88","88","-52.522255","-52.522255","-52.522255","88","88","88"
"29937","19.631903","19.631903","19.631903","89","89","89","19.631903","19.631903","19.631903","89","89","89","19.631903","19.631903","19.631903","89","89","89"
"30938","-45.454544","-45.454544","-45.454544","90","90","90","-45.454544","-45.454544","-45.454544","90","90","90","-45.454544","-45.454544","-45.454544","90","90","90"
"31939","-71.0611","-71.0611","-71.0611","91","91","91","-71.0611","-71.0611","-71.0611","91","91","91","-71.0611","-71.0611","-71.0611","91","91","91"
"32940","-33.554817","-33.554817","-33.554817","99","99","99","-33.554817","-33.554817","-33.554817","99","99","99","-33.554817","-33.554817","-33.554817","99","99","99"
"33941","-66.19718","-66.19718","-66.19718","100","100","100","-54.929577","-54.929577","-54.929577","100","100","100","-63.380283","-63.380283","-63.380283","100","100","100"
"34942","-25.423729","-25.423729","-25.423729","101","101","101","-25.423729","-25.423729","-25.423729","101","101","101","-28.813559","-28.813559","-28.813559","101","101","101"
"35943","-23.312883","-23.312883","-23.312883","102","102","102","-26.380367","-26.380367","-26.380367","102","102","102","-29.447853","-29.447853","-29.447853","102","102","102"
"36944","-9.090909","-9.090909","-9.090909","110","110","110","-12.587413","-12.587413","-12.587413","110","110","110","-5.5944057","-5.5944057","-5.5944057","110","110","110"
"37945","-70.26022","-70.26022","-70.26022","111","111","111","-70.26022","-70.26022","-70.26022","111","111","111","-70.26022","-70.26022","-70.26022","111","111","111"
"38946","-79.38145","-79.38145","-79.38145","112","112","112","-75.945015","-75.945015","-75.945015","112","112","112","-79.38145","-79.38145","-79.38145","112","112","112"
"39947","-41.55844","-41.55844","-41.55844","113","113","113","-41.55844","-41.55844","-41.55844","113","113","113","-44.805195","-44.805195","-44.805195","113","113","113"
"40948","-66.442955","-66.442955","-66.442955","114","114","114","-66.442955","-66.442955","-66.442955","114","114","114","-69.79866","-69.79866","-69.79866","114","114","114"
"41949","-66.86747","-66.86747","-66.86747","122","122","122","-69.87952","-69.87952","-69.87952","122","122","122","-69.87952","-69.87952","-69.87952","122","122","122"
"42950","-73.21429","-73.21429","-73.21429","123","123","123","-70.2381","-70.2381","-70.2381","123","123","123","-76.190475","-76.190475","-76.190475","123","123","123"
"43951","-66.10169","-66.10169","-66.10169","124","124","124","-59.322033","-59.322033","-59.322033","124","124","124","-66.10169","-66.10169","-66.10169","124","124","124"
"44952","-58.62069","-58.62069","-58.62069","125","125","125","-48.275864","-48.275864","-48.275864","125","125","125","-58.62069","-58.62069","-58.62069","125","125","125"
"45953","-46.42857","-46.42857","-46.42857","133","133","133","-64.28571","-64.28571","-64.28571","133","133","133","-60.714287","-60.714287","-60.714287","133","133","133"
"46954","-14.179105","-14.179105","-14.179105","134","134","134","-51.49254","-51.49254","-51.49254","134","134","134","-32.83582","-32.83582","-32.83582","134","134","134"
"47955","-72.13622","-72.13622","-72.13622","135","135","135","-65.944275","-65.944275","-65.944275","135","135","135","-75.2322","-75.2322","-75.2322","135","135","135"
"48956","-58.990536","-58.990536","-58.990536","136","136","136","-46.37224","-46.37224","-46.37224","136","136","136","-58.990536","-58.990536","-58.990536","136","136","136"
"49957","-74.02597","-74.02597","-74.02597","144","144","144","-38.311687","-38.311687","-38.311687","144","144","144","-70.77922","-70.77922","-70.77922","144","144","144"
"50958","-42.62295","-42.62295","-42.62295","145","145","145","-34.42623","-34.42623","-34.42623","145","145","145","-34.42623","-34.42623","-34.42623","145","145","145"
"51959","-62.328766","-62.328766","-62.328766","146","146","146","-52.054794","-52.054794","-52.054794","146","146","146","-28.082191","-28.082191","-28.082191","146","146","146"
"52960","-20.886076","-20.886076","-20.886076","147","147","147","-36.708862","-36.708862","-36.708862","147","147","147","-46.20253","-46.20253","-46.20253","147","147","147"
"53961","-58.47751","-58.47751","-58.47751","155","155","155","-55.0173","-55.0173","-55.0173","155","155","155","-48.096886","-48.096886","-48.096886","155","155","155"
"54916","-132.8","-132.8","-132.8","156","156","156","","","","","","","","","","","",""
"54962","","","","","","","-34.02778","-34.02778","-34.02778","156","156","156","-30.555555","-30.555555","-30.555555","156","156","156"
"55917","-32.83582","-32.83582","-32.83582","157","157","157","","","","","","","","","","","",""
"55963","","","","","","","-47.761192","-47.761192","-47.761192","157","157","157","-47.761192","-47.761192","-47.761192","157","157","157"
"56918","-14.19142","-14.19142","-14.19142","158","158","158","","","","","","","","","","","",""
"56964","","","","","","","-27.392738","-27.392738","-27.392738","158","158","158","-10.891089","-10.891089","-10.891089","158","158","158"
"57919","-46.23656","-46.23656","-46.23656","166","166","166","","","","","","","","","","","",""
"57965","","","","","","","-49.82079","-49.82079","-49.82079","166","166","166","-64.15771","-64.15771","-64.15771","166","166","166"
"58920","-71.53025","-71.53025","-71.53025","167","167","167","","","","","","","","","","","",""
"58966","","","","","","","-39.501778","-39.501778","-39.501778","167","167","167","-32.384342","-32.384342","-32.384342","167","167","167"
"59921","-68.085106","-68.085106","-68.085106","168","168","168","","","","","","","","","","","",""
"59967","","","","","","","-57.446808","-57.446808","-57.446808","168","168","168","-60.99291","-60.99291","-60.99291","168","168","168"
"60922","-66.911766","-66.911766","-66.911766","169","169","169","","","","","","","","","","","",""
"60968","","","","","","","-44.85294","-44.85294","-44.85294","169","169","169","-70.588234","-70.588234","-70.588234","169","169","169"
"61923","-56.52174","-56.52174","-56.52174","177","177","177","","","","","","","","","","","",""
"61969","","","","","","","-64.42688","-64.42688","-64.42688","177","177","177","-76.284584","-76.284584","-76.284584","177","177","177"
"62924","-19.35484","-19.35484","-19.35484","178","178","178","","","","","","","","","","","",""
"62970","","","","","","","-25.806452","-25.806452","-25.806452","178","178","178","-16.129032","-16.129032","-16.129032","178","178","178"
"63925","-11.4754095","-11.4754095","-11.4754095","179","179","179","","","","","","","","","","","",""
"63971","","","","","","","-70.491806","-70.491806","-70.491806","179","179","179","-63.934425","-63.934425","-63.934425","179","179","179"
"64926","-68.85813","-68.85813","-68.85813","180","180","180","","","","","","","","","","","",""
"64972","","","","","","","-41.17647","-41.17647","-41.17647","180","180","180","-75.77855","-75.77855","-75.77855","180","180","180"
"65927","-56.989246","-56.989246","-56.989246","188","188","188","","","","","","","","","","","",""
"65973","","","","","","","-39.0681","-39.0681","-39.0681","188","188","188","-35.48387","-35.48387","-35.48387","188","188","188"
"66928","-63.50365","-63.50365","-63.50365","189","189","189","","","","","","","","","","","",""
"66974","","","","","","","-59.854015","-59.854015","-59.854015","189","189","189","-27.0073","-27.0073","-27.0073","189","189","189"
"67929","-44.07895","-44.07895","-44.07895","190","190","190","","","","","","","","","","","",""
"67975","","","","","","","-67.10526","-67.10526","-67.10526","190","190","190","-34.210526","-34.210526","-34.210526","190","190","190"
"68930","11.111111","11.111111","11.111111","191","191","191","","","","","","","","","","","",""
"68976","","","","","","","-53.405018","-53.405018","-53.405018","191","191","191","-46.23656","-46.23656","-46.23656","191","191","191"
"69931","-62.14511","-62.14511","-62.14511","199","199","199","","","","","","","","","","","",""
"69977","","","","","","","-81.072556","-81.072556","-81.072556","199","199","199","-77.917984","-77.917984","-77.917984","199","199","199"
"70480","","","","","","","-119.89866","-119.89866","-119.89866","200","200","200","","","","","",""
"70932","-39.597317","-39.597317","-39.597317","200","200","200","","","","","","","","","","","",""
"70978","","","","","","","","","","","","","-9.395973","-9.395973","-9.395973","200","200","200"
"71481","","","","","","","0.67114097","0.67114097","0.67114097","201","201","201","","","","","",""
"71933","-39.597317","-39.597317","-39.597317","201","201","201","","","","","","","","","","","",""
"71979","","","","","","","","","","","","","-66.442955","-66.442955","-66.442955","201","201","201"
"72482","","","","","","","-24.398626","-24.398626","-24.398626","202","202","202","","","","","",""
"72934","-20.9622","-20.9622","-20.9622","202","202","202","","","","","","","","","","","",""
"72980","","","","","","","","","","","","","-55.32646","-55.32646","-55.32646","202","202","202"
"73483","","","","","","","2.102102","2.102102","2.102102","203","203","203","","","","","",""
"73935","-45.945946","-45.945946","-45.945946","210","210","210","","","","","","","","","","","",""
"73981","","","","","","","","","","","","","-60.96096","-60.96096","-60.96096","210","210","210"
"74484","","","","","","","-74.60317","-74.60317","-74.60317","211","211","211","","","","","",""
"74936","-4.7619047","-4.7619047","-4.7619047","211","211","211","","","","","","","","","","","",""
"74982","","","","","","","","","","","","","-7.9365077","-7.9365077","-7.9365077","211","211","211"
"75485","","","","","","","-63.81579","-63.81579","-63.81579","212","212","212","","","","","",""
"75937","48.026318","48.026318","48.026318","212","212","212","","","","","","","","","","","",""
"75983","","","","","","","","","","","","","-60.526318","-60.526318","-60.526318","212","212","212"
"76486","","","","","","","-34.865902","-34.865902","-34.865902","213","213","213","","","","","",""
"76938","22.605364","22.605364","22.605364","213","213","213","","","","","","","","","","","",""
"76984","","","","","","","","","","","","","-15.708813","-15.708813","-15.708813","213","213","213"
"77474","","","","","","","-137.62439","-137.62439","-137.62439","214","214","214","","","","","",""
"77939","-55.284554","-55.284554","-55.284554","221","221","221","","","","","","","","","","","",""
"77985","","","","","","","","","","","","","1.6260163","1.6260163","1.6260163","221","221","221"
"78475","","","","","","","-60","-60","-60","222","222","222","","","","","",""
"78940","6.6666665","6.6666665","6.6666665","222","222","222","","","","","","","","","","","",""
"78986","","","","","","","","","","","","","-66.666664","-66.666664","-66.666664","222","222","222"
"79476","","","","","","","-44.64945","-44.64945","-44.64945","223","223","223","","","","","",""
"79941","-7.7490773","-7.7490773","-7.7490773","223","223","223","","","","","","","","","","","",""
"79987","","","","","","","","","","","","","-33.579334","-33.579334","-33.579334","223","223","223"
"80477","","","","","","","-13.907285","-13.907285","-13.907285","224","224","224","","","","","",""
"80942","-10.596026","-10.596026","-10.596026","224","224","224","","","","","","","","","","","",""
"80988","","","","","","","","","","","","","-0.66225165","-0.66225165","-0.66225165","224","224","224"
"81478","","","","","","","-9.090909","-9.090909","-9.090909","225","225","225","","","","","",""
"81853","","","","","","","","","","","","","-119.86643","-119.86643","-119.86643","225","225","225"
"81943","-40.55944","-40.55944","-40.55944","232","232","232","","","","","","","","","","","",""
"82061","","","","","","","-127.38328","-127.38328","-127.38328","233","233","233","","","","","",""
"82850","","","","","","","","","","","","","-172.19624","-172.19624","-172.19624","233","233","233"
"82899","-171.50922","-171.50922","-171.50922","233","233","233","","","","","","","","","","","",""
"83062","","","","","","","-74.07407","-74.07407","-74.07407","234","234","234","","","","","",""
"83851","","","","","","","","","","","","","11.111111","11.111111","11.111111","234","234","234"
"83900","-62.962963","-62.962963","-62.962963","234","234","234","","","","","","","","","","","",""
"84063","","","","","","","-55.6962","-55.6962","-55.6962","235","235","235","","","","","",""
"84792","","","","","","","","","","","","","-140.10254","-140.10254","-140.10254","235","235","235"
"84901","-20.886076","-20.886076","-20.886076","235","235","235","","","","","","","","","","","",""
"85064","","","","","","","-64.85623","-64.85623","-64.85623","236","236","236","","","","","",""
"85587","","","","","","","","","","","","","-153.74089","-153.74089","-153.74089","236","236","236"
"85902","120.44728","120.44728","120.44728","236","236","236","","","","","","","","","","","",""
"86065","","","","","","","-0.7633588","-0.7633588","-0.7633588","244","244","244","","","","","",""
"86588","","","","","","","","","","","","","-46.564884","-46.564884","-46.564884","244","244","244"
"86903","56.48855","56.48855","56.48855","244","244","244","","","","","","","","","","","",""
"87066","","","","","","","-37.5","-37.5","-37.5","245","245","245","","","","","",""
"87589","","","","","","","","","","","","","-44.85294","-44.85294","-44.85294","245","245","245"
"87904","-52.205883","-52.205883","-52.205883","245","245","245","","","","","","","","","","","",""
"88067","","","","","","","-68.55346","-68.55346","-68.55346","246","246","246","","","","","",""
"88590","","","","","","","","","","","","","-55.974842","-55.974842","-55.974842","246","246","246"
"88905","3.7735848","3.7735848","3.7735848","246","246","246","","","","","","","","","","","",""
"89068","","","","","","","-40.199337","-40.199337","-40.199337","247","247","247","","","","","",""
"89591","","","","","","","","","","","","","-16.943521","-16.943521","-16.943521","247","247","247"
"89906","-40.199337","-40.199337","-40.199337","247","247","247","","","","","","","","","","","",""
"90069","","","","","","","-75","-75","-75","248","248","248","","","","","",""
"90592","","","","","","","","","","","","","-75","-75","-75","255","255","255"
"90907","-50","-50","-50","255","255","255","","","","","","","","","","","",""
"91070","","","","","","","-19.753086","-19.753086","-19.753086","256","256","256","","","","","",""
"91593","","","","","","","","","","","","","-59.876545","-59.876545","-59.876545","256","256","256"
"91908","-38.271606","-38.271606","-38.271606","256","256","256","","","","","","","","","","","",""
"92071","","","","","","","-55.414013","-55.414013","-55.414013","257","257","257","","","","","",""
"92569","","","","","","","","","","","","","-155.99873","-155.99873","-155.99873","257","257","257"
"92909","-49.044586","-49.044586","-49.044586","257","257","257","","","","","","","","","","","",""
"93072","","","","","","","-36.842106","-36.842106","-36.842106","258","258","258","","","","","",""
"93570","","","","","","","","","","","","","-36.842106","-36.842106","-36.842106","258","258","258"
"93910","8.77193","8.77193","8.77193","258","258","258","","","","","","","","","","","",""
"94073","","","","","","","-81.01266","-81.01266","-81.01266","259","259","259","","","","","",""
"94571","","","","","","","","","","","","","-27.215189","-27.215189","-27.215189","266","266","266"
"94911","-62.02532","-62.02532","-62.02532","266","266","266","","","","","","","","","","","",""
"95074","","","","","","","-39.0681","-39.0681","-39.0681","267","267","267","","","","","",""
"95572","","","","","","","","","","","","","-56.989246","-56.989246","-56.989246","267","267","267"
"95912","-10.394265","-10.394265","-10.394265","267","267","267","","","","","","","","","","","",""
"96075","","","","","","","-30.76923","-30.76923","-30.76923","268","268","268","","","","","",""
"96573","","","","","","","","","","","","","-30.76923","-30.76923","-30.76923","268","268","268"
"96913","57.692307","57.692307","57.692307","268","268","268","","","","","","","","","","","",""
"97076","","","","","","","-62.328766","-62.328766","-62.328766","269","269","269","","","","","",""
"97574","","","","","","","","","","","","","-45.20548","-45.20548","-45.20548","269","269","269"
"97914","-45.20548","-45.20548","-45.20548","269","269","269","","","","","","","","","","","",""
"98077","","","","","","","-40.520447","-40.520447","-40.520447","270","270","270","","","","","",""
"98575","","","","","","","","","","","","","-51.672863","-51.672863","-51.672863","277","277","277"
"98915","-7.063197","-7.063197","-7.063197","277","277","277","","","","","","","","","","","",""
"99078","","","","","","","-77.41936","-77.41936","-77.41936","278","278","278","","","","","",""
"99576","","","","","","","","","","","","","-51.612904","-51.612904","-51.612904","278","278","278"
"99916","3.2258065","3.2258065","3.2258065","278","278","278","","","","","","","","","","","",""
"100079","","","","","","","15.254237","15.254237","15.254237","279","279","279","","","","","",""
"100577","","","","","","","","","","","","","62.711864","62.711864","62.711864","279","279","279"
"100917","22.033897","22.033897","22.033897","279","279","279","","","","","","","","","","","",""
"101080","","","","","","","-57.236843","-57.236843","-57.236843","280","280","280","","","","","",""
"101578","","","","","","","","","","","","","-60.526318","-60.526318","-60.526318","280","280","280"
"101800","-151.91579","-151.91579","-151.91579","280","280","280","","","","","","","","","","","",""
"102081","","","","","","","-60","-60","-60","281","281","281","","","","","",""
"102579","","","","","","","","","","","","","-2.5687785e-13","-2.5687785e-13","-2.5687785e-13","288","288","288"
"102801","3.3333333","3.3333333","3.3333333","288","288","288","","","","","","","","","","","",""
"103082","","","","","","","-39.501778","-39.501778","-39.501778","289","289","289","","","","","",""
"103580","","","","","","","","","","","","","117.08185","117.08185","117.08185","289","289","289"
"103802","-25.266905","-25.266905","-25.266905","289","289","289","","","","","","","","","","","",""
"104083","","","","","","","-61.403507","-61.403507","-61.403507","290","290","290","","","","","",""
"104581","","","","","","","","","","","","","1.754386","1.754386","1.754386","290","290","290"
"104803","-33.333332","-33.333332","-33.333332","290","290","290","","","","","","","","","","","",""
"105084","","","","","","","-44.62541","-44.62541","-44.62541","291","291","291","","","","","",""
"105582","","","","","","","","","","","","","0.9771987","0.9771987","0.9771987","291","291","291"
"105804","23.778502","23.778502","23.778502","291","291","291","","","","","","","","","","","",""
"106085","","","","","","","-44.827587","-44.827587","-44.827587","292","292","292","","","","","",""
"106583","","","","","","","","","","","","","-2.8529956e-13","-2.8529956e-13","-2.8529956e-13","299","299","299"
"106805","-41.37931","-41.37931","-41.37931","299","299","299","","","","","","","","","","","",""
"107086","","","","","","","-57.74648","-57.74648","-57.74648","300","300","300","","","","","",""
"107395","","","","","","","","","","","","","-114.098595","-114.098595","-114.098595","300","300","300"
"107806","-29.577465","-29.577465","-29.577465","300","300","300","","","","","","","","","","","",""
"108087","","","","","","","-37.293728","-37.293728","-37.293728","301","301","301","","","","","",""
"108396","","","","","","","","","","","","","25.41254","25.41254","25.41254","301","301","301"
"108807","68.31683","68.31683","68.31683","301","301","301","","","","","","","","","","","",""
"109088","","","","","","","-2.0270271","-2.0270271","-2.0270271","302","302","302","","","","","",""
"109397","","","","","","","","","","","","","-15.540541","-15.540541","-15.540541","302","302","302"
"109808","-2.0270271","-2.0270271","-2.0270271","302","302","302","","","","","","","","","","","",""
"110089","","","","","","","-43.143814","-43.143814","-43.143814","303","303","303","","","","","",""
"110398","","","","","","","","","","","","","-56.52174","-56.52174","-56.52174","303","303","303"
"110809","0.33444816","0.33444816","0.33444816","310","310","310","","","","","","","","","","","",""
"111090","","","","","","","-52.727272","-52.727272","-52.727272","311","311","311","","","","","",""
"111399","","","","","","","","","","","","","-52.727272","-52.727272","-52.727272","311","311","311"
"111810","-16.363636","-16.363636","-16.363636","311","311","311","","","","","","","","","","","",""
"112091","","","","","","","-36.32959","-36.32959","-36.32959","312","312","312","","","","","",""
"112400","","","","","","","","","","","","","124.7191","124.7191","124.7191","312","312","312"
"112811","135.95506","135.95506","135.95506","312","312","312","","","","","","","","","","","",""
"113092","","","","","","","89.09091","89.09091","89.09091","313","313","313","","","","","",""
"113401","","","","","","","","","","","","","23.636364","23.636364","23.636364","313","313","313"
"113812","92.72727","92.72727","92.72727","313","313","313","","","","","","","","","","","",""
"114093","","","","","","","-79.31035","-79.31035","-79.31035","314","314","314","","","","","",""
"114293","","","","","","","","","","","","","-78.655174","-78.655174","-78.655174","314","314","314"
"114599","","","","","","","-114.452286","-114.452286","-114.452286","315","315","315","","","","","",""
"114813","20.689655","20.689655","20.689655","321","321","321","","","","","","","","","","","",""
"115187","","","","","","","-137.32341","-137.32341","-137.32341","323","323","323","","","","","",""
"115294","","","","","","","","","","","","","47.058823","47.058823","47.058823","322","322","322"
"115814","-15.03268","-15.03268","-15.03268","322","322","322","","","","","","","","","","","",""
"116188","","","","","","","-65.64886","-65.64886","-65.64886","324","324","324","","","","","",""
"116295","","","","","","","","","","","","","155.31915","155.31915","155.31915","323","323","323"
"116815","17.021276","17.021276","17.021276","323","323","323","","","","","","","","","","","",""
"117073","","","","","","","","","","","","","-70.729774","-70.729774","-70.729774","324","324","324"
"117189","","","","","","","-49.36709","-49.36709","-49.36709","325","325","325","","","","","",""
"117816","-19.847328","-19.847328","-19.847328","324","324","324","","","","","","","","","","","",""
"118074","","","","","","","","","","","","","-14.556962","-14.556962","-14.556962","325","325","325"
"118190","","","","","","","3.202847","3.202847","3.202847","326","326","326","","","","","",""
"118664","","","","","","","-102.61401","-102.61401","-102.61401","327","327","327","","","","","",""
"118817","-65.18987","-65.18987","-65.18987","332","332","332","","","","","","","","","","","",""
"119075","","","","","","","","","","","","","-14.590747","-14.590747","-14.590747","333","333","333"
"119665","","","","","","","14.285714","14.285714","14.285714","335","335","335","","","","","",""
"119818","-11.032028","-11.032028","-11.032028","333","333","333","","","","","","","","","","","",""
"120076","","","","","","","","","","","","","78.34395","78.34395","78.34395","334","334","334"
"120624","","","","","","","-153.06435","-153.06435","-153.06435","336","336","336","","","","","",""
"120819","-26.751593","-26.751593","-26.751593","334","334","334","","","","","","","","","","","",""
"121077","","","","","","","","","","","","","67.34694","67.34694","67.34694","335","335","335"
"121625","","","","","","","-36.708862","-36.708862","-36.708862","337","337","337","","","","","",""
"121820","-14.285714","-14.285714","-14.285714","335","335","335","","","","","","","","","","","",""
"122078","","","","","","","","","","","","","55.03876","55.03876","55.03876","336","336","336"
"122416","","","","","","","-133.88393","-133.88393","-133.88393","338","338","338","","","","","",""
"122821","31.782946","31.782946","31.782946","336","336","336","","","","","","","","","","","",""
"123079","","","","","","","","","","","","","-62.02532","-62.02532","-62.02532","344","344","344"
"123417","","","","","","","-45.01718","-45.01718","-45.01718","346","346","346","","","","","",""
"123822","-1.8987342","-1.8987342","-1.8987342","344","344","344","","","","","","","","","","","",""
"124080","","","","","","","","","","","","","41.4791","41.4791","41.4791","345","345","345"
"124418","","","","","","","-40.520447","-40.520447","-40.520447","347","347","347","","","","","",""
"124823","54.340836","54.340836","54.340836","345","345","345","","","","","","","","","","","",""
"125081","","","","","","","","","","","","","37.457047","37.457047","37.457047","346","346","346"
"125419","","","","","","","-60.13289","-60.13289","-60.13289","348","348","348","","","","","",""
"125824","34.02062","34.02062","34.02062","346","346","346","","","","","","","","","","","",""
"126082","","","","","","","","","","","","","0.37174723","0.37174723","0.37174723","347","347","347"
"126420","","","","","","","-55.932205","-55.932205","-55.932205","349","349","349","","","","","",""
"126819","-121.233086","-121.233086","-121.233086","347","347","347","","","","","","","","","","","",""
"127083","","","","","","","","","","","","","36.212624","36.212624","36.212624","355","355","355"
"127421","","","","","","","-79.591835","-79.591835","-79.591835","357","357","357","","","","","",""
"127820","39.534885","39.534885","39.534885","355","355","355","","","","","","","","","","","",""
"128084","","","","","","","","","","","","","93.22034","93.22034","93.22034","356","356","356"
"128312","","","","","","","-170.32414","-170.32414","-170.32414","358","358","358","","","","","",""
"128821","-25.423729","-25.423729","-25.423729","356","356","356","","","","","","","","","","","",""
"129085","","","","","","","","","","","","","178.91156","178.91156","178.91156","357","357","357"
"129313","","","","","","","-20","-20","-20","359","359","359","","","","","",""
"129822","32.65306","32.65306","32.65306","357","357","357","","","","","","","","","","","",""
"130086","","","","","","","","","","","","","14.551084","14.551084","14.551084","358","358","358"
"130314","","","","","","","-22.807018","-22.807018","-22.807018","360","360","360","","","","","",""
"130823","166.25388","166.25388","166.25388","358","358","358","","","","","","","","","","","",""
"130917","","","","","","","-135.96207","-135.96207","-135.96207","361","361","361","","","","","",""
"131087","","","","","","","","","","","","","-20","-20","-20","366","366","366"
"131824","-33.333332","-33.333332","-33.333332","366","366","366","","","","","","","","","","","",""
"131918","","","","","","","-15.309446","-15.309446","-15.309446","369","369","369","","","","","",""
"132088","","","","","","","","","","","","","12.280702","12.280702","12.280702","367","367","367"
"132825","43.85965","43.85965","43.85965","367","367","367","","","","","","","","","","","",""
"132919","","","","","","","-8.496732","-8.496732","-8.496732","370","370","370","","","","","",""
"133089","","","","","","","","","","","","","172.41379","172.41379","172.41379","368","368","368"
"133826","-55.172413","-55.172413","-55.172413","368","368","368","","","","","","","","","","","",""
"133920","","","","","","","-18.518518","-18.518518","-18.518518","371","371","371","","","","","",""
"134090","","","","","","","","","","","","","-25.081432","-25.081432","-25.081432","369","369","369"
"134827","-47.882736","-47.882736","-47.882736","369","369","369","","","","","","","","","","","",""
"134921","","","","","","","-66.88742","-66.88742","-66.88742","372","372","372","","","","","",""
"135091","","","","","","","","","","","","","138.56209","138.56209","138.56209","370","370","370"
"135828","-31.37255","-31.37255","-31.37255","377","377","377","","","","","","","","","","","",""
"135922","","","","","","","-22.807018","-22.807018","-22.807018","380","380","380","","","","","",""
"136092","","","","","","","","","","","","","-14.814815","-14.814815","-14.814815","378","378","378"
"136829","14.814815","14.814815","14.814815","378","378","378","","","","","","","","","","","",""
"136923","","","","","","","-78.87324","-78.87324","-78.87324","381","381","381","","","","","",""
"137093","","","","","","","","","","","","","29.139072","29.139072","29.139072","379","379","379"
"137830","2.6490066","2.6490066","2.6490066","379","379","379","","","","","","","","","","","",""
"137924","","","","","","","-35.48387","-35.48387","-35.48387","382","382","382","","","","","",""
"138094","","","","","","","","","","","","","212.2807","212.2807","212.2807","380","380","380"
"138831","12.280702","12.280702","12.280702","380","380","380","","","","","","","","","","","",""
"138925","","","","","","","-59.24765","-59.24765","-59.24765","383","383","383","","","","","",""
"139095","","","","","","","","","","","","","61.971832","61.971832","61.971832","381","381","381"
"139832","234.50705","234.50705","234.50705","388","388","388","","","","","","","","","","","",""
"139926","","","","","","","-22.580645","-22.580645","-22.580645","391","391","391","","","","","",""
"140096","","","","","","","","","","","","","391.03943","391.03943","391.03943","389","389","389"
"140833","165.23297","165.23297","165.23297","389","389","389","","","","","","","","","","","",""
"140927","","","","","","","-82.206406","-82.206406","-82.206406","392","392","392","","","","","",""
"141097","","","","","","","","","","","","","119.43574","119.43574","119.43574","390","390","390"
"141834","0.31347963","0.31347963","0.31347963","390","390","390","","","","","","","","","","","",""
"141928","","","","","","","-62.199314","-62.199314","-62.199314","393","393","393","","","","","",""
"142098","","","","","","","","","","","","","264.51614","264.51614","264.51614","391","391","391"
"142835","48.387096","48.387096","48.387096","391","391","391","","","","","","","","","","","",""
"142871","","","","","","","-162.85","-162.85","-162.85","394","394","394","","","","","",""
"143099","","","","","","","","","","","","","-50.177937","-50.177937","-50.177937","392","392","392"
"143836","45.907475","45.907475","45.907475","399","399","399","","","","","","","","","","","",""
"143872","","","","","","","-49.64029","-49.64029","-49.64029","402","402","402","","","","","",""
"144100","","","","","","","","","","","","","51.202747","51.202747","51.202747","400","400","400"
"144837","78.69416","78.69416","78.69416","400","400","400","","","","","","","","","","","",""
"144873","","","","","","","-57.51634","-57.51634","-57.51634","403","403","403","","","","","",""
"145101","","","","","","","","","","","","","368.75","368.75","368.75","401","401","401"
"145407","","","","","","","-132.86102","-132.86102","-132.86102","404","404","404","","","","","",""
"145780","","","","","","","-109.79625","-109.79625","-109.79625","405","405","405","","","","","",""
"145838","205.55556","205.55556","205.55556","401","401","401","","","","","","","","","","","",""
"146102","","","","","","","","","","","","","205.7554","205.7554","205.7554","402","402","402"
"146781","","","","","","","-74.26471","-74.26471","-74.26471","406","406","406","","","","","",""
"146839","69.06475","69.06475","69.06475","402","402","402","","","","","","","","","","","",""
"147103","","","","","","","","","","","","","11.111111","11.111111","11.111111","403","403","403"
"147782","","","","","","","-70.2381","-70.2381","-70.2381","414","414","414","","","","","",""
"147840","92.810455","92.810455","92.810455","410","410","410","","","","","","","","","","","",""
"148104","","","","","","","","","","","","","489.8305","489.8305","489.8305","411","411","411"
"148783","","","","","","","-15.03268","-15.03268","-15.03268","415","415","415","","","","","",""
"148841","49.152542","49.152542","49.152542","411","411","411","","","","","","","","","","","",""
"149105","","","","","","","","","","","","","326.62115","326.62115","326.62115","412","412","412"
"149784","","","","","","","-77.04918","-77.04918","-77.04918","416","416","416","","","","","",""
"149842","5.8020477","5.8020477","5.8020477","412","412","412","","","","","","","","","","","",""
"150106","","","","","","","","","","","","","72.79412","72.79412","72.79412","413","413","413"
"150785","","","","","","","-49.152542","-49.152542","-49.152542","417","417","417","","","","","",""
"150843","17.647058","17.647058","17.647058","413","413","413","","","","","","","","","","","",""
"151107","","","","","","","","","","","","","-52.38095","-52.38095","-52.38095","414","414","414"
"151786","","","","","","","-58.762886","-58.762886","-58.762886","425","425","425","","","","","",""
"151844","126.190475","126.190475","126.190475","421","421","421","","","","","","","","","","","",""
"152108","","","","","","","","","","","","","50.326797","50.326797","50.326797","422","422","422"
"152787","","","","","","","-57.894737","-57.894737","-57.894737","426","426","426","","","","","",""
"152845","-44.444443","-44.444443","-44.444443","422","422","422","","","","","","","","","","","",""
"153109","","","","","","","","","","","","","191.80328","191.80328","191.80328","423","423","423"
"153788","","","","","","","-72.65625","-72.65625","-72.65625","427","427","427","","","","","",""
"153846","27.868853","27.868853","27.868853","423","423","423","","","","","","","","","","","",""
"154110","","","","","","","","","","","","","42.372883","42.372883","42.372883","424","424","424"
"154789","","","","","","","-40.39735","-40.39735","-40.39735","428","428","428","","","","","",""
"154847","72.881355","72.881355","72.881355","424","424","424","","","","","","","","","","","",""
"155111","","","","","","","","","","","","","473.88315","473.88315","473.88315","425","425","425"
"155790","","","","","","","-34.98452","-34.98452","-34.98452","436","436","436","","","","","",""
"155848","-62.199314","-62.199314","-62.199314","432","432","432","","","","","","","","","","","",""
"156112","","","","","","","","","","","","","377.193","377.193","377.193","433","433","433"
"156791","","","","","","","-80.456024","-80.456024","-80.456024","437","437","437","","","","","",""
"156849","19.298246","19.298246","19.298246","433","433","433","","","","","","","","","","","",""
"157113","","","","","","","","","","","","","552.34375","552.34375","552.34375","434","434","434"
"157792","","","","","","","-84.84849","-84.84849","-84.84849","438","438","438","","","","","",""
"157850","138.28125","138.28125","138.28125","434","434","434","","","","","","","","","","","",""
"158114","","","","","","","","","","","","","400","400","400","435","435","435"
"158793","","","","","","","-80.620155","-80.620155","-80.620155","439","439","439","","","","","",""
"158851","72.18543","72.18543","72.18543","435","435","435","","","","","","","","","","","",""
"159115","","","","","","","","","","","","","407.73993","407.73993","407.73993","436","436","436"
"159794","","","","","","","-81.884056","-81.884056","-81.884056","447","447","447","","","","","",""
"159852","-31.888544","-31.888544","-31.888544","443","443","443","","","","","","","","","","","",""
"160116","","","","","","","","","","","","","548.2085","548.2085","548.2085","444","444","444"
"160795","","","","","","","-85.2071","-85.2071","-85.2071","448","448","448","","","","","",""
"160853","17.263844","17.263844","17.263844","444","444","444","","","","","","","","","","","",""
"161117","","","","","","","","","","","","","72.72727","72.72727","72.72727","445","445","445"
"161796","","","","","","","-77.52809","-77.52809","-77.52809","449","449","449","","","","","",""
"161854","9.090909","9.090909","9.090909","445","445","445","","","","","","","","","","","",""
"162118","","","","","","","","","","","","","434.88373","434.88373","434.88373","446","446","446"
"162797","","","","","","","-80.645164","-80.645164","-80.645164","450","450","450","","","","","",""
"162855","-34.10853","-34.10853","-34.10853","446","446","446","","","","","","","","","","","",""
"163119","","","","","","","","","","","","","204.34782","204.34782","204.34782","447","447","447"
"163798","","","","","","","-68.62745","-68.62745","-68.62745","451","451","451","","","","","",""
"163856","88.4058","88.4058","88.4058","454","454","454","","","","","","","","","","","",""
"164120","","","","","","","","","","","","","201.77515","201.77515","201.77515","455","455","455"
"164799","","","","","","","-71.11913","-71.11913","-71.11913","459","459","459","","","","","",""
"164857","47.928993","47.928993","47.928993","455","455","455","","","","","","","","","","","",""
"165121","","","","","","","","","","","","","499.25095","499.25095","499.25095","456","456","456"
"165800","","","","","","","-77.85978","-77.85978","-77.85978","460","460","460","","","","","",""
"165858","76.02996","76.02996","76.02996","456","456","456","","","","","","","","","","","",""
"166122","","","","","","","","","","","","","667.74194","667.74194","667.74194","457","457","457"
"166801","","","","","","","-80.132454","-80.132454","-80.132454","461","461","461","","","","","",""
"166859","125.80645","125.80645","125.80645","457","457","457","","","","","","","","","","","",""
"167123","","","","","","","","","","","","","366.66666","366.66666","366.66666","458","458","458"
"167802","","","","","","","-79.411766","-79.411766","-79.411766","462","462","462","","","","","",""
"167860","-5.882353","-5.882353","-5.882353","458","458","458","","","","","","","","","","","",""
"168124","","","","","","","","","","","","","362.09387","362.09387","362.09387","466","466","466"
"168803","","","","","","","-83.713356","-83.713356","-83.713356","470","470","470","","","","","",""
"168861","177.97833","177.97833","177.97833","466","466","466","","","","","","","","","","","",""
"169125","","","","","","","","","","","","","158.30258","158.30258","158.30258","467","467","467"
"169804","","","","","","","-82.51748","-82.51748","-82.51748","471","471","471","","","","","",""
"169862","217.34317","217.34317","217.34317","467","467","467","","","","","","","","","","","",""
"170126","","","","","","","","","","","","","337.0861","337.0861","337.0861","468","468","468"
"170805","","","","","","","-78.947365","-78.947365","-78.947365","472","472","472","","","","","",""
"170863","82.1192","82.1192","82.1192","468","468","468","","","","","","","","","","","",""
"171127","","","","","","","","","","","","","158.82353","158.82353","158.82353","469","469","469"
"171806","","","","","","","-63.855423","-63.855423","-63.855423","473","473","473","","","","","",""
"171864","38.235294","38.235294","38.235294","469","469","469","","","","","","","","","","","",""
"172128","","","","","","","","","","","","","290.8795","290.8795","290.8795","477","477","477"
"172807","","","","","","","-76.666664","-76.666664","-76.666664","481","481","481","","","","","",""
"172865","53.094463","53.094463","53.094463","477","477","477","","","","","","","","","","","",""
"173129","","","","","","","","","","","","","277.62238","277.62238","277.62238","478","478","478"
"173808","","","","","","","-80.645164","-80.645164","-80.645164","482","482","482","","","","","",""
"173866","81.818184","81.818184","81.818184","478","478","478","","","","","","","","","","","",""
"174130","","","","","","","","","","","","","292.98245","292.98245","292.98245","479","479","479"
"174809","","","","","","","-62.686565","-62.686565","-62.686565","483","483","483","","","","","",""
"174867","36.842106","36.842106","36.842106","479","479","479","","","","","","","","","","","",""
"175131","","","","","","","","","","","","","606.82733","606.82733","606.82733","480","480","480"
"175810","","","","","","","-82.206406","-82.206406","-82.206406","484","484","484","","","","","",""
"175868","-23.694778","-23.694778","-23.694778","480","480","480","","","","","","","","","","","",""
"176132","","","","","","","","","","","","","146.66667","146.66667","146.66667","488","488","488"
"176811","","","","","","","-74.545456","-74.545456","-74.545456","492","492","492","","","","","",""
"176869","10","10","10","488","488","488","","","","","","","","","","","",""
"177133","","","","","","","","","","","","","674.19354","674.19354","674.19354","489","489","489"
"177812","","","","","","","-79.238754","-79.238754","-79.238754","493","493","493","","","","","",""
"177870","129.03226","129.03226","129.03226","489","489","489","","","","","","","","","","","",""
"178134","","","","","","","","","","","","","135.07463","135.07463","135.07463","490","490","490"
"178813","","","","","","","-52.38095","-52.38095","-52.38095","494","494","494","","","","","",""
"178871","142.53731","142.53731","142.53731","490","490","490","","","","","","","","","","","",""
"179135","","","","","","","","","","","","","736.29895","736.29895","736.29895","491","491","491"
"179814","","","","","","","-80.58253","-80.58253","-80.58253","495","495","495","","","","","",""
"179872","170.46263","170.46263","170.46263","491","491","491","","","","","","","","","","","",""
"180136","","","","","","","","","","","","","292.72726","292.72726","292.72726","492","492","492"
"180815","","","","","","","-75.46012","-75.46012","-75.46012","503","503","503","","","","","",""
"180873","30.90909","30.90909","30.90909","499","499","499","","","","","","","","","","","",""
"181137","","","","","","","","","","","","","297.9239","297.9239","297.9239","500","500","500"
"181816","","","","","","","-74.11003","-74.11003","-74.11003","504","504","504","","","","","",""
"181874","52.249134","52.249134","52.249134","500","500","500","","","","","","","","","","","",""
"182138","","","","","","","","","","","","","584.9817","584.9817","584.9817","501","501","501"
"182817","","","","","","","-80.07968","-80.07968","-80.07968","505","505","505","","","","","",""
"182875","57.50916","57.50916","57.50916","501","501","501","","","","","","","","","","","",""
"183139","","","","","","","","","","","","","340.12946","340.12946","340.12946","502","502","502"
"183818","","","","","","","-74.842766","-74.842766","-74.842766","506","506","506","","","","","",""
"183876","184.78964","184.78964","184.78964","502","502","502","","","","","","","","","","","",""
"184140","","","","","","","","","","","","","-38.650307","-38.650307","-38.650307","503","503","503"
"184819","","","","","","","-84.32602","-84.32602","-84.32602","514","514","514","","","","","",""
"184877","234.35583","234.35583","234.35583","510","510","510","","","","","","","","","","","",""
"185141","","","","","","","","","","","","","262.45953","262.45953","262.45953","511","511","511"
"185820","","","","","","","-79.02098","-79.02098","-79.02098","515","515","515","","","","","",""
"185878","-35.27508","-35.27508","-35.27508","511","511","511","","","","","","","","","","","",""
"186142","","","","","","","","","","","","","354.18326","354.18326","354.18326","512","512","512"
"186821","","","","","","","-78.33935","-78.33935","-78.33935","516","516","516","","","","","",""
"186879","127.09164","127.09164","127.09164","512","512","512","","","","","","","","","","","",""
"187143","","","","","","","","","","","","","195.59749","195.59749","195.59749","513","513","513"
"187822","","","","","","","-79.238754","-79.238754","-79.238754","517","517","517","","","","","",""
"187880","22.64151","22.64151","22.64151","513","513","513","","","","","","","","","","","",""
"188144","","","","","","","","","","","","","247.96239","247.96239","247.96239","514","514","514"
"188823","","","","","","","-68.37945","-68.37945","-68.37945","525","525","525","","","","","",""
"188881","34.796238","34.796238","34.796238","521","521","521","","","","","","","","","","","",""
"189145","","","","","","","","","","","","","539.86017","539.86017","539.86017","522","522","522"
"189824","","","","","","","-82.2695","-82.2695","-82.2695","526","526","526","","","","","",""
"189882","-12.587413","-12.587413","-12.587413","522","522","522","","","","","","","","","","","",""
"190146","","","","","","","","","","","","","344.04333","344.04333","344.04333","523","523","523"
"190825","","","","","","","-79.79798","-79.79798","-79.79798","527","527","527","","","","","",""
"190883","105.77618","105.77618","105.77618","523","523","523","","","","","","","","","","","",""
"191147","","","","","","","","","","","","","436.33218","436.33218","436.33218","524","524","524"
"191826","","","","","","","-77.1987","-77.1987","-77.1987","528","528","528","","","","","",""
"191884","59.16955","59.16955","59.16955","524","524","524","","","","","","","","","","","",""
"192148","","","","","","","","","","","","","338.73517","338.73517","338.73517","525","525","525"
"192827","","","","","","","2.310231","2.310231","2.310231","536","536","536","","","","","",""
"192885","228.06325","228.06325","228.06325","532","532","532","","","","","","","","","","","",""
"193149","","","","","","","","","","","","","453.1915","453.1915","453.1915","533","533","533"
"193828","","","","","","","-75.77855","-75.77855","-75.77855","537","537","537","","","","","",""
"193886","66.666664","66.666664","66.666664","533","533","533","","","","","","","","","","","",""
"194150","","","","","","","","","","","","","448.82156","448.82156","448.82156","534","534","534"
"194829","","","","","","","-72.413795","-72.413795","-72.413795","538","538","538","","","","","",""
"194887","44.781143","44.781143","44.781143","534","534","534","","","","","","","","","","","",""
"195151","","","","","","","","","","","","","255.04886","255.04886","255.04886","535","535","535"
"195830","","","","","","","-76.43098","-76.43098","-76.43098","539","539","539","","","","","",""
"195888","43.322475","43.322475","43.322475","535","535","535","","","","","","","","","","","",""
"196152","","","","","","","","","","","","","259.73596","259.73596","259.73596","536","536","536"
"196831","","","","","","","-83.3887","-83.3887","-83.3887","547","547","547","","","","","",""
"196889","150.82509","150.82509","150.82509","543","543","543","","","","","","","","","","","",""
"197153","","","","","","","","","","","","","239.10034","239.10034","239.10034","544","544","544"
"197556","","","","","","","","","","","","","39.210346","39.210346","39.210346","545","545","545"
"197832","","","","","","","-59.25926","-59.25926","-59.25926","548","548","548","","","","","",""
"197890","183.73703","183.73703","183.73703","544","544","544","","","","","","","","","","","",""
"198557","","","","","","","","","","","","","297.3064","297.3064","297.3064","546","546","546"
"198833","","","","","","","-80.54475","-80.54475","-80.54475","549","549","549","","","","","",""
"198891","244.82759","244.82759","244.82759","545","545","545","","","","","","","","","","","",""
"199558","","","","","","","","","","","","","395.0166","395.0166","395.0166","547","547","547"
"199834","","","","","","","-77.1987","-77.1987","-77.1987","550","550","550","","","","","",""
"199892","149.15825","149.15825","149.15825","546","546","546","","","","","","","","","","","",""
"200559","","","","","","","","","","","","","400","400","400","548","548","548"
"200835","","","","","","","-82.638885","-82.638885","-82.638885","558","558","558","","","","","",""
"200893","185.71428","185.71428","185.71428","554","554","554","","","","","","","","","","","",""
"201560","","","","","","","","","","","","","436.96497","436.96497","436.96497","556","556","556"
"201836","","","","","","","-57.51634","-57.51634","-57.51634","559","559","559","","","","","",""
"201894","114.81481","114.81481","114.81481","555","555","555","","","","","","","","","","","",""
"202561","","","","","","","","","","","","","398.37134","398.37134","398.37134","557","557","557"
"202837","","","","","","","-28.571428","-28.571428","-28.571428","560","560","560","","","","","",""
"202895","168.48248","168.48248","168.48248","556","556","556","","","","","","","","","","","",""
"203562","","","","","","","","","","","","","743.75","743.75","743.75","558","558","558"
"203838","","","","","","","-77.917984","-77.917984","-77.917984","561","561","561","","","","","",""
"203896","-15.309446","-15.309446","-15.309446","557","557","557","","","","","","","","","","","",""
"204563","","","","","","","","","","","","","658.1699","658.1699","658.1699","559","559","559"
"204839","","","","","","","-75.08897","-75.08897","-75.08897","569","569","569","","","","","",""
"204897","49.305557","49.305557","49.305557","565","565","565","","","","","","","","","","","",""
"205564","","","","","","","","","","","","","390.25974","390.25974","390.25974","567","567","567"
"205840","","","","","","","-80.58253","-80.58253","-80.58253","570","570","570","","","","","",""
"205898","83.00654","83.00654","83.00654","566","566","566","","","","","","","","","","","",""
"206565","","","","","","","","","","","","","376.3407","376.3407","376.3407","568","568","568"
"206841","","","","","","","-53.020134","-53.020134","-53.020134","571","571","571","","","","","",""
"206899","68.83117","68.83117","68.83117","567","567","567","","","","","","","","","","","",""
"207566","","","","","","","","","","","","","675.8007","675.8007","675.8007","569","569","569"
"207842","","","","","","","-74.19355","-74.19355","-74.19355","572","572","572","","","","","",""
"207900","158.67508","158.67508","158.67508","568","568","568","","","","","","","","","","","",""
"208291","","","","","","","","","","","","","-36.37767","-36.37767","-36.37767","570","570","570"
"208843","","","","","","","-69.040245","-69.040245","-69.040245","573","573","573","","","","","",""
"208901","113.52313","113.52313","113.52313","576","576","576","","","","","","","","","","","",""
"209292","","","","","","","","","","","","","792.61743","792.61743","792.61743","578","578","578"
"209638","","","","","","","","","","","","","33.341934","33.341934","33.341934","579","579","579"
"209844","","","","","","","-75.35211","-75.35211","-75.35211","581","581","581","","","","","",""
"209902","-2.9126213","-2.9126213","-2.9126213","577","577","577","","","","","","","","","","","",""
"210639","","","","","","","","","","","","","283.90094","283.90094","283.90094","580","580","580"
"210845","","","","","","","-63.369965","-63.369965","-63.369965","582","582","582","","","","","",""
"210903","20.805368","20.805368","20.805368","578","578","578","","","","","","","","","","","",""
"211640","","","","","","","","","","","","","502.11267","502.11267","502.11267","581","581","581"
"211846","","","","","","","-80.19802","-80.19802","-80.19802","583","583","583","","","","","",""
"211904","100","100","100","579","579","579","","","","","","","","","","","",""
"212641","","","","","","","","","","","","","269.96338","269.96338","269.96338","582","582","582"
"212847","","","","","","","-69.41896","-69.41896","-69.41896","584","584","584","","","","","",""
"212905","85.758514","85.758514","85.758514","580","580","580","","","","","","","","","","","",""
"213642","","","","","","","","","","","","","503.9604","503.9604","503.9604","590","590","590"
"213848","","","","","","","-24.657534","-24.657534","-24.657534","592","592","592","","","","","",""
"213906","128.87325","128.87325","128.87325","588","588","588","","","","","","","","","","","",""
"214643","","","","","","","","","","","","","499.38837","499.38837","499.38837","591","591","591"
"214849","","","","","","","-77.98742","-77.98742","-77.98742","593","593","593","","","","","",""
"214907","28.205128","28.205128","28.205128","589","589","589","","","","","","","","","","","",""
"215644","","","","","","","","","","","","","286.9863","286.9863","286.9863","592","592","592"
"215850","","","","","","","-82.01439","-82.01439","-82.01439","594","594","594","","","","","",""
"215908","98.0198","98.0198","98.0198","590","590","590","","","","","","","","","","","",""
"216645","","","","","","","","","","","","","50.943398","50.943398","50.943398","593","593","593"
"216851","","","","","","","-63.2107","-63.2107","-63.2107","595","595","595","","","","","",""
"216909","52.905197","52.905197","52.905197","591","591","591","","","","","","","","","","","",""
"217646","","","","","","","","","","","","","371.22302","371.22302","371.22302","601","601","601"
"217852","","","","","","","-44.983818","-44.983818","-44.983818","603","603","603","","","","","",""
"217910","-0.6849315","-0.6849315","-0.6849315","599","599","599","","","","","","","","","","","",""
"218647","","","","","","","","","","","","","542.14044","542.14044","542.14044","602","602","602"
"218853","","","","","","","-80.51948","-80.51948","-80.51948","604","604","604","","","","","",""
"218911","324.5283","324.5283","324.5283","600","600","600","","","","","","","","","","","",""
"219648","","","","","","","","","","","","","281.877","281.877","281.877","603","603","603"
"219854","","","","","","","-80.645164","-80.645164","-80.645164","605","605","605","","","","","",""
"219912","51.079136","51.079136","51.079136","601","601","601","","","","","","","","","","","",""
"220649","","","","","","","","","","","","","153.24675","153.24675","153.24675","604","604","604"
"220855","","","","","","","-81.92771","-81.92771","-81.92771","606","606","606","","","","","",""
"220913","-29.765886","-29.765886","-29.765886","602","602","602","","","","","","","","","","","",""
"221650","","","","","","","","","","","","","338.7097","338.7097","338.7097","612","612","612"
"221856","","","","","","","-37.716263","-37.716263","-37.716263","614","614","614","","","","","",""
"221914","275.40454","275.40454","275.40454","610","610","610","","","","","","","","","","","",""
"222651","","","","","","","","","","","","","457.2289","457.2289","457.2289","613","613","613"
"222857","","","","","","","-78.723404","-78.723404","-78.723404","615","615","615","","","","","",""
"222915","78.57143","78.57143","78.57143","611","611","611","","","","","","","","","","","",""
"223652","","","","","","","","","","","","","297.9239","297.9239","297.9239","614","614","614"
"223858","","","","","","","-83.92283","-83.92283","-83.92283","616","616","616","","","","","",""
"223916","348.3871","348.3871","348.3871","612","612","612","","","","","","","","","","","",""
"224653","","","","","","","","","","","","","414.1844","414.1844","414.1844","615","615","615"
"224859","","","","","","","-67.42671","-67.42671","-67.42671","617","617","617","","","","","",""
"224917","29.518072","29.518072","29.518072","613","613","613","","","","","","","","","","","",""
"225654","","","","","","","","","","","","","523.7942","523.7942","523.7942","623","623","623"
"225860","","","","","","","-81.01266","-81.01266","-81.01266","625","625","625","","","","","",""
"225918","45.32872","45.32872","45.32872","621","621","621","","","","","","","","","","","",""
"226655","","","","","","","","","","","","","525.40717","525.40717","525.40717","624","624","624"
"226861","","","","","","","-24.29022","-24.29022","-24.29022","626","626","626","","","","","",""
"226919","56.02837","56.02837","56.02837","622","622","622","","","","","","","","","","","",""
"227656","","","","","","","","","","","","","808.22784","808.22784","808.22784","625","625","625"
"227862","","","","","","","-65.39793","-65.39793","-65.39793","627","627","627","","","","","",""
"227920","269.77493","269.77493","269.77493","623","623","623","","","","","","","","","","","",""
"228657","","","","","","","","","","","","","489.90536","489.90536","489.90536","626","626","626"
"228863","","","","","","","-79.66102","-79.66102","-79.66102","628","628","628","","","","","",""
"228921","209.44626","209.44626","209.44626","624","624","624","","","","","","","","","","","",""
"229658","","","","","","","","","","","","","384.42908","384.42908","384.42908","634","634","634"
"229864","","","","","","","-66.442955","-66.442955","-66.442955","636","636","636","","","","","",""
"229922","80.379745","80.379745","80.379745","632","632","632","","","","","","","","","","","",""
"230659","","","","","","","","","","","","","452.54236","452.54236","452.54236","635","635","635"
"230865","","","","","","","-79.09408","-79.09408","-79.09408","637","637","637","","","","","",""
"230923","111.35647","111.35647","111.35647","633","633","633","","","","","","","","","","","",""
"231660","","","","","","","","","","","","","363.08725","363.08725","363.08725","636","636","636"
"231866","","","","","","","-74.07407","-74.07407","-74.07407","638","638","638","","","","","",""
"231924","69.55017","69.55017","69.55017","634","634","634","","","","","","","","","","","",""
"232314","","","","","","","","","","","","","-36.28014","-36.28014","-36.28014","637","637","637"
"232867","","","","","","","-77.63578","-77.63578","-77.63578","639","639","639","","","","","",""
"232925","147.45763","147.45763","147.45763","635","635","635","","","","","","","","","","","",""
"233315","","","","","","","","","","","","","700","700","700","638","638","638"
"233868","","","","","","","-77.70701","-77.70701","-77.70701","647","647","647","","","","","",""
"233926","67.78523","67.78523","67.78523","643","643","643","","","","","","","","","","","",""
"234316","","","","","","","","","","","","","593.2907","593.2907","593.2907","646","646","646"
"234869","","","","","","","-79.10448","-79.10448","-79.10448","648","648","648","","","","","",""
"234927","224.04181","224.04181","224.04181","644","644","644","","","","","","","","","","","",""
"235317","","","","","","","","","","","","","205.73248","205.73248","205.73248","647","647","647"
"235870","","","","","","","-84.423676","-84.423676","-84.423676","649","649","649","","","","","",""
"235928","140.74074","140.74074","140.74074","645","645","645","","","","","","","","","","","",""
"236318","","","","","","","","","","","","","437.31345","437.31345","437.31345","648","648","648"
"236871","","","","","","","-80.066444","-80.066444","-80.066444","650","650","650","","","","","",""
"236929","120.44728","120.44728","120.44728","646","646","646","","","","","","","","","","","",""
"237319","","","","","","","","","","","","","314.33023","314.33023","314.33023","649","649","649"
"237872","","","","","","","-73.18008","-73.18008","-73.18008","658","658","658","","","","","",""
"237930","266.24203","266.24203","266.24203","654","654","654","","","","","","","","","","","",""
"238320","","","","","","","","","","","","","311.96014","311.96014","311.96014","657","657","657"
"238873","","","","","","","-40.39735","-40.39735","-40.39735","659","659","659","","","","","",""
"238931","165.67165","165.67165","165.67165","655","655","655","","","","","","","","","","","",""
"239321","","","","","","","","","","","","","704.5977","704.5977","704.5977","658","658","658"
"239874","","","","","","","-74.07407","-74.07407","-74.07407","660","660","660","","","","","",""
"239932","348.59814","348.59814","348.59814","656","656","656","","","","","","","","","","","",""
"240322","","","","","","","","","","","","","615.2318","615.2318","615.2318","659","659","659"
"240875","","","","","","","-79.93311","-79.93311","-79.93311","661","661","661","","","","","",""
"240933","265.44852","265.44852","265.44852","657","657","657","","","","","","","","","","","",""
"241323","","","","","","","","","","","","","618.5185","618.5185","618.5185","660","660","660"
"241876","","","","","","","-57.692307","-57.692307","-57.692307","669","669","669","","","","","",""
"241934","309.9617","309.9617","309.9617","665","665","665","","","","","","","","","","","",""
"242324","","","","","","","","","","","","","481.9398","481.9398","481.9398","668","668","668"
"242877","","","","","","","-54.88722","-54.88722","-54.88722","670","670","670","","","","","",""
"242935","19.205297","19.205297","19.205297","666","666","666","","","","","","","","","","","",""
"243325","","","","","","","","","","","","","407.69232","407.69232","407.69232","669","669","669"
"243618","","","","","","","","","","","","","47.59173","47.59173","47.59173","670","670","670"
"243878","","","","","","","-58.646618","-58.646618","-58.646618","671","671","671","","","","","",""
"243936","222.22223","222.22223","222.22223","667","667","667","","","","","","","","","","","",""
"244619","","","","","","","","","","","","","384.9624","384.9624","384.9624","671","671","671"
"244879","","","","","","","-75.90362","-75.90362","-75.90362","672","672","672","","","","","",""
"244937","150.83612","150.83612","150.83612","668","668","668","","","","","","","","","","","",""
"245620","","","","","","","","","","","","","819.6787","819.6787","819.6787","672","672","672"
"245880","","","","","","","-66.86747","-66.86747","-66.86747","680","680","680","","","","","",""
"245938","134.61539","134.61539","134.61539","676","676","676","","","","","","","","","","","",""
"246621","","","","","","","","","","","","","150","150","150","680","680","680"
"246881","","","","","","","-24.914677","-24.914677","-24.914677","681","681","681","","","","","",""
"246939","354.8872","354.8872","354.8872","677","677","677","","","","","","","","","","","",""
"247622","","","","","","","","","","","","","237.88396","237.88396","237.88396","681","681","681"
"247882","","","","","","","-76.09562","-76.09562","-76.09562","682","682","682","","","","","",""
"247940","31.578947","31.578947","31.578947","678","678","678","","","","","","","","","","","",""
"248623","","","","","","","","","","","","","35.458168","35.458168","35.458168","682","682","682"
"248883","","","","","","","-80.327866","-80.327866","-80.327866","683","683","683","","","","","",""
"248941","80.72289","80.72289","80.72289","679","679","679","","","","","","","","","","","",""
"249624","","","","","","","","","","","","","257.37704","257.37704","257.37704","683","683","683"
"249884","","","","","","","-71.0611","-71.0611","-71.0611","691","691","691","","","","","",""
"249942","273.494","273.494","273.494","687","687","687","","","","","","","","","","","",""
"250625","","","","","","","","","","","","","369.45337","369.45337","369.45337","691","691","691"
"250885","","","","","","","38.04714","38.04714","38.04714","692","692","692","","","","","",""
"250943","326.62115","326.62115","326.62115","688","688","688","","","","","","","","","","","",""
"251055","","","","","","","","","","","","","39.01818","39.01818","39.01818","692","692","692"
"251886","","","","","","","-80.7074","-80.7074","-80.7074","693","693","693","","","","","",""
"251944","266.53387","266.53387","266.53387","689","689","689","","","","","","","","","","","",""
"252056","","","","","","","","","","","","","330.86816","330.86816","330.86816","693","693","693"
"252887","","","","","","","-81.92771","-81.92771","-81.92771","694","694","694","","","","","",""
"252945","296.7213","296.7213","296.7213","690","690","690","","","","","","","","","","","",""
"253057","","","","","","","","","","","","","171.08434","171.08434","171.08434","694","694","694"
"253384","","","","","","","","","","","","","24.496588","24.496588","24.496588","695","695","695"
"253888","","","","","","","-28.327644","-28.327644","-28.327644","695","695","695","","","","","",""
"253946","424.11575","424.11575","424.11575","691","691","691","","","","","","","","","","","",""
"254145","","","","","","","","","","","","","-66.989105","-66.989105","-66.989105","703","703","703"
"254889","","","","","","","-63.69637","-63.69637","-63.69637","703","703","703","","","","","",""
"254947","149.15825","149.15825","149.15825","699","699","699","","","","","","","","","","","",""
"255044","","","","","","","-94.75205","-94.75205","-94.75205","704","704","704","","","","","",""
"255146","","","","","","","","","","","","","314.38358","314.38358","314.38358","704","704","704"
"255375","","","","","","","-117.07722","-117.07722","-117.07722","705","705","705","","","","","",""
"255948","41.4791","41.4791","41.4791","700","700","700","","","","","","","","","","","",""
"256147","","","","","","","","","","","","","244.9367","244.9367","244.9367","705","705","705"
"256376","","","","","","","-82.45614","-82.45614","-82.45614","706","706","706","","","","","",""
"256949","255.42169","255.42169","255.42169","701","701","701","","","","","","","","","","","",""
"257148","","","","","","","","","","","","","356.14035","356.14035","356.14035","706","706","706"
"257377","","","","","","","-48.096886","-48.096886","-48.096886","707","707","707","","","","","",""
"257558","","","","","","","-90.68912","-90.68912","-90.68912","708","708","708","","","","","",""
"257950","401.70648","401.70648","401.70648","702","702","702","","","","","","","","","","","",""
"258149","","","","","","","","","","","","","187.19724","187.19724","187.19724","714","714","714"
"258559","","","","","","","-45.57823","-45.57823","-45.57823","716","716","716","","","","","",""
"258951","230.033","230.033","230.033","710","710","710","","","","","","","","","","","",""
"259150","","","","","","","","","","","","","331.97278","331.97278","331.97278","715","715","715"
"259560","","","","","","","-66.9967","-66.9967","-66.9967","717","717","717","","","","","",""
"259952","540.41095","540.41095","540.41095","711","711","711","","","","","","","","","","","",""
"260151","","","","","","","","","","","","","678.91156","678.91156","678.91156","716","716","716"
"260561","","","","","","","-75.4386","-75.4386","-75.4386","718","718","718","","","","","",""
"260953","118.35443","118.35443","118.35443","712","712","712","","","","","","","","","","","",""
"261152","","","","","","","","","","","","","378.54785","378.54785","378.54785","717","717","717"
"261562","","","","","","","-74.60317","-74.60317","-74.60317","719","719","719","","","","","",""
"261954","71.929825","71.929825","71.929825","713","713","713","","","","","","","","","","","",""
"262153","","","","","","","","","","","","","366.66666","366.66666","366.66666","725","725","725"
"262415","","","","","","","-150.73573","-150.73573","-150.73573","727","727","727","","","","","",""
"262955","533.218","533.218","533.218","721","721","721","","","","","","","","","","","",""
"263154","","","","","","","","","","","","","296.8254","296.8254","296.8254","726","726","726"
"263416","","","","","","","-77.04918","-77.04918","-77.04918","728","728","728","","","","","",""
"263956","195.91837","195.91837","195.91837","722","722","722","","","","","","","","","","","",""
"264155","","","","","","","","","","","","","150.8591","150.8591","150.8591","727","727","727"
"264417","","","","","","","-47.712418","-47.712418","-47.712418","729","729","729","","","","","",""
"264957","359.1837","359.1837","359.1837","723","723","723","","","","","","","","","","","",""
"265156","","","","","","","","","","","","","263.93442","263.93442","263.93442","728","728","728"
"265418","","","","","","","-79.38145","-79.38145","-79.38145","730","730","730","","","","","",""
"265958","391.74918","391.74918","391.74918","724","724","724","","","","","","","","","","","",""
"266157","","","","","","","","","","","","","540.5229","540.5229","540.5229","729","729","729"
"266419","","","","","","","-41.00295","-41.00295","-41.00295","738","738","738","","","","","",""
"266609","","","","","","","-78.654015","-78.654015","-78.654015","739","739","739","","","","","",""
"266959","159.64912","159.64912","159.64912","732","732","732","","","","","","","","","","","",""
"267158","","","","","","","","","","","","","44.329895","44.329895","44.329895","737","737","737"
"267610","","","","","","","41.414143","41.414143","41.414143","740","740","740","","","","","",""
"267960","236.50793","236.50793","236.50793","733","733","733","","","","","","","","","","","",""
"268159","","","","","","","","","","","","","242.18289","242.18289","242.18289","738","738","738"
"268611","","","","","","","-83.552635","-83.552635","-83.552635","741","741","741","","","","","",""
"268808","","","","","","","-98.447365","-98.447365","-98.447365","742","742","742","","","","","",""
"268961","226.46048","226.46048","226.46048","734","734","734","","","","","","","","","","","",""
"269160","","","","","","","","","","","","","549.635","549.635","549.635","739","739","739"
"269809","","","","","","","-76.0274","-76.0274","-76.0274","743","743","743","","","","","",""
"269962","460.65573","460.65573","460.65573","735","735","735","","","","","","","","","","","",""
"270161","","","","","","","","","","","","","95.286194","95.286194","95.286194","740","740","740"
"270810","","","","","","","31.487888","31.487888","31.487888","751","751","751","","","","","",""
"270865","","","","","","","","","","","","","204.8","204.8","204.8","748","748","748"
"270963","53.594772","53.594772","53.594772","743","743","743","","","","","","","","","","","",""
"271811","","","","","","","-42.176872","-42.176872","-42.176872","752","752","752","","","","","",""
"271866","","","","","","","","","","","","","198.24562","198.24562","198.24562","749","749","749"
"271964","102.74914","102.74914","102.74914","744","744","744","","","","","","","","","","","",""
"272347","","","","","","","-102.44459","-102.44459","-102.44459","753","753","753","","","","","",""
"272867","","","","","","","","","","","","","290.41095","290.41095","290.41095","750","750","750"
"272965","180.236","180.236","180.236","745","745","745","","","","","","","","","","","",""
"273348","","","","","","","-7.3482428","-7.3482428","-7.3482428","754","754","754","","","","","",""
"273868","","","","","","","","","","","","","3.8062284","3.8062284","3.8062284","751","751","751"
"273950","","","","","","","-133.0539","-133.0539","-133.0539","755","755","755","","","","","",""
"273966","159.12408","159.12408","159.12408","746","746","746","","","","","","","","","","","",""
"274615","","","","","","","","","","","","","-45.2483","-45.2483","-45.2483","759","759","759"
"274671","","","","","","","-118.3883","-118.3883","-118.3883","763","763","763","","","","","",""
"274967","334.34344","334.34344","334.34344","754","754","754","","","","","","","","","","","",""
"275616","","","","","","","","","","","","","431.84714","431.84714","431.84714","760","760","760"
"275672","","","","","","","-60","-60","-60","764","764","764","","","","","",""
"275968","413.1579","413.1579","413.1579","755","755","755","","","","","","","","","","","",""
"276348","","","","","","","-108.79194","-108.79194","-108.79194","765","765","765","","","","","",""
"276617","","","","","","","","","","","","","353.67413","353.67413","353.67413","761","761","761"
"276969","152.63158","152.63158","152.63158","756","756","756","","","","","","","","","","","",""
"277094","","","","","","","-131.77705","-131.77705","-131.77705","766","766","766","","","","","",""
"277618","","","","","","","","","","","","","220.35928","220.35928","220.35928","762","762","762"
"277970","204.79453","204.79453","204.79453","757","757","757","","","","","","","","","","","",""
"278095","","","","","","","-31.137724","-31.137724","-31.137724","767","767","767","","","","","",""
"278619","","","","","","","","","","","","","201.00334","201.00334","201.00334","770","770","770"
"278971","370.58823","370.58823","370.58823","765","765","765","","","","","","","","","","","",""
"279096","","","","","","","42.322098","42.322098","42.322098","775","775","775","","","","","",""
"279492","","","","","","","-101.946815","-101.946815","-101.946815","776","776","776","","","","","",""
"279620","","","","","","","","","","","","","48","48","48","771","771","771"
"279972","369.38776","369.38776","369.38776","766","766","766","","","","","","","","","","","",""
"280493","","","","","","","6.1643834","6.1643834","6.1643834","777","777","777","","","","","",""
"280621","","","","","","","","","","","","","409.1575","409.1575","409.1575","772","772","772"
"280837","","","","","","","","","","","","","13.02623","13.02623","13.02623","773","773","773"
"280973","-14.012739","-14.012739","-14.012739","767","767","767","","","","","","","","","","","",""
"281494","","","","","","","-56.112854","-56.112854","-56.112854","778","778","778","","","","","",""
"281838","","","","","","","","","","","","","133.53293","133.53293","133.53293","774","774","774"
"281974","53.354633","53.354633","53.354633","768","768","768","","","","","","","","","","","",""
"282495","","","","","","","141.61073","141.61073","141.61073","779","779","779","","","","","",""
"282839","","","","","","","","","","","","","338.20224","338.20224","338.20224","782","782","782"
"282920","","","","","","","-88.45385","-88.45385","-88.45385","787","787","787","","","","","",""
"282975","244.31137","244.31137","244.31137","776","776","776","","","","","","","","","","","",""
"283083","","","","","","","-91.709755","-91.709755","-91.709755","788","788","788","","","","","",""
"283361","","","","","","","-61.42353","-61.42353","-61.42353","789","789","789","","","","","",""
"283840","","","","","","","","","","","","","53.558052","53.558052","53.558052","783","783","783"
"283976","137.45819","137.45819","137.45819","777","777","777","","","","","","","","","","","",""
"284362","","","","","","","-77.8481","-77.8481","-77.8481","790","790","790","","","","","",""
"284841","","","","","","","","","","","","","19.863014","19.863014","19.863014","784","784","784"
"284977","264","264","264","778","778","778","","","","","","","","","","","",""
"285363","","","","","","","-75.69444","-75.69444","-75.69444","791","791","791","","","","","",""
"285842","","","","","","","","","","","","","338.87146","338.87146","338.87146","785","785","785"
"285978","313.9194","313.9194","313.9194","779","779","779","","","","","","","","","","","",""
"286364","","","","","","","-24.914677","-24.914677","-24.914677","792","792","792","","","","","",""
"286843","","","","","","","","","","","","","571.1409","571.1409","571.1409","793","793","793"
"286979","50.81967","50.81967","50.81967","787","787","787","","","","","","","","","","","",""
"287110","","","","","","","","","","","","","54.26923","54.26923","54.26923","794","794","794"
"287365","","","","","","","-53.405018","-53.405018","-53.405018","800","800","800","","","","","",""
"287980","124.550896","124.550896","124.550896","788","788","788","","","","","","","","","","","",""
"288111","","","","","","","","","","","","","464.02438","464.02438","464.02438","795","795","795"
"288366","","","","","","","-34.482758","-34.482758","-34.482758","801","801","801","","","","","",""
"288981","293.25842","293.25842","293.25842","789","789","789","","","","","","","","","","","",""
"289112","","","","","","","","","","","","","337.5","337.5","337.5","796","796","796"
"289367","","","","","","","-2.7355623","-2.7355623","-2.7355623","802","802","802","","","","","",""
"289857","","","","","","","-91.56094","-91.56094","-91.56094","803","803","803","","","","","",""
"289982","79.77528","79.77528","79.77528","790","790","790","","","","","","","","","","","",""
"290113","","","","","","","","","","","","","162.65823","162.65823","162.65823","797","797","797"
"290858","","","","","","","-48.71795","-48.71795","-48.71795","811","811","811","","","","","",""
"290983","232.19179","232.19179","232.19179","798","798","798","","","","","","","","","","","",""
"291114","","","","","","","","","","","","","14.583333","14.583333","14.583333","805","805","805"
"291859","","","","","","","-76.58863","-76.58863","-76.58863","812","812","812","","","","","",""
"291984","210.34483","210.34483","210.34483","799","799","799","","","","","","","","","","","",""
"292115","","","","","","","","","","","","","248.12286","248.12286","248.12286","806","806","806"
"292860","","","","","","","2.484472","2.484472","2.484472","813","813","813","","","","","",""
"292985","265.77182","265.77182","265.77182","800","800","800","","","","","","","","","","","",""
"293116","","","","","","","","","","","","","279.9283","279.9283","279.9283","807","807","807"
"293861","","","","","","","63.120567","63.120567","63.120567","814","814","814","","","","","",""
"293986","107.69231","107.69231","107.69231","801","801","801","","","","","","","","","","","",""
"294073","","","","","","","-96.2322","-96.2322","-96.2322","815","815","815","","","","","",""
"294117","","","","","","","","","","","","","448.27585","448.27585","448.27585","808","808","808"
"294987","-39.02439","-39.02439","-39.02439","809","809","809","","","","","","","","","","","",""
"295074","","","","","","","-74.16974","-74.16974","-74.16974","823","823","823","","","","","",""
"295118","","","","","","","","","","","","","213.06992","213.06992","213.06992","816","816","816"
"295988","150","150","150","810","810","810","","","","","","","","","","","",""
"296075","","","","","","","-34.10853","-34.10853","-34.10853","824","824","824","","","","","",""
"296119","","","","","","","","","","","","","199.6633","199.6633","199.6633","817","817","817"
"296507","","","","","","","","","","","","","-0.7794872","-0.7794872","-0.7794872","818","818","818"
"296989","273.41772","273.41772","273.41772","811","811","811","","","","","","","","","","","",""
"297076","","","","","","","-6.367041","-6.367041","-6.367041","825","825","825","","","","","",""
"297508","","","","","","","","","","","","","97.32442","97.32442","97.32442","819","819","819"
"297990","434.72223","434.72223","434.72223","812","812","812","","","","","","","","","","","",""
"298077","","","","","","","-9.698997","-9.698997","-9.698997","826","826","826","","","","","",""
"298509","","","","","","","","","","","","","201.24223","201.24223","201.24223","820","820","820"
"298991","87.71331","87.71331","87.71331","813","813","813","","","","","","","","","","","",""
"299018","","","","","","","-150.42174","-150.42174","-150.42174","834","834","834","","","","","",""
"299216","","","","","","","-49.22963","-49.22963","-49.22963","835","835","835","","","","","",""
"299238","","","","","","","","","","","","","295.3851","295.3851","295.3851","828","828","828"
"299992","251.25449","251.25449","251.25449","821","821","821","","","","","","","","","","","",""
"300217","","","","","","","-70.37037","-70.37037","-70.37037","836","836","836","","","","","",""
"300239","","","","","","","","","","","","","317.95667","317.95667","317.95667","829","829","829"
"300993","310.34482","310.34482","310.34482","822","822","822","","","","","","","","","","","",""
"301218","","","","","","","-50.943398","-50.943398","-50.943398","837","837","837","","","","","",""
"301240","","","","","","","","","","","","","815.12915","815.12915","815.12915","830","830","830"
"301994","240.42554","240.42554","240.42554","823","823","823","","","","","","","","","","","",""
"302219","","","","","","","-51.367783","-51.367783","-51.367783","838","838","838","","","","","",""
"302241","","","","","","","","","","","","","586.0465","586.0465","586.0465","831","831","831"
"302995","256.90234","256.90234","256.90234","824","824","824","","","","","","","","","","","",""
"303220","","","","","","","-45.402298","-45.402298","-45.402298","846","846","846","","","","","",""
"303242","","","","","","","","","","","","","551.68536","551.68536","551.68536","839","839","839"
"303996","185.25641","185.25641","185.25641","832","832","832","","","","","","","","","","","",""
"304221","","","","","","","-54.98392","-54.98392","-54.98392","847","847","847","","","","","",""
"304243","","","","","","","","","","","","","344.81604","344.81604","344.81604","840","840","840"
"304997","421.73914","421.73914","421.73914","833","833","833","","","","","","","","","","","",""
"305222","","","","","","","-77.77778","-77.77778","-77.77778","848","848","848","","","","","",""
"305244","","","","","","","","","","","","","669.2308","669.2308","669.2308","841","841","841"
"305722","","","","","","","","","","","","","259.8074","259.8074","259.8074","842","842","842"
"305998","384.47205","384.47205","384.47205","834","834","834","","","","","","","","","","","",""
"306223","","","","","","","-22.794117","-22.794117","-22.794117","849","849","849","","","","","",""
"306723","","","","","","","","","","","","","333.33334","333.33334","333.33334","843","843","843"
"306999","45.39007","45.39007","45.39007","835","835","835","","","","","","","","","","","",""
"307224","","","","","","","-36.842106","-36.842106","-36.842106","857","857","857","","","","","",""
"307724","","","","","","","","","","","","","439.62265","439.62265","439.62265","851","851","851"
"308000","187.92569","187.92569","187.92569","843","843","843","","","","","","","","","","","",""
"308225","","","","","","","21.311476","21.311476","21.311476","858","858","858","","","","","",""
"308725","","","","","","","","","","","","","173.55623","173.55623","173.55623","852","852","852"
"309001","128.78229","128.78229","128.78229","844","844","844","","","","","","","","","","","",""
"309226","","","","","","","-49.36709","-49.36709","-49.36709","859","859","859","","","","","",""
"309505","","","","","","","-88.22632","-88.22632","-88.22632","860","860","860","","","","","",""
"309726","","","","","","","","","","","","","489.08047","489.08047","489.08047","853","853","853"
"309728","","","","","","","-102.682526","-102.682526","-102.682526","861","861","861","","","","","",""
"310002","159.68993","159.68993","159.68993","845","845","845","","","","","","","","","","","",""
"310727","","","","","","","","","","","","","363.02252","363.02252","363.02252","854","854","854"
"310729","","","","","","","-51.612904","-51.612904","-51.612904","862","862","862","","","","","",""
"311003","105.99251","105.99251","105.99251","846","846","846","","","","","","","","","","","",""
"311728","","","","","","","","","","","","","488.8889","488.8889","488.8889","862","862","862"
"311730","","","","","","","51.62455","51.62455","51.62455","870","870","870","","","","","",""
"312004","77.25752","77.25752","77.25752","854","854","854","","","","","","","","","","","",""
"312729","","","","","","","","","","","","","844.85297","844.85297","844.85297","863","863","863"
"312731","","","","","","","-33.79791","-33.79791","-33.79791","871","871","871","","","","","",""
"313005","170.90302","170.90302","170.90302","855","855","855","","","","","","","","","","","",""
"313303","","","","","","","-63.14887","-63.14887","-63.14887","872","872","872","","","","","",""
"313730","","","","","","","","","","","","","685.9649","685.9649","685.9649","864","864","864"
"314006","470.37036","470.37036","470.37036","856","856","856","","","","","","","","","","","",""
"314304","","","","","","","53.57143","53.57143","53.57143","873","873","873","","","","","",""
"314731","","","","","","","","","","","","","198.36066","198.36066","198.36066","865","865","865"
"315007","55.555557","55.555557","55.555557","857","857","857","","","","","","","","","","","",""
"315175","","","","","","","-144.85796","-144.85796","-144.85796","874","874","874","","","","","",""
"315732","","","","","","","","","","","","","545.56964","545.56964","545.56964","873","873","873"
"315893","","","","","","","-144.98402","-144.98402","-144.98402","882","882","882","","","","","",""
"316008","473.5849","473.5849","473.5849","865","865","865","","","","","","","","","","","",""
"316431","","","","","","","-124.93758","-124.93758","-124.93758","883","883","883","","","","","",""
"316733","","","","","","","","","","","","","488.8158","488.8158","488.8158","874","874","874"
"317009","374.16412","374.16412","374.16412","866","866","866","","","","","","","","","","","",""
"317432","","","","","","","-50.166115","-50.166115","-50.166115","884","884","884","","","","","",""
"317673","","","","","","","-54.556934","-54.556934","-54.556934","885","885","885","","","","","",""
"317734","","","","","","","","","","","","","320.71198","320.71198","320.71198","875","875","875"
"318010","256.32184","256.32184","256.32184","867","867","867","","","","","","","","","","","",""
"318674","","","","","","","-23.344948","-23.344948","-23.344948","886","886","886","","","","","",""
"318735","","","","","","","","","","","","","445.1613","445.1613","445.1613","876","876","876"
"319011","292.28296","292.28296","292.28296","868","868","868","","","","","","","","","","","",""
"319629","","","","","","","","","","","","","724.1574","724.1574","724.1574","884","884","884"
"319675","","","","","","","-46.42857","-46.42857","-46.42857","894","894","894","","","","","",""
"319865","","","","","","","-82.85229","-82.85229","-82.85229","895","895","895","","","","","",""
"320012","159.25926","159.25926","159.25926","876","876","876","","","","","","","","","","","",""
"320630","","","","","","","","","","","","","387.80487","387.80487","387.80487","885","885","885"
"320866","","","","","","","-69.49152","-69.49152","-69.49152","896","896","896","","","","","",""
"320892","","","","","","","","","","","","","6.6860843","6.6860843","6.6860843","886","886","886"
"321013","282.35294","282.35294","282.35294","877","877","877","","","","","","","","","","","",""
"321867","","","","","","","-20.289856","-20.289856","-20.289856","897","897","897","","","","","",""
"321893","","","","","","","","","","","","","817.8571","817.8571","817.8571","887","887","887"
"322014","394.73685","394.73685","394.73685","878","878","878","","","","","","","","","","","",""
"322296","","","","","","","-117.96502","-117.96502","-117.96502","898","898","898","","","","","",""
"322894","","","","","","","","","","","","","224.32433","224.32433","224.32433","888","888","888"
"323015","450.81967","450.81967","450.81967","879","879","879","","","","","","","","","","","",""
"323297","","","","","","","-62.962963","-62.962963","-62.962963","899","899","899","","","","","",""
"323613","","","","","","","-65.3934","-65.3934","-65.3934","907","907","907","","","","","",""
"323895","","","","","","","","","","","","","48.288975","48.288975","48.288975","896","896","896"
"324016","311.3924","311.3924","311.3924","887","887","887","","","","","","","","","","","",""
"324311","","","","","","","-135.81622","-135.81622","-135.81622","908","908","908","","","","","",""
"324896","","","","","","","","","","","","","473.2484","473.2484","473.2484","897","897","897"
"325017","110.52631","110.52631","110.52631","888","888","888","","","","","","","","","","","",""
"325312","","","","","","","12.244898","12.244898","12.244898","909","909","909","","","","","",""
"325637","","","","","","","-112.02973","-112.02973","-112.02973","910","910","910","","","","","",""
"325897","","","","","","","","","","","","","647.5083","647.5083","647.5083","898","898","898"
"325985","","","","","","","-92.04681","-92.04681","-92.04681","911","911","911","","","","","",""
"326018","262.45953","262.45953","262.45953","889","889","889","","","","","","","","","","","",""
"326898","","","","","","","","","","","","","710.219","710.219","710.219","899","899","899"
"326986","","","","","","","4.5751634","4.5751634","4.5751634","912","912","912","","","","","",""
"327019","361.2903","361.2903","361.2903","890","890","890","","","","","","","","","","","",""
"327899","","","","","","","","","","","","","774.56445","774.56445","774.56445","907","907","907"
"327987","","","","","","","-52.80236","-52.80236","-52.80236","920","920","920","","","","","",""
"328020","575.0903","575.0903","575.0903","898","898","898","","","","","","","","","","","",""
"328402","","","","","","","-88.85245","-88.85245","-88.85245","921","921","921","","","","","",""
"328900","","","","","","","","","","","","","492.85715","492.85715","492.85715","908","908","908"
"329021","300.69687","300.69687","300.69687","899","899","899","","","","","","","","","","","",""
"329403","","","","","","","-18.918919","-18.918919","-18.918919","922","922","922","","","","","",""
"329901","","","","","","","","","","","","","337.9085","337.9085","337.9085","909","909","909"
"330022","158.89967","158.89967","158.89967","900","900","900","","","","","","","","","","","",""
"330404","","","","","","","-64.664314","-64.664314","-64.664314","923","923","923","","","","","",""
"330902","","","","","","","","","","","","","689.8305","689.8305","689.8305","910","910","910"
"331023","310.7143","310.7143","310.7143","901","901","901","","","","","","","","","","","",""
"331405","","","","","","","-27.0073","-27.0073","-27.0073","924","924","924","","","","","",""
"331903","","","","","","","","","","","","","845.65216","845.65216","845.65216","918","918","918"
"332024","182.28229","182.28229","182.28229","909","909","909","","","","","","","","","","","",""
"332406","","","","","","","-50.413223","-50.413223","-50.413223","932","932","932","","","","","",""
"332904","","","","","","","","","","","","","564.311","564.311","564.311","919","919","919"
"333025","413.30798","413.30798","413.30798","910","910","910","","","","","","","","","","","",""
"333091","","","","","","","-141.45436","-141.45436","-141.45436","933","933","933","","","","","",""
"333905","","","","","","","","","","","","","697.9798","697.9798","697.9798","920","920","920"
"334026","62.420383","62.420383","62.420383","911","911","911","","","","","","","","","","","",""
"334092","","","","","","","-64.41281","-64.41281","-64.41281","934","934","934","","","","","",""
"334614","","","","","","","","","","","","","416.75876","416.75876","416.75876","921","921","921"
"335027","258.804","258.804","258.804","912","912","912","","","","","","","","","","","",""
"335093","","","","","","","-46.42857","-46.42857","-46.42857","935","935","935","","","","","",""
"335615","","","","","","","","","","","","","619.5946","619.5946","619.5946","922","922","922"
"336028","97.08029","97.08029","97.08029","920","920","920","","","","","","","","","","","",""
"336094","","","","","","","-38.405796","-38.405796","-38.405796","943","943","943","","","","","",""
"336616","","","","","","","","","","","","","665.30615","665.30615","665.30615","930","930","930"
"337029","171.77701","171.77701","171.77701","921","921","921","","","","","","","","","","","",""
"337095","","","","","","","-4.4117646","-4.4117646","-4.4117646","944","944","944","","","","","",""
"337617","","","","","","","","","","","","","298.64865","298.64865","298.64865","931","931","931"
"337823","","","","","","","-152.79802","-152.79802","-152.79802","945","945","945","","","","","",""
"338019","","","","","","","-99.26577","-99.26577","-99.26577","946","946","946","","","","","",""
"338030","325","325","325","922","922","922","","","","","","","","","","","",""
"338191","","","","","","","-86.07217","-86.07217","-86.07217","947","947","947","","","","","",""
"338618","","","","","","","","","","","","","814.8936","814.8936","814.8936","932","932","932"
"338966","","","","","","","","","","","","","2.654902","2.654902","2.654902","933","933","933"
"339014","","","","","","","-91.19091","-91.19091","-91.19091","948","948","948","","","","","",""
"339031","190.84967","190.84967","190.84967","923","923","923","","","","","","","","","","","",""
"339232","","","","","","","","","","","","","26.99233","26.99233","26.99233","934","934","934"
"339763","","","","","","","-132.74196","-132.74196","-132.74196","949","949","949","","","","","",""
"340032","500","500","500","931","931","931","","","","","","","","","","","",""
"340233","","","","","","","","","","","","","284.6154","284.6154","284.6154","942","942","942"
"340516","","","","","","","","","","","","","16.044144","16.044144","16.044144","943","943","943"
"340764","","","","","","","-41.60584","-41.60584","-41.60584","957","957","957","","","","","",""
"341033","566.6667","566.6667","566.6667","932","932","932","","","","","","","","","","","",""
"341517","","","","","","","","","","","","","338.16254","338.16254","338.16254","944","944","944"
"341765","","","","","","","-35.59322","-35.59322","-35.59322","958","958","958","","","","","",""
"342034","108.48057","108.48057","108.48057","933","933","933","","","","","","","","","","","",""
"342158","","","","","","","","","","","","","80.62555","80.62555","80.62555","945","945","945"
"342766","","","","","","","-84.662575","-84.662575","-84.662575","959","959","959","","","","","",""
"343035","381.48148","381.48148","381.48148","934","934","934","","","","","","","","","","","",""
"343159","","","","","","","","","","","","","751.2397","751.2397","751.2397","946","946","946"
"343767","","","","","","","-55.83596","-55.83596","-55.83596","960","960","960","","","","","",""
"344036","127.72277","127.72277","127.72277","935","935","935","","","","","","","","","","","",""
"344160","","","","","","","","","","","","","433.55704","433.55704","433.55704","954","954","954"
"344768","","","","","","","46.42857","46.42857","46.42857","968","968","968","","","","","",""
"345037","633.1081","633.1081","633.1081","943","943","943","","","","","","","","","","","",""
"345161","","","","","","","","","","","","","259.4306","259.4306","259.4306","955","955","955"
"345769","","","","","","","-77.44361","-77.44361","-77.44361","969","969","969","","","","","",""
"346038","308.16327","308.16327","308.16327","944","944","944","","","","","","","","","","","",""
"346147","","","","","","","-97.74493","-97.74493","-97.74493","970","970","970","","","","","",""
"346162","","","","","","","","","","","","","667.8571","667.8571","667.8571","956","956","956"
"346736","","","","","","","-122.06996","-122.06996","-122.06996","971","971","971","","","","","",""
"346972","","","","","","","-89.729965","-89.729965","-89.729965","972","972","972","","","","","",""
"347039","153.37837","153.37837","153.37837","945","945","945","","","","","","","","","","","",""
"347163","","","","","","","","","","","","","863.7681","863.7681","863.7681","957","957","957"
"347460","","","","","","","-100.36849","-100.36849","-100.36849","973","973","973","","","","","",""
"348040","385.8156","385.8156","385.8156","946","946","946","","","","","","","","","","","",""
"348164","","","","","","","","","","","","","341.17648","341.17648","341.17648","965","965","965"
"348341","","","","","","","-151.1353","-151.1353","-151.1353","981","981","981","","","","","",""
"349041","396.73203","396.73203","396.73203","954","954","954","","","","","","","","","","","",""
"349165","","","","","","","","","","","","","612.8713","612.8713","612.8713","966","966","966"
"349342","","","","","","","-79.86577","-79.86577","-79.86577","982","982","982","","","","","",""
"349696","","","","","","","-87.881386","-87.881386","-87.881386","983","983","983","","","","","",""
"350042","138.93805","138.93805","138.93805","955","955","955","","","","","","","","","","","",""
"350086","","","","","","","-114.74502","-114.74502","-114.74502","984","984","984","","","","","",""
"350166","","","","","","","","","","","","","644.96643","644.96643","644.96643","967","967","967"
"351043","165.73427","165.73427","165.73427","956","956","956","","","","","","","","","","","",""
"351087","","","","","","","6.5292096","6.5292096","6.5292096","985","985","985","","","","","",""
"351167","","","","","","","","","","","","","611.3402","611.3402","611.3402","968","968","968"
"352044","323.42343","323.42343","323.42343","957","957","957","","","","","","","","","","","",""
"352088","","","","","","","-61.904762","-61.904762","-61.904762","986","986","986","","","","","",""
"352168","","","","","","","","","","","","","327.8075","327.8075","327.8075","969","969","969"
"353045","225.08833","225.08833","225.08833","965","965","965","","","","","","","","","","","",""
"353089","","","","","","","-12.408759","-12.408759","-12.408759","994","994","994","","","","","",""
"353169","","","","","","","","","","","","","295.1049","295.1049","295.1049","977","977","977"
"353803","","","","","","","-99.77143","-99.77143","-99.77143","995","995","995","","","","","",""
"354046","400","400","400","966","966","966","","","","","","","","","","","",""
"354170","","","","","","","","","","","","","494.8905","494.8905","494.8905","978","978","978"
"354504","","","","","","","-134.88054","-134.88054","-134.88054","996","996","996","","","","","",""
"355047","3.3057852","3.3057852","3.3057852","967","967","967","","","","","","","","","","","",""
"355113","","","","","","","-111.230034","-111.230034","-111.230034","997","997","997","","","","","",""
"355171","","","","","","","","","","","","","394.91525","394.91525","394.91525","979","979","979"
"356048","316.1074","316.1074","316.1074","968","968","968","","","","","","","","","","","",""
"356114","","","","","","","-77.1987","-77.1987","-77.1987","998","998","998","","","","","",""
"356172","","","","","","","","","","","","","231.28835","231.28835","231.28835","980","980","980"
"356806","13.012099","13.012099","13.012099","976","976","976","","","","","","","","","","","",""
"357115","","","","","","","-72.04969","-72.04969","-72.04969","1006","1006","1006","","","","","",""
"357173","","","","","","","","","","","","","489.90536","489.90536","489.90536","988","988","988"
"357761","","","","","","","-88.412155","-88.412155","-88.412155","1007","1007","1007","","","","","",""
"357807","539.2857","539.2857","539.2857","977","977","977","","","","","","","","","","","",""
"358174","","","","","","","","","","","","","571.4286","571.4286","571.4286","989","989","989"
"358210","","","","","","","-116.48683","-116.48683","-116.48683","1008","1008","1008","","","","","",""
"358808","81.159424","81.159424","81.159424","978","978","978","","","","","","","","","","","",""
"359175","","","","","","","","","","","","","351.1278","351.1278","351.1278","990","990","990"
"359211","","","","","","","-42.307693","-42.307693","-42.307693","1009","1009","1009","","","","","",""
"359809","469.85294","469.85294","469.85294","979","979","979","","","","","","","","","","","",""
"360112","","","","","","","","","","","","","906.4","906.4","906.4","991","991","991"
"360212","","","","","","","-16.083916","-16.083916","-16.083916","1010","1010","1010","","","","","",""
"360810","721.78217","721.78217","721.78217","987","987","987","","","","","","","","","","","",""
"361113","","","","","","","","","","","","","584.9817","584.9817","584.9817","999","999","999"
"361213","","","","","","","-40.625","-40.625","-40.625","1018","1018","1018","","","","","",""
"361446","","","","","","","-95.98135","-95.98135","-95.98135","1019","1019","1019","","","","","",""
"361811","131.54362","131.54362","131.54362","988","988","988","","","","","","","","","","","",""
"362114","","","","","","","","","","","","","556.5657","556.5657","556.5657","1000","1000","1000"
"362447","","","","","","","30.573248","30.573248","30.573248","1020","1020","1020","","","","","",""
"362812","635.3952","635.3952","635.3952","989","989","989","","","","","","","","","","","",""
"363082","","","","","","","","","","","","","758.3839","758.3839","758.3839","1001","1001","1001"
"363448","","","","","","","7.033639","7.033639","7.033639","1021","1021","1021","","","","","",""
"363813","234.2246","234.2246","234.2246","990","990","990","","","","","","","","","","","",""
"364083","","","","","","","","","","","","","370.58823","370.58823","370.58823","1002","1002","1002"
"364449","","","","","","","-56.38629","-56.38629","-56.38629","1022","1022","1022","","","","","",""
"364814","270.62936","270.62936","270.62936","998","998","998","","","","","","","","","","","",""
"365084","","","","","","","","","","","","","292.61746","292.61746","292.61746","1010","1010","1010"
"365450","","","","","","","133.0827","133.0827","133.0827","1030","1030","1030","","","","","",""
"365815","359.854","359.854","359.854","999","999","999","","","","","","","","","","","",""
"365933","","","","","","","-116.151115","-116.151115","-116.151115","1031","1031","1031","","","","","",""
"366085","","","","","","","","","","","","","262.77603","262.77603","262.77603","1011","1011","1011"
"366816","333.89832","333.89832","333.89832","1000","1000","1000","","","","","","","","","","","",""
"366934","","","","","","","55.709343","55.709343","55.709343","1032","1032","1032","","","","","",""
"367086","","","","","","","","","","","","","357.04468","357.04468","357.04468","1012","1012","1012"
"367817","31.90184","31.90184","31.90184","1001","1001","1001","","","","","","","","","","","",""
"367935","","","","","","","35.8885","35.8885","35.8885","1033","1033","1033","","","","","",""
"368087","","","","","","","","","","","","","752.2337","752.2337","752.2337","1013","1013","1013"
"368818","325.8675","325.8675","325.8675","1009","1009","1009","","","","","","","","","","","",""
"368936","","","","","","","-39.716312","-39.716312","-39.716312","1041","1041","1041","","","","","",""
"369088","","","","","","","","","","","","","61.904762","61.904762","61.904762","1021","1021","1021"
"369819","400","400","400","1010","1010","1010","","","","","","","","","","","",""
"369937","","","","","","","-38.11075","-38.11075","-38.11075","1042","1042","1042","","","","","",""
"370089","","","","","","","","","","","","","505.83942","505.83942","505.83942","1022","1022","1022"
"370820","362.406","362.406","362.406","1011","1011","1011","","","","","","","","","","","",""
"370938","","","","","","","7.913669","7.913669","7.913669","1043","1043","1043","","","","","",""
"371090","","","","","","","","","","","","","603.0075","603.0075","603.0075","1023","1023","1023"
"371821","233.33333","233.33333","233.33333","1012","1012","1012","","","","","","","","","","","",""
"371895","","","","","","","-158.59962","-158.59962","-158.59962","1044","1044","1044","","","","","",""
"372091","","","","","","","","","","","","","530.3502","530.3502","530.3502","1024","1024","1024"
"372822","486.0806","486.0806","486.0806","1020","1020","1020","","","","","","","","","","","",""
"372896","","","","","","","-23.56688","-23.56688","-23.56688","1052","1052","1052","","","","","",""
"373092","","","","","","","","","","","","","709.18726","709.18726","709.18726","1032","1032","1032"
"373823","-2.3569024","-2.3569024","-2.3569024","1021","1021","1021","","","","","","","","","","","",""
"373897","","","","","","","-9.42029","-9.42029","-9.42029","1053","1053","1053","","","","","",""
"374093","","","","","","","","","","","","","212.70358","212.70358","212.70358","1033","1033","1033"
"374720","","","","","","","-105.68804","-105.68804","-105.68804","1054","1054","1054","","","","","",""
"374824","469.13184","469.13184","469.13184","1022","1022","1022","","","","","","","","","","","",""
"375094","","","","","","","","","","","","","222.98137","222.98137","222.98137","1034","1034","1034"
"375341","","","","","","","-97.59132","-97.59132","-97.59132","1055","1055","1055","","","","","",""
"375825","208.82353","208.82353","208.82353","1023","1023","1023","","","","","","","","","","","",""
"376095","","","","","","","","","","","","","188.7538","188.7538","188.7538","1035","1035","1035"
"376342","","","","","","","1.3513514","1.3513514","1.3513514","1056","1056","1056","","","","","",""
"376826","238.92618","238.92618","238.92618","1024","1024","1024","","","","","","","","","","","",""
"376879","","","","","","","-125.977066","-125.977066","-125.977066","1064","1064","1064","","","","","",""
"377096","","","","","","","","","","","","","229.15361","229.15361","229.15361","1043","1043","1043"
"377166","","","","","","","-90.16134","-90.16134","-90.16134","1065","1065","1065","","","","","",""
"377827","262.77603","262.77603","262.77603","1032","1032","1032","","","","","","","","","","","",""
"378097","","","","","","","","","","","","","361.53845","361.53845","361.53845","1044","1044","1044"
"378167","","","","","","","-63.157894","-63.157894","-63.157894","1066","1066","1066","","","","","",""
"378828","61.512028","61.512028","61.512028","1033","1033","1033","","","","","","","","","","","",""
"379098","","","","","","","","","","","","","543.3566","543.3566","543.3566","1045","1045","1045"
"379168","","","","","","","33.587788","33.587788","33.587788","1067","1067","1067","","","","","",""
"379829","171.47766","171.47766","171.47766","1034","1034","1034","","","","","","","","","","","",""
"380099","","","","","","","","","","","","","209.375","209.375","209.375","1046","1046","1046"
"380169","","","","","","","69.49152","69.49152","69.49152","1068","1068","1068","","","","","",""
"380830","233.33333","233.33333","233.33333","1035","1035","1035","","","","","","","","","","","",""
"381100","","","","","","","","","","","","","832.20337","832.20337","832.20337","1054","1054","1054"
"381170","","","","","","","47.41036","47.41036","47.41036","1076","1076","1076","","","","","",""
"381831","345.25546","345.25546","345.25546","1043","1043","1043","","","","","","","","","","","",""
"382101","","","","","","","","","","","","","164.3312","164.3312","164.3312","1055","1055","1055"
"382171","","","","","","","162.97578","162.97578","162.97578","1077","1077","1077","","","","","",""
"382532","","","","","","","-97.14031","-97.14031","-97.14031","1078","1078","1078","","","","","",""
"382832","565.4135","565.4135","565.4135","1044","1044","1044","","","","","","","","","","","",""
"383102","","","","","","","","","","","","","447.4006","447.4006","447.4006","1056","1056","1056"
"383533","","","","","","","-74.91039","-74.91039","-74.91039","1079","1079","1079","","","","","",""
"383833","398.05447","398.05447","398.05447","1045","1045","1045","","","","","","","","","","","",""
"384103","","","","","","","","","","","","","208.41121","208.41121","208.41121","1057","1057","1057"
"384534","","","","","","","61.654137","61.654137","61.654137","1080","1080","1080","","","","","",""
"384834","384.09894","384.09894","384.09894","1046","1046","1046","","","","","","","","","","","",""
"385104","","","","","","","","","","","","","415.0376","415.0376","415.0376","1065","1065","1065"
"385535","","","","","","","30","30","30","1088","1088","1088","","","","","",""
"385835","300.65146","300.65146","300.65146","1054","1054","1054","","","","","","","","","","","",""
"386105","","","","","","","","","","","","","423.96167","423.96167","423.96167","1066","1066","1066"
"386536","","","","","","","-17.293234","-17.293234","-17.293234","1089","1089","1089","","","","","",""
"386836","238.50932","238.50932","238.50932","1055","1055","1055","","","","","","","","","","","",""
"387106","","","","","","","","","","","","","588.5813","588.5813","588.5813","1067","1067","1067"
"387537","","","","","","","-6.8965516","-6.8965516","-6.8965516","1090","1090","1090","","","","","",""
"387837","6.382979","6.382979","6.382979","1056","1056","1056","","","","","","","","","","","",""
"388107","","","","","","","","","","","","","743.20557","743.20557","743.20557","1068","1068","1068"
"388538","","","","","","","-13.6690645","-13.6690645","-13.6690645","1091","1091","1091","","","","","",""
"388838","373.35422","373.35422","373.35422","1057","1057","1057","","","","","","","","","","","",""
"389108","","","","","","","","","","","","","676.59576","676.59576","676.59576","1069","1069","1069"
"389539","","","","","","","19.453924","19.453924","19.453924","1099","1099","1099","","","","","",""
"389839","157.6923","157.6923","157.6923","1065","1065","1065","","","","","","","","","","","",""
"390109","","","","","","","","","","","","","496.09122","496.09122","496.09122","1077","1077","1077"
"390540","","","","","","","70.289856","70.289856","70.289856","1100","1100","1100","","","","","",""
"390840","298.6014","298.6014","298.6014","1066","1066","1066","","","","","","","","","","","",""
"391110","","","","","","","","","","","","","320.8633","320.8633","320.8633","1078","1078","1078"
"391541","","","","","","","-65.333336","-65.333336","-65.333336","1101","1101","1101","","","","","",""
"391841","281.25","281.25","281.25","1067","1067","1067","","","","","","","","","","","",""
"392111","","","","","","","","","","","","","844.6495","844.6495","844.6495","1079","1079","1079"
"392542","","","","","","","-2.877698","-2.877698","-2.877698","1102","1102","1102","","","","","",""
"392842","93.22034","93.22034","93.22034","1068","1068","1068","","","","","","","","","","","",""
"393112","","","","","","","","","","","","","603.82166","603.82166","603.82166","1080","1080","1080"
"393543","","","","","","","-31.271477","-31.271477","-31.271477","1110","1110","1110","","","","","",""
"393843","514.64966","514.64966","514.64966","1076","1076","1076","","","","","","","","","","","",""
"394113","","","","","","","","","","","","","606.5217","606.5217","606.5217","1088","1088","1088"
"394544","","","","","","","-36.090225","-36.090225","-36.090225","1111","1111","1111","","","","","",""
"394844","218.04282","218.04282","218.04282","1077","1077","1077","","","","","","","","","","","",""
"395114","","","","","","","","","","","","","179.06976","179.06976","179.06976","1089","1089","1089"
"395545","","","","","","","9.154929","9.154929","9.154929","1112","1112","1112","","","","","",""
"395845","-9.657321","-9.657321","-9.657321","1078","1078","1078","","","","","","","","","","","",""
"396115","","","","","","","","","","","","","282.63666","282.63666","282.63666","1090","1090","1090"
"396251","","","","","","","-103.285904","-103.285904","-103.285904","1113","1113","1113","","","","","",""
"396846","437.594","437.594","437.594","1079","1079","1079","","","","","","","","","","","",""
"397116","","","","","","","","","","","","","291.8919","291.8919","291.8919","1091","1091","1091"
"397252","","","","","","","0.35842294","0.35842294","0.35842294","1114","1114","1114","","","","","",""