"global_step","1777181322-grad-compression=accumulate-grads - charts/episodic_return","1777181322-grad-compression=accumulate-grads - charts/episodic_return__MIN","1777181322-grad-compression=accumulate-grads - charts/episodic_return__MAX","1777181322-grad-compression=accumulate-grads - _step","1777181322-grad-compression=accumulate-grads - _step__MIN","1777181322-grad-compression=accumulate-grads - _step__MAX","1777181264-grad-compression=accumulate-grads - charts/episodic_return","1777181264-grad-compression=accumulate-grads - charts/episodic_return__MIN","1777181264-grad-compression=accumulate-grads - charts/episodic_return__MAX","1777181264-grad-compression=accumulate-grads - _step","1777181264-grad-compression=accumulate-grads - _step__MIN","1777181264-grad-compression=accumulate-grads - _step__MAX","1777001996-grad-compression=accumulate-grads - charts/episodic_return","1777001996-grad-compression=accumulate-grads - charts/episodic_return__MIN","1777001996-grad-compression=accumulate-grads - charts/episodic_return__MAX","1777001996-grad-compression=accumulate-grads - _step","1777001996-grad-compression=accumulate-grads - _step__MIN","1777001996-grad-compression=accumulate-grads - _step__MAX","90p - charts/episodic_return","90p - charts/episodic_return__MIN","90p - charts/episodic_return__MAX","90p - _step","90p - _step__MIN","90p - _step__MAX","1776981725-grad-compression=none - charts/episodic_return","1776981725-grad-compression=none - charts/episodic_return__MIN","1776981725-grad-compression=none - charts/episodic_return__MAX","1776981725-grad-compression=none - _step","1776981725-grad-compression=none - _step__MIN","1776981725-grad-compression=none - _step__MAX"
"-3096","-49.090908","-49.090908","-49.090908","0","0","0","-49.090908","-49.090908","-49.090908","0","0","0","-49.090908","-49.090908","-49.090908","0","0","0","-49.090908","-49.090908","-49.090908","0","0","0","-49.090908","-49.090908","-49.090908","0","0","0"
"-2095","-57.627117","-57.627117","-57.627117","1","1","1","-57.627117","-57.627117","-57.627117","1","1","1","-57.627117","-57.627117","-57.627117","1","1","1","-57.627117","-57.627117","-57.627117","1","1","1","-57.627117","-57.627117","-57.627117","1","1","1"
"-1094","-54.248367","-54.248367","-54.248367","2","2","2","-54.248367","-54.248367","-54.248367","2","2","2","-54.248367","-54.248367","-54.248367","2","2","2","-54.248367","-54.248367","-54.248367","2","2","2","-54.248367","-54.248367","-54.248367","2","2","2"
"-93","-48.63014","-48.63014","-48.63014","3","3","3","-48.63014","-48.63014","-48.63014","3","3","3","-48.63014","-48.63014","-48.63014","3","3","3","-48.63014","-48.63014","-48.63014","3","3","3","-48.63014","-48.63014","-48.63014","3","3","3"
"908","-45.652172","-45.652172","-45.652172","15","15","15","-45.652172","-45.652172","-45.652172","15","15","15","-45.652172","-45.652172","-45.652172","14","14","14","-45.652172","-45.652172","-45.652172","14","14","14","-45.652172","-45.652172","-45.652172","14","14","14"
"1909","-45.255474","-45.255474","-45.255474","16","16","16","-45.255474","-45.255474","-45.255474","16","16","16","-45.255474","-45.255474","-45.255474","15","15","15","-45.255474","-45.255474","-45.255474","15","15","15","-45.255474","-45.255474","-45.255474","15","15","15"
"2910","-48.71795","-48.71795","-48.71795","17","17","17","-48.71795","-48.71795","-48.71795","17","17","17","-48.71795","-48.71795","-48.71795","16","16","16","-48.71795","-48.71795","-48.71795","16","16","16","-48.71795","-48.71795","-48.71795","16","16","16"
"3911","-42.446045","-42.446045","-42.446045","18","18","18","-42.446045","-42.446045","-42.446045","18","18","18","-42.446045","-42.446045","-42.446045","17","17","17","-42.446045","-42.446045","-42.446045","17","17","17","-42.446045","-42.446045","-42.446045","17","17","17"
"4912","-44.23792","-44.23792","-44.23792","30","30","30","-44.23792","-44.23792","-44.23792","30","30","30","-44.23792","-44.23792","-44.23792","28","28","28","-44.23792","-44.23792","-44.23792","28","28","28","-44.23792","-44.23792","-44.23792","28","28","28"
"5913","-31.97279","-31.97279","-31.97279","31","31","31","-31.97279","-31.97279","-31.97279","31","31","31","-31.97279","-31.97279","-31.97279","29","29","29","-31.97279","-31.97279","-31.97279","29","29","29","-31.97279","-31.97279","-31.97279","29","29","29"
"6914","-30.147058","-30.147058","-30.147058","32","32","32","-30.147058","-30.147058","-30.147058","32","32","32","-30.147058","-30.147058","-30.147058","30","30","30","-30.147058","-30.147058","-30.147058","30","30","30","-30.147058","-30.147058","-30.147058","30","30","30"
"7915","-28.813559","-28.813559","-28.813559","33","33","33","-28.813559","-28.813559","-28.813559","33","33","33","-28.813559","-28.813559","-28.813559","31","31","31","-28.813559","-28.813559","-28.813559","31","31","31","-28.813559","-28.813559","-28.813559","31","31","31"
"8916","-62.732918","-62.732918","-62.732918","45","45","45","-62.732918","-62.732918","-62.732918","45","45","45","-62.732918","-62.732918","-62.732918","42","42","42","-62.732918","-62.732918","-62.732918","42","42","42","-62.732918","-62.732918","-62.732918","42","42","42"
"9917","-21.39738","-21.39738","-21.39738","46","46","46","-21.39738","-21.39738","-21.39738","46","46","46","-21.39738","-21.39738","-21.39738","43","43","43","-21.39738","-21.39738","-21.39738","43","43","43","-21.39738","-21.39738","-21.39738","43","43","43"
"10918","-21.708185","-21.708185","-21.708185","47","47","47","-21.708185","-21.708185","-21.708185","47","47","47","-21.708185","-21.708185","-21.708185","44","44","44","-21.708185","-21.708185","-21.708185","44","44","44","-21.708185","-21.708185","-21.708185","44","44","44"
"11919","-47.183098","-47.183098","-47.183098","48","48","48","-47.183098","-47.183098","-47.183098","48","48","48","-47.183098","-47.183098","-47.183098","45","45","45","-47.183098","-47.183098","-47.183098","45","45","45","-47.183098","-47.183098","-47.183098","45","45","45"
"12920","-34.98452","-34.98452","-34.98452","60","60","60","-34.98452","-34.98452","-34.98452","60","60","60","-34.98452","-34.98452","-34.98452","56","56","56","-34.98452","-34.98452","-34.98452","56","56","56","-34.98452","-34.98452","-34.98452","56","56","56"
"13921","-24.914677","-24.914677","-24.914677","61","61","61","-24.914677","-24.914677","-24.914677","61","61","61","-28.327644","-28.327644","-28.327644","57","57","57","-28.327644","-28.327644","-28.327644","57","57","57","-28.327644","-28.327644","-28.327644","57","57","57"
"14922","-64.53901","-64.53901","-64.53901","62","62","62","-64.53901","-64.53901","-64.53901","62","62","62","-60.99291","-60.99291","-60.99291","58","58","58","-60.99291","-60.99291","-60.99291","58","58","58","-60.99291","-60.99291","-60.99291","58","58","58"
"15923","-22.839506","-22.839506","-22.839506","63","63","63","-22.839506","-22.839506","-22.839506","63","63","63","-19.753086","-19.753086","-19.753086","59","59","59","-19.753086","-19.753086","-19.753086","59","59","59","-19.753086","-19.753086","-19.753086","59","59","59"
"16924","-33.147633","-33.147633","-33.147633","75","75","75","-33.147633","-33.147633","-33.147633","75","75","75","-30.362118","-30.362118","-30.362118","70","70","70","-30.362118","-30.362118","-30.362118","70","70","70","-30.362118","-30.362118","-30.362118","70","70","70"
"17925","-13.978495","-13.978495","-13.978495","76","76","76","-13.978495","-13.978495","-13.978495","76","76","76","-21.146954","-21.146954","-21.146954","71","71","71","-21.146954","-21.146954","-21.146954","71","71","71","-21.146954","-21.146954","-21.146954","71","71","71"
"18926","-34.375","-34.375","-34.375","77","77","77","-34.375","-34.375","-34.375","77","77","77","-37.5","-37.5","-37.5","72","72","72","-37.5","-37.5","-37.5","72","72","72","-37.5","-37.5","-37.5","72","72","72"
"19927","-31.818182","-31.818182","-31.818182","78","78","78","-31.818182","-31.818182","-31.818182","78","78","78","-44.805195","-44.805195","-44.805195","73","73","73","-44.805195","-44.805195","-44.805195","73","73","73","-44.805195","-44.805195","-44.805195","73","73","73"
"20928","-50.570343","-50.570343","-50.570343","90","90","90","-50.570343","-50.570343","-50.570343","90","90","90","-35.361217","-35.361217","-35.361217","84","84","84","-35.361217","-35.361217","-35.361217","84","84","84","-35.361217","-35.361217","-35.361217","84","84","84"
"21929","-53.177258","-53.177258","-53.177258","91","91","91","-53.177258","-53.177258","-53.177258","91","91","91","-53.177258","-53.177258","-53.177258","85","85","85","-53.177258","-53.177258","-53.177258","85","85","85","-53.177258","-53.177258","-53.177258","85","85","85"
"22930","-32.098766","-32.098766","-32.098766","92","92","92","-32.098766","-32.098766","-32.098766","92","92","92","-66.049385","-66.049385","-66.049385","86","86","86","-66.049385","-66.049385","-66.049385","86","86","86","-66.049385","-66.049385","-66.049385","86","86","86"
"23931","-57.654724","-57.654724","-57.654724","93","93","93","-57.654724","-57.654724","-57.654724","93","93","93","-47.882736","-47.882736","-47.882736","87","87","87","-47.882736","-47.882736","-47.882736","87","87","87","-47.882736","-47.882736","-47.882736","87","87","87"
"24932","-31.818182","-31.818182","-31.818182","105","105","105","-31.818182","-31.818182","-31.818182","105","105","105","-25.324675","-25.324675","-25.324675","98","98","98","-25.324675","-25.324675","-25.324675","98","98","98","-25.324675","-25.324675","-25.324675","98","98","98"
"25933","-47.916668","-47.916668","-47.916668","106","106","106","-47.916668","-47.916668","-47.916668","106","106","106","-54.86111","-54.86111","-54.86111","99","99","99","-54.86111","-54.86111","-54.86111","99","99","99","-54.86111","-54.86111","-54.86111","99","99","99"
"26934","-14.590747","-14.590747","-14.590747","107","107","107","-14.590747","-14.590747","-14.590747","107","107","107","-43.060497","-43.060497","-43.060497","100","100","100","-43.060497","-43.060497","-43.060497","100","100","100","-43.060497","-43.060497","-43.060497","100","100","100"
"27935","-58.456974","-58.456974","-58.456974","108","108","108","-58.456974","-58.456974","-58.456974","108","108","108","-61.42433","-61.42433","-61.42433","101","101","101","-61.42433","-61.42433","-61.42433","101","101","101","-61.42433","-61.42433","-61.42433","101","101","101"
"28936","-58.456974","-58.456974","-58.456974","120","120","120","-58.456974","-58.456974","-58.456974","120","120","120","39.465874","39.465874","39.465874","112","112","112","39.465874","39.465874","39.465874","112","112","112","39.465874","39.465874","39.465874","112","112","112"
"29937","-57.055214","-57.055214","-57.055214","121","121","121","-57.055214","-57.055214","-57.055214","121","121","121","-60.1227","-60.1227","-60.1227","113","113","113","-60.1227","-60.1227","-60.1227","113","113","113","-60.1227","-60.1227","-60.1227","113","113","113"
"30938","-23.636364","-23.636364","-23.636364","122","122","122","-23.636364","-23.636364","-23.636364","122","122","122","-52.727272","-52.727272","-52.727272","114","114","114","-52.727272","-52.727272","-52.727272","114","114","114","-52.727272","-52.727272","-52.727272","114","114","114"
"31939","-16.398714","-16.398714","-16.398714","123","123","123","-16.398714","-16.398714","-16.398714","123","123","123","-67.84566","-67.84566","-67.84566","115","115","115","-67.84566","-67.84566","-67.84566","115","115","115","-67.84566","-67.84566","-67.84566","115","115","115"
"32940","-33.554817","-33.554817","-33.554817","142","142","142","-33.554817","-33.554817","-33.554817","142","142","142","-56.81063","-56.81063","-56.81063","133","133","133","-56.81063","-56.81063","-56.81063","133","133","133","-56.81063","-56.81063","-56.81063","126","126","126"
"33941","-71.830986","-71.830986","-71.830986","143","143","143","-71.830986","-71.830986","-71.830986","143","143","143","-43.661972","-43.661972","-43.661972","134","134","134","-43.661972","-43.661972","-43.661972","134","134","134","-46.478874","-46.478874","-46.478874","127","127","127"
"34942","-25.423729","-25.423729","-25.423729","144","144","144","-25.423729","-25.423729","-25.423729","144","144","144","-66.10169","-66.10169","-66.10169","135","135","135","-62.711864","-62.711864","-62.711864","135","135","135","-66.10169","-66.10169","-66.10169","128","128","128"
"35943","-35.58282","-35.58282","-35.58282","145","145","145","-38.650307","-38.650307","-38.650307","145","145","145","-75.46012","-75.46012","-75.46012","136","136","136","-75.46012","-75.46012","-75.46012","136","136","136","-72.39264","-72.39264","-72.39264","129","129","129"
"36944","-72.02797","-72.02797","-72.02797","164","164","164","-72.02797","-72.02797","-72.02797","164","164","164","-68.53147","-68.53147","-68.53147","154","154","154","-68.53147","-68.53147","-68.53147","154","154","154","-65.034966","-65.034966","-65.034966","140","140","140"
"37945","0.37174723","0.37174723","0.37174723","165","165","165","-59.107807","-59.107807","-59.107807","165","165","165","-36.802975","-36.802975","-36.802975","155","155","155","-47.95539","-47.95539","-47.95539","155","155","155","-51.672863","-51.672863","-51.672863","141","141","141"
"38946","-65.63574","-65.63574","-65.63574","166","166","166","-69.07217","-69.07217","-69.07217","166","166","166","-20.9622","-20.9622","-20.9622","156","156","156","-31.271477","-31.271477","-31.271477","156","156","156","-31.271477","-31.271477","-31.271477","142","142","142"
"39947","-48.05195","-48.05195","-48.05195","167","167","167","-57.79221","-57.79221","-57.79221","167","167","167","-74.02597","-74.02597","-74.02597","157","157","157","-70.77922","-70.77922","-70.77922","157","157","157","-64.28571","-64.28571","-64.28571","143","143","143"
"40916","","","","","","","","","","","","","","","","","","","-173.21007","-173.21007","-173.21007","158","158","158","","","","","",""
"40948","-79.86577","-79.86577","-79.86577","168","168","168","-79.86577","-79.86577","-79.86577","168","168","168","-69.79866","-69.79866","-69.79866","158","158","158","","","","","","","-36.24161","-36.24161","-36.24161","144","144","144"
"41917","","","","","","","","","","","","","","","","","","","-66.86747","-66.86747","-66.86747","176","176","176","","","","","",""
"41949","-78.915665","-78.915665","-78.915665","187","187","187","-78.915665","-78.915665","-78.915665","187","187","187","-57.831326","-57.831326","-57.831326","176","176","176","","","","","","","-54.81928","-54.81928","-54.81928","155","155","155"
"42918","","","","","","","","","","","","","","","","","","","-28.571428","-28.571428","-28.571428","177","177","177","","","","","",""
"42950","-70.2381","-70.2381","-70.2381","188","188","188","-76.190475","-76.190475","-76.190475","188","188","188","-40.47619","-40.47619","-40.47619","177","177","177","","","","","","","-37.5","-37.5","-37.5","156","156","156"
"43752","","","","","","","","","","","","","","","","","","","","","","","","","-146.1017","-146.1017","-146.1017","157","157","157"
"43778","","","","","","","","","","","","","-145.31186","-145.31186","-145.31186","178","178","178","","","","","","","","","","","",""
"43919","","","","","","","","","","","","","","","","","","","-59.322033","-59.322033","-59.322033","178","178","178","","","","","",""
"43951","-62.711864","-62.711864","-62.711864","189","189","189","-62.711864","-62.711864","-62.711864","189","189","189","","","","","","","","","","","","","","","","","",""
"44753","","","","","","","","","","","","","","","","","","","","","","","","","-44.827587","-44.827587","-44.827587","158","158","158"
"44779","","","","","","","","","","","","","-48.275864","-48.275864","-48.275864","179","179","179","","","","","","","","","","","",""
"44920","","","","","","","","","","","","","","","","","","","-75.86207","-75.86207","-75.86207","179","179","179","","","","","",""
"44952","-68.965515","-68.965515","-68.965515","190","190","190","-68.965515","-68.965515","-68.965515","190","190","190","","","","","","","","","","","","","","","","","",""
"45754","","","","","","","","","","","","","","","","","","","","","","","","","-75","-75","-75","169","169","169"
"45780","","","","","","","","","","","","","-67.85714","-67.85714","-67.85714","197","197","197","","","","","","","","","","","",""
"45921","","","","","","","","","","","","","","","","","","","3.5714285","3.5714285","3.5714285","197","197","197","","","","","",""
"45953","-64.28571","-64.28571","-64.28571","209","209","209","-60.714287","-60.714287","-60.714287","209","209","209","","","","","","","","","","","","","","","","","",""
"46525","","","","","","","","","","","","","-129.52388","-129.52388","-129.52388","198","198","198","","","","","","","","","","","",""
"46755","","","","","","","","","","","","","","","","","","","","","","","","","-29.104477","-29.104477","-29.104477","170","170","170"
"46922","","","","","","","","","","","","","","","","","","","-6.716418","-6.716418","-6.716418","198","198","198","","","","","",""
"46954","-73.8806","-73.8806","-73.8806","210","210","210","-70.149254","-70.149254","-70.149254","210","210","210","","","","","","","","","","","","","","","","","",""
"47341","","","","","","","","","","","","","-159.72818","-159.72818","-159.72818","199","199","199","","","","","","","","","","","",""
"47756","","","","","","","","","","","","","","","","","","","","","","","","","-59.752323","-59.752323","-59.752323","171","171","171"
"47923","","","","","","","","","","","","","","","","","","","-59.752323","-59.752323","-59.752323","199","199","199","","","","","",""
"47955","-59.752323","-59.752323","-59.752323","211","211","211","-56.656345","-56.656345","-56.656345","211","211","211","","","","","","","","","","","","","","","","","",""
"48342","","","","","","","","","","","","","-55.83596","-55.83596","-55.83596","200","200","200","","","","","","","","","","","",""
"48757","","","","","","","","","","","","","","","","","","","","","","","","","-52.68139","-52.68139","-52.68139","172","172","172"
"48924","","","","","","","","","","","","","","","","","","","-27.444796","-27.444796","-27.444796","200","200","200","","","","","",""
"48956","-74.763405","-74.763405","-74.763405","212","212","212","-62.14511","-62.14511","-62.14511","212","212","212","","","","","","","","","","","","","","","","","",""
"49299","","","","","","","","","","","","","-166.27922","-166.27922","-166.27922","218","218","218","","","","","","","","","","","",""
"49758","","","","","","","","","","","","","","","","","","","","","","","","","16.883118","16.883118","16.883118","183","183","183"
"49925","","","","","","","","","","","","","","","","","","","-57.79221","-57.79221","-57.79221","218","218","218","","","","","",""
"49957","-67.53247","-67.53247","-67.53247","231","231","231","-64.28571","-64.28571","-64.28571","231","231","231","","","","","","","","","","","","","","","","","",""
"50300","","","","","","","","","","","","","-42.62295","-42.62295","-42.62295","219","219","219","","","","","","","","","","","",""
"50759","","","","","","","","","","","","","","","","","","","","","","","","","-54.918034","-54.918034","-54.918034","184","184","184"
"50926","","","","","","","","","","","","","","","","","","","-9.836065","-9.836065","-9.836065","219","219","219","","","","","",""
"50958","-59.01639","-59.01639","-59.01639","232","232","232","-59.01639","-59.01639","-59.01639","232","232","232","","","","","","","","","","","","","","","","","",""
"51301","","","","","","","","","","","","","-48.63014","-48.63014","-48.63014","220","220","220","","","","","","","","","","","",""
"51402","","","","","","","","","","","","","","","","","","","-113.15343","-113.15343","-113.15343","220","220","220","","","","","",""
"51760","","","","","","","","","","","","","","","","","","","","","","","","","-48.63014","-48.63014","-48.63014","185","185","185"
"51959","-52.054794","-52.054794","-52.054794","233","233","233","-52.054794","-52.054794","-52.054794","233","233","233","","","","","","","","","","","","","","","","","",""
"52174","","","","","","","","","","","","","","","","","","","-132.6962","-132.6962","-132.6962","221","221","221","","","","","",""
"52302","","","","","","","","","","","","","-62.02532","-62.02532","-62.02532","221","221","221","","","","","","","","","","","",""
"52761","","","","","","","","","","","","","","","","","","","","","","","","","-52.531647","-52.531647","-52.531647","186","186","186"
"52960","-71.51899","-71.51899","-71.51899","234","234","234","-65.18987","-65.18987","-65.18987","234","234","234","","","","","","","","","","","","","","","","","",""
"53118","","","","","","","","","","","","","-146.79793","-146.79793","-146.79793","222","222","222","","","","","","","","","","","",""
"53175","","","","","","","","","","","","","","","","","","","3.8062284","3.8062284","3.8062284","222","222","222","","","","","",""
"53762","","","","","","","","","","","","","","","","","","","","","","","","","-82.69896","-82.69896","-82.69896","197","197","197"
"53961","-75.77855","-75.77855","-75.77855","253","253","253","-55.0173","-55.0173","-55.0173","253","253","253","","","","","","","","","","","","","","","","","",""
"54098","","","","","","","","","","","","","","","","","","","-143.48889","-143.48889","-143.48889","240","240","240","","","","","",""
"54119","","","","","","","","","","","","","-47.916668","-47.916668","-47.916668","240","240","240","","","","","","","","","","","",""
"54763","","","","","","","","","","","","","","","","","","","","","","","","","-68.75","-68.75","-68.75","198","198","198"
"54962","-65.27778","-65.27778","-65.27778","254","254","254","-75.69444","-75.69444","-75.69444","254","254","254","","","","","","","","","","","","","","","","","",""
"55099","","","","","","","","","","","","","","","","","","","-29.104477","-29.104477","-29.104477","241","241","241","","","","","",""
"55120","","","","","","","","","","","","","19.402985","19.402985","19.402985","241","241","241","","","","","","","","","","","",""
"55764","","","","","","","","","","","","","","","","","","","","","","","","","-47.761192","-47.761192","-47.761192","199","199","199"
"55896","","","","","","","","","","","","","-157.59802","-157.59802","-157.59802","242","242","242","","","","","","","","","","","",""
"55963","-73.8806","-73.8806","-73.8806","255","255","255","-70.149254","-70.149254","-70.149254","255","255","255","","","","","","","","","","","","","","","","","",""
"56100","","","","","","","","","","","","","","","","","","","-80.19802","-80.19802","-80.19802","242","242","242","","","","","",""
"56765","","","","","","","","","","","","","","","","","","","","","","","","","-63.69637","-63.69637","-63.69637","200","200","200"
"56897","","","","","","","","","","","","","-3.2258065","-3.2258065","-3.2258065","243","243","243","","","","","","","","","","","",""
"56964","-60.396038","-60.396038","-60.396038","256","256","256","-60.396038","-60.396038","-60.396038","256","256","256","","","","","","","","","","","","","","","","","",""
"56965","","","","","","","","","","","","","","","","","","","-161.21039","-161.21039","-161.21039","243","243","243","","","","","",""
"57766","","","","","","","","","","","","","","","","","","","","","","","","","-49.82079","-49.82079","-49.82079","211","211","211"
"57898","","","","","","","","","","","","","6.7615657","6.7615657","6.7615657","261","261","261","","","","","","","","","","","",""
"57965","-64.15771","-64.15771","-64.15771","275","275","275","-46.23656","-46.23656","-46.23656","275","275","275","","","","","","","","","","","","","","","","","",""
"57966","","","","","","","","","","","","","","","","","","","-25.266905","-25.266905","-25.266905","261","261","261","","","","","",""
"58750","-149.83025","-149.83025","-149.83025","276","276","276","","","","","","","","","","","","","","","","","","","","","","","",""
"58767","","","","","","","","","","","","","","","","","","","","","","","","","28.113878","28.113878","28.113878","212","212","212"
"58899","","","","","","","","","","","","","-64.53901","-64.53901","-64.53901","262","262","262","","","","","","","","","","","",""
"58966","","","","","","","-71.53025","-71.53025","-71.53025","276","276","276","","","","","","","","","","","","","","","","","",""
"58967","","","","","","","","","","","","","","","","","","","-25.531916","-25.531916","-25.531916","262","262","262","","","","","",""
"59751","-71.6312","-71.6312","-71.6312","277","277","277","","","","","","","","","","","","","","","","","","","","","","","",""
"59768","","","","","","","","","","","","","","","","","","","","","","","","","-32.624115","-32.624115","-32.624115","213","213","213"
"59849","","","","","","","","","","","","","-150.68236","-150.68236","-150.68236","263","263","263","","","","","","","","","","","",""
"59967","","","","","","","-36.17021","-36.17021","-36.17021","277","277","277","","","","","","","","","","","","","","","","","",""
"59968","","","","","","","","","","","","","","","","","","","-55.882355","-55.882355","-55.882355","263","263","263","","","","","",""
"60662","-124.723526","-124.723526","-124.723526","278","278","278","","","","","","","","","","","","","","","","","","","","","","","",""
"60769","","","","","","","","","","","","","","","","","","","","","","","","","-74.26471","-74.26471","-74.26471","214","214","214"
"60850","","","","","","","","","","","","","-60.474308","-60.474308","-60.474308","264","264","264","","","","","","","","","","","",""
"60968","","","","","","","-55.882355","-55.882355","-55.882355","278","278","278","","","","","","","","","","","","","","","","","",""
"60969","","","","","","","","","","","","","","","","","","","-20.948616","-20.948616","-20.948616","264","264","264","","","","","",""
"61502","","","","","","","","","","","","","-145.64516","-145.64516","-145.64516","282","282","282","","","","","","","","","","","",""
"61663","-36.758892","-36.758892","-36.758892","297","297","297","","","","","","","","","","","","","","","","","","","","","","","",""
"61770","","","","","","","","","","","","","","","","","","","","","","","","","-36.758892","-36.758892","-36.758892","225","225","225"
"61969","","","","","","","-28.853754","-28.853754","-28.853754","297","297","297","","","","","","","","","","","","","","","","","",""
"61970","","","","","","","","","","","","","","","","","","","-70.96774","-70.96774","-70.96774","282","282","282","","","","","",""
"62503","","","","","","","","","","","","","-67.21311","-67.21311","-67.21311","283","283","283","","","","","","","","","","","",""
"62664","-70.96774","-70.96774","-70.96774","298","298","298","","","","","","","","","","","","","","","","","","","","","","","",""
"62771","","","","","","","","","","","","","","","","","","","","","","","","","-74.19355","-74.19355","-74.19355","226","226","226"
"62970","","","","","","","-64.51613","-64.51613","-64.51613","298","298","298","","","","","","","","","","","","","","","","","",""
"62971","","","","","","","","","","","","","","","","","","","-31.147541","-31.147541","-31.147541","283","283","283","","","","","",""
"63504","","","","","","","","","","","","","-6.574394","-6.574394","-6.574394","284","284","284","","","","","","","","","","","",""
"63665","-27.868853","-27.868853","-27.868853","299","299","299","","","","","","","","","","","","","","","","","","","","","","","",""
"63772","","","","","","","","","","","","","","","","","","","","","","","","","-54.098362","-54.098362","-54.098362","227","227","227"
"63971","","","","","","","-60.65574","-60.65574","-60.65574","299","299","299","","","","","","","","","","","","","","","","","",""
"63972","","","","","","","","","","","","","","","","","","","-41.17647","-41.17647","-41.17647","284","284","284","","","","","",""
"64505","","","","","","","","","","","","","-71.326164","-71.326164","-71.326164","285","285","285","","","","","","","","","","","",""
"64666","-61.937717","-61.937717","-61.937717","300","300","300","","","","","","","","","","","","","","","","","","","","","","","",""
"64773","","","","","","","","","","","","","","","","","","","","","","","","","-27.33564","-27.33564","-27.33564","228","228","228"
"64839","","","","","","","","","","","","","","","","","","","-161.4104","-161.4104","-161.4104","285","285","285","","","","","",""
"64923","","","","","","","-170.77855","-170.77855","-170.77855","300","300","300","","","","","","","","","","","","","","","","","",""
"65506","","","","","","","","","","","","","-67.15328","-67.15328","-67.15328","286","286","286","","","","","","","","","","","",""
"65667","39.784946","39.784946","39.784946","319","319","319","","","","","","","","","","","","","","","","","","","","","","","",""
"65774","","","","","","","","","","","","","","","","","","","","","","","","","-64.15771","-64.15771","-64.15771","239","239","239"
"65840","","","","","","","","","","","","","","","","","","","-78.10219","-78.10219","-78.10219","303","303","303","","","","","",""
"65924","","","","","","","-21.146954","-21.146954","-21.146954","319","319","319","","","","","","","","","","","","","","","","","",""
"66507","","","","","","","","","","","","","-63.81579","-63.81579","-63.81579","304","304","304","","","","","","","","","","","",""
"66668","-52.554745","-52.554745","-52.554745","320","320","320","","","","","","","","","","","","","","","","","","","","","","","",""
"66775","","","","","","","","","","","","","","","","","","","","","","","","","-27.0073","-27.0073","-27.0073","240","240","240"
"66841","","","","","","","","","","","","","","","","","","","-67.10526","-67.10526","-67.10526","304","304","304","","","","","",""
"66925","","","","","","","-67.15328","-67.15328","-67.15328","320","320","320","","","","","","","","","","","","","","","","","",""
"67353","","","","","","","","","","","","","-159.3104","-159.3104","-159.3104","305","305","305","","","","","","","","","","","",""
"67372","-140.59474","-140.59474","-140.59474","321","321","321","","","","","","","","","","","","","","","","","","","","","","","",""
"67776","","","","","","","","","","","","","","","","","","","","","","","","","-37.5","-37.5","-37.5","241","241","241"
"67842","","","","","","","","","","","","","","","","","","","-64.15771","-64.15771","-64.15771","305","305","305","","","","","",""
"67926","","","","","","","-63.81579","-63.81579","-63.81579","321","321","321","","","","","","","","","","","","","","","","","",""
"68354","","","","","","","","","","","","","-58.990536","-58.990536","-58.990536","306","306","306","","","","","","","","","","","",""
"68373","-13.978495","-13.978495","-13.978495","322","322","322","","","","","","","","","","","","","","","","","","","","","","","",""
"68777","","","","","","","","","","","","","","","","","","","","","","","","","-49.82079","-49.82079","-49.82079","242","242","242"
"68843","","","","","","","","","","","","","","","","","","","-17.981073","-17.981073","-17.981073","306","306","306","","","","","",""
"68927","","","","","","","-13.978495","-13.978495","-13.978495","322","322","322","","","","","","","","","","","","","","","","","",""
"69355","","","","","","","","","","","","","-2.6845639","-2.6845639","-2.6845639","307","307","307","","","","","","","","","","","",""
"69374","-52.68139","-52.68139","-52.68139","323","323","323","","","","","","","","","","","","","","","","","","","","","","","",""
"69724","","","","","","","","","","","","","","","","","","","-167.76578","-167.76578","-167.76578","324","324","324","","","","","",""
"69778","","","","","","","","","","","","","","","","","","","","","","","","","-30.59937","-30.59937","-30.59937","253","253","253"
"69865","-118.698654","-118.698654","-118.698654","342","342","342","","","","","","","","","","","","","","","","","","","","","","","",""
"69928","","","","","","","-49.526814","-49.526814","-49.526814","341","341","341","","","","","","","","","","","","","","","","","",""
"70356","","","","","","","","","","","","","-39.597317","-39.597317","-39.597317","325","325","325","","","","","","","","","","","",""
"70725","","","","","","","","","","","","","","","","","","","-32.885906","-32.885906","-32.885906","325","325","325","","","","","",""
"70779","","","","","","","","","","","","","","","","","","","","","","","","","-79.86577","-79.86577","-79.86577","254","254","254"
"70828","","","","","","","-169.66577","-169.66577","-169.66577","342","342","342","","","","","","","","","","","","","","","","","",""
"70866","7.3825502","7.3825502","7.3825502","343","343","343","","","","","","","","","","","","","","","","","","","","","","","",""
"70989","","","","","","","","","","","","","-132.17216","-132.17216","-132.17216","326","326","326","","","","","","","","","","","",""
"71475","","","","","","","","","","","","","","","","","","","-126.69003","-126.69003","-126.69003","326","326","326","","","","","",""
"71780","","","","","","","","","","","","","","","","","","","","","","","","","24.161074","24.161074","24.161074","255","255","255"
"71829","","","","","","","-22.818792","-22.818792","-22.818792","343","343","343","","","","","","","","","","","","","","","","","",""
"71867","-24.398626","-24.398626","-24.398626","344","344","344","","","","","","","","","","","","","","","","","","","","","","","",""
"71990","","","","","","","","","","","","","-48.948948","-48.948948","-48.948948","327","327","327","","","","","","","","","","","",""
"72476","","","","","","","","","","","","","","","","","","","-15.9159155","-15.9159155","-15.9159155","327","327","327","","","","","",""
"72781","","","","","","","","","","","","","","","","","","","","","","","","","-75.945015","-75.945015","-75.945015","256","256","256"
"72830","","","","","","","-48.45361","-48.45361","-48.45361","344","344","344","","","","","","","","","","","","","","","","","",""
"72868","-66.966965","-66.966965","-66.966965","345","345","345","","","","","","","","","","","","","","","","","","","","","","","",""
"72991","","","","","","","","","","","","","-61.904762","-61.904762","-61.904762","328","328","328","","","","","","","","","","","",""
"73477","","","","","","","","","","","","","","","","","","","-77.77778","-77.77778","-77.77778","328","328","328","","","","","",""
"73782","","","","","","","","","","","","","","","","","","","","","","","","","-69.96997","-69.96997","-69.96997","267","267","267"
"73831","","","","","","","-78.97898","-78.97898","-78.97898","363","363","363","","","","","","","","","","","","","","","","","",""
"73869","-65.07937","-65.07937","-65.07937","364","364","364","","","","","","","","","","","","","","","","","","","","","","","",""
"73992","","","","","","","","","","","","","-53.94737","-53.94737","-53.94737","346","346","346","","","","","","","","","","","",""
"74478","","","","","","","","","","","","","","","","","","","-67.10526","-67.10526","-67.10526","346","346","346","","","","","",""
"74783","","","","","","","","","","","","","","","","","","","","","","","","","4.7619047","4.7619047","4.7619047","268","268","268"
"74832","","","","","","","-23.809525","-23.809525","-23.809525","364","364","364","","","","","","","","","","","","","","","","","",""
"74870","11.842105","11.842105","11.842105","365","365","365","","","","","","","","","","","","","","","","","","","","","","","",""
"74993","","","","","","","","","","","","","-38.69732","-38.69732","-38.69732","347","347","347","","","","","","","","","","","",""
"75479","","","","","","","","","","","","","","","","","","","-73.18008","-73.18008","-73.18008","347","347","347","","","","","",""
"75784","","","","","","","","","","","","","","","","","","","","","","","","","-27.631578","-27.631578","-27.631578","269","269","269"
"75833","","","","","","","-73.68421","-73.68421","-73.68421","365","365","365","","","","","","","","","","","","","","","","","",""
"75871","-23.371647","-23.371647","-23.371647","366","366","366","","","","","","","","","","","","","","","","","","","","","","","",""
"75994","","","","","","","","","","","","","-43.08943","-43.08943","-43.08943","348","348","348","","","","","","","","","","","",""
"76480","","","","","","","","","","","","","","","","","","","-26.829268","-26.829268","-26.829268","348","348","348","","","","","",""
"76785","","","","","","","","","","","","","","","","","","","","","","","","","-42.528736","-42.528736","-42.528736","270","270","270"
"76834","","","","","","","-50.19157","-50.19157","-50.19157","366","366","366","","","","","","","","","","","","","","","","","",""
"76872","-18.699186","-18.699186","-18.699186","367","367","367","","","","","","","","","","","","","","","","","","","","","","","",""
"76995","","","","","","","","","","","","","-16.666666","-16.666666","-16.666666","349","349","349","","","","","","","","","","","",""
"77481","","","","","","","","","","","","","","","","","","","-76.666664","-76.666664","-76.666664","349","349","349","","","","","",""
"77786","","","","","","","","","","","","","","","","","","","","","","","","","-18.699186","-18.699186","-18.699186","271","271","271"
"77835","","","","","","","30.0813","30.0813","30.0813","385","385","385","","","","","","","","","","","","","","","","","",""
"77873","-63.333332","-63.333332","-63.333332","386","386","386","","","","","","","","","","","","","","","","","","","","","","","",""
"77996","","","","","","","","","","","","","10.701107","10.701107","10.701107","367","367","367","","","","","","","","","","","",""
"78482","","","","","","","","","","","","","","","","","","","-77.85978","-77.85978","-77.85978","367","367","367","","","","","",""
"78787","","","","","","","","","","","","","","","","","","","","","","","","","3.3333333","3.3333333","3.3333333","282","282","282"
"78836","","","","","","","-53.333332","-53.333332","-53.333332","386","386","386","","","","","","","","","","","","","","","","","",""
"78874","-59.409595","-59.409595","-59.409595","387","387","387","","","","","","","","","","","","","","","","","","","","","","","",""
"78997","","","","","","","","","","","","","-10.596026","-10.596026","-10.596026","368","368","368","","","","","","","","","","","",""
"79483","","","","","","","","","","","","","","","","","","","-60.2649","-60.2649","-60.2649","368","368","368","","","","","",""
"79788","","","","","","","","","","","","","","","","","","","","","","","","","25.461254","25.461254","25.461254","283","283","283"
"79837","","","","","","","32.841328","32.841328","32.841328","387","387","387","","","","","","","","","","","","","","","","","",""
"79875","-73.50993","-73.50993","-73.50993","388","388","388","","","","","","","","","","","","","","","","","","","","","","","",""
"79998","","","","","","","","","","","","","-40.55944","-40.55944","-40.55944","369","369","369","","","","","","","","","","","",""
"80484","","","","","","","","","","","","","","","","","","","-75.524475","-75.524475","-75.524475","369","369","369","","","","","",""
"80789","","","","","","","","","","","","","","","","","","","","","","","","","-33.774834","-33.774834","-33.774834","284","284","284"
"80838","","","","","","","-33.774834","-33.774834","-33.774834","388","388","388","","","","","","","","","","","","","","","","","",""
"80876","-19.58042","-19.58042","-19.58042","389","389","389","","","","","","","","","","","","","","","","","","","","","","","",""
"80999","","","","","","","","","","","","","-28.327644","-28.327644","-28.327644","370","370","370","","","","","","","","","","","",""
"81485","","","","","","","","","","","","","","","","","","","-48.80546","-48.80546","-48.80546","370","370","370","","","","","",""
"81790","","","","","","","","","","","","","","","","","","","","","","","","","-26.573427","-26.573427","-26.573427","285","285","285"
"81839","","","","","","","-47.55245","-47.55245","-47.55245","389","389","389","","","","","","","","","","","","","","","","","",""
"81877","-76.109215","-76.109215","-76.109215","390","390","390","","","","","","","","","","","","","","","","","","","","","","","",""
"82000","","","","","","","","","","","","","-55.555557","-55.555557","-55.555557","388","388","388","","","","","","","","","","","",""
"82486","","","","","","","","","","","","","","","","","","","-66.666664","-66.666664","-66.666664","388","388","388","","","","","",""
"82791","","","","","","","","","","","","","","","","","","","","","","","","","-48.80546","-48.80546","-48.80546","296","296","296"
"82840","","","","","","","-35.153584","-35.153584","-35.153584","408","408","408","","","","","","","","","","","","","","","","","",""
"82878","-11.111111","-11.111111","-11.111111","409","409","409","","","","","","","","","","","","","","","","","","","","","","","",""
"83001","","","","","","","","","","","","","-62.02532","-62.02532","-62.02532","389","389","389","","","","","","","","","","","",""
"83487","","","","","","","","","","","","","","","","","","","-68.35443","-68.35443","-68.35443","389","389","389","","","","","",""
"83792","","","","","","","","","","","","","","","","","","","","","","","","","-18.518518","-18.518518","-18.518518","297","297","297"
"83841","","","","","","","-22.222221","-22.222221","-22.222221","409","409","409","","","","","","","","","","","","","","","","","",""
"83879","-74.68355","-74.68355","-74.68355","410","410","410","","","","","","","","","","","","","","","","","","","","","","","",""
"84002","","","","","","","","","","","","","-48.88179","-48.88179","-48.88179","390","390","390","","","","","","","","","","","",""
"84488","","","","","","","","","","","","","","","","","","","-58.466454","-58.466454","-58.466454","390","390","390","","","","","",""
"84549","-147.63068","-147.63068","-147.63068","411","411","411","","","","","","","","","","","","","","","","","","","","","","","",""
"84793","","","","","","","","","","","","","","","","","","","","","","","","","74.05064","74.05064","74.05064","298","298","298"
"84842","","","","","","","-36.708862","-36.708862","-36.708862","410","410","410","","","","","","","","","","","","","","","","","",""
"85003","","","","","","","","","","","","","33.587788","33.587788","33.587788","391","391","391","","","","","","","","","","","",""
"85489","","","","","","","","","","","","","","","","","","","-73.28244","-73.28244","-73.28244","391","391","391","","","","","",""
"85550","3.053435","3.053435","3.053435","412","412","412","","","","","","","","","","","","","","","","","","","","","","","",""
"85794","","","","","","","","","","","","","","","","","","","","","","","","","-68.05112","-68.05112","-68.05112","299","299","299"
"85843","","","","","","","-74.440895","-74.440895","-74.440895","411","411","411","","","","","","","","","","","","","","","","","",""
"86004","","","","","","","","","","","","","-37.5","-37.5","-37.5","392","392","392","","","","","","","","","","","",""
"86490","","","","","","","","","","","","","","","","","","","76.47059","76.47059","76.47059","409","409","409","","","","","",""
"86551","-52.205883","-52.205883","-52.205883","431","431","431","","","","","","","","","","","","","","","","","","","","","","","",""
"86795","","","","","","","","","","","","","","","","","","","","","","","","","-4.5801525","-4.5801525","-4.5801525","310","310","310"
"86844","","","","","","","-69.46565","-69.46565","-69.46565","430","430","430","","","","","","","","","","","","","","","","","",""
"87005","","","","","","","","","","","","","-59.119495","-59.119495","-59.119495","410","410","410","","","","","","","","","","","",""
"87491","","","","","","","","","","","","","","","","","","","-27.672956","-27.672956","-27.672956","410","410","410","","","","","",""
"87552","-77.98742","-77.98742","-77.98742","432","432","432","","","","","","","","","","","","","","","","","","","","","","","",""
"87796","","","","","","","","","","","","","","","","","","","","","","","","","-44.85294","-44.85294","-44.85294","311","311","311"
"87845","","","","","","","-0.7352941","-0.7352941","-0.7352941","431","431","431","","","","","","","","","","","","","","","","","",""
"88006","","","","","","","","","","","","","-10.299004","-10.299004","-10.299004","411","411","411","","","","","","","","","","","",""
"88492","","","","","","","","","","","","","","","","","","","-66.77741","-66.77741","-66.77741","411","411","411","","","","","",""
"88515","-172.8442","-172.8442","-172.8442","433","433","433","","","","","","","","","","","","","","","","","","","","","","","",""
"88595","","","","","","","","","","","","","-65.84286","-65.84286","-65.84286","412","412","412","","","","","","","","","","","",""
"88797","","","","","","","","","","","","","","","","","","","","","","","","","-5.6603775","-5.6603775","-5.6603775","312","312","312"
"88846","","","","","","","-59.119495","-59.119495","-59.119495","432","432","432","","","","","","","","","","","","","","","","","",""
"89493","","","","","","","","","","","","","","","","","","","-7.142857","-7.142857","-7.142857","412","412","412","","","","","",""
"89516","46.42857","46.42857","46.42857","434","434","434","","","","","","","","","","","","","","","","","","","","","","","",""
"89596","","","","","","","","","","","","","-19.753086","-19.753086","-19.753086","413","413","413","","","","","","","","","","","",""
"89798","","","","","","","","","","","","","","","","","","","","","","","","","-60.13289","-60.13289","-60.13289","313","313","313"
"89847","","","","","","","-6.976744","-6.976744","-6.976744","433","433","433","","","","","","","","","","","","","","","","","",""
"90494","","","","","","","","","","","","","","","","","","","-53.703705","-53.703705","-53.703705","430","430","430","","","","","",""
"90517","-78.395065","-78.395065","-78.395065","453","453","453","","","","","","","","","","","","","","","","","","","","","","","",""
"90597","","","","","","","","","","","","","-39.490444","-39.490444","-39.490444","431","431","431","","","","","","","","","","","",""
"90799","","","","","","","","","","","","","","","","","","","","","","","","","35.714287","35.714287","35.714287","324","324","324"
"90848","","","","","","","-42.857143","-42.857143","-42.857143","452","452","452","","","","","","","","","","","","","","","","","",""
"91495","","","","","","","","","","","","","","","","","","","-17.197453","-17.197453","-17.197453","431","431","431","","","","","",""
"91518","-74.52229","-74.52229","-74.52229","454","454","454","","","","","","","","","","","","","","","","","","","","","","","",""
"91598","","","","","","","","","","","","","-5.263158","-5.263158","-5.263158","432","432","432","","","","","","","","","","","",""
"91800","","","","","","","","","","","","","","","","","","","","","","","","","-41.358025","-41.358025","-41.358025","325","325","325"
"91849","","","","","","","-4.3209877","-4.3209877","-4.3209877","453","453","453","","","","","","","","","","","","","","","","","",""
"92374","-157.32982","-157.32982","-157.32982","455","455","455","","","","","","","","","","","","","","","","","","","","","","","",""
"92496","","","","","","","","","","","","","","","","","","","-68.42105","-68.42105","-68.42105","432","432","432","","","","","",""
"92599","","","","","","","","","","","","","-33.544304","-33.544304","-33.544304","433","433","433","","","","","","","","","","","",""
"92801","","","","","","","","","","","","","","","","","","","","","","","","","-58.598724","-58.598724","-58.598724","326","326","326"
"92850","","","","","","","-71.33758","-71.33758","-71.33758","454","454","454","","","","","","","","","","","","","","","","","",""
"93375","-46.20253","-46.20253","-46.20253","456","456","456","","","","","","","","","","","","","","","","","","","","","","","",""
"93497","","","","","","","","","","","","","","","","","","","-20.886076","-20.886076","-20.886076","433","433","433","","","","","",""
"93600","","","","","","","","","","","","","11.111111","11.111111","11.111111","434","434","434","","","","","","","","","","","",""
"93802","","","","","","","","","","","","","","","","","","","","","","","","","-29.824562","-29.824562","-29.824562","327","327","327"
"93814","","","","","","","-133.0421","-133.0421","-133.0421","455","455","455","","","","","","","","","","","","","","","","","",""
"94376","79.21147","79.21147","79.21147","475","475","475","","","","","","","","","","","","","","","","","","","","","","","",""
"94498","","","","","","","","","","","","","","","","","","","-10.394265","-10.394265","-10.394265","451","451","451","","","","","",""
"94601","","","","","","","","","","","","","-69.23077","-69.23077","-69.23077","452","452","452","","","","","","","","","","","",""
"94803","","","","","","","","","","","","","","","","","","","","","","","","","-20.886076","-20.886076","-20.886076","338","338","338"
"94815","","","","","","","-71.51899","-71.51899","-71.51899","474","474","474","","","","","","","","","","","","","","","","","",""
"95377","-73.07692","-73.07692","-73.07692","476","476","476","","","","","","","","","","","","","","","","","","","","","","","",""
"95499","","","","","","","","","","","","","","","","","","","42.307693","42.307693","42.307693","452","452","452","","","","","",""
"95602","","","","","","","","","","","","","-31.50685","-31.50685","-31.50685","453","453","453","","","","","","","","","","","",""
"95804","","","","","","","","","","","","","","","","","","","","","","","","","-53.405018","-53.405018","-53.405018","339","339","339"
"95816","","","","","","","-46.23656","-46.23656","-46.23656","475","475","475","","","","","","","","","","","","","","","","","",""
"96338","","","","","","","","","","","","","-128.79033","-128.79033","-128.79033","454","454","454","","","","","","","","","","","",""
"96378","-4.109589","-4.109589","-4.109589","477","477","477","","","","","","","","","","","","","","","","","","","","","","","",""
"96500","","","","","","","","","","","","","","","","","","","-52.054794","-52.054794","-52.054794","453","453","453","","","","","",""
"96805","","","","","","","","","","","","","","","","","","","","","","","","","-11.538462","-11.538462","-11.538462","340","340","340"
"96817","","","","","","","-46.153847","-46.153847","-46.153847","476","476","476","","","","","","","","","","","","","","","","","",""
"97339","","","","","","","","","","","","","-58.064518","-58.064518","-58.064518","455","455","455","","","","","","","","","","","",""
"97379","-29.36803","-29.36803","-29.36803","478","478","478","","","","","","","","","","","","","","","","","","","","","","","",""
"97501","","","","","","","","","","","","","","","","","","","-33.085503","-33.085503","-33.085503","454","454","454","","","","","",""
"97806","","","","","","","","","","","","","","","","","","","","","","","","","-62.328766","-62.328766","-62.328766","341","341","341"
"97818","","","","","","","-55.47945","-55.47945","-55.47945","477","477","477","","","","","","","","","","","","","","","","","",""
"98340","","","","","","","","","","","","","-55.932205","-55.932205","-55.932205","473","473","473","","","","","","","","","","","",""
"98380","-38.70968","-38.70968","-38.70968","497","497","497","","","","","","","","","","","","","","","","","","","","","","","",""
"98502","","","","","","","","","","","","","","","","","","","-25.806452","-25.806452","-25.806452","472","472","472","","","","","",""
"98807","","","","","","","","","","","","","","","","","","","","","","","","","-33.085503","-33.085503","-33.085503","352","352","352"
"98819","","","","","","","-25.650558","-25.650558","-25.650558","496","496","496","","","","","","","","","","","","","","","","","",""
"99341","","","","","","","","","","","","","-40.789474","-40.789474","-40.789474","474","474","474","","","","","","","","","","","",""
"99381","-38.98305","-38.98305","-38.98305","498","498","498","","","","","","","","","","","","","","","","","","","","","","","",""
"99503","","","","","","","","","","","","","","","","","","","-11.864407","-11.864407","-11.864407","473","473","473","","","","","",""
"99800","","","","","","","-178.54517","-178.54517","-178.54517","497","497","497","","","","","","","","","","","","","","","","","",""
"99808","","","","","","","","","","","","","","","","","","","","","","","","","12.903226","12.903226","12.903226","353","353","353"
"100109","-152.86316","-152.86316","-152.86316","499","499","499","","","","","","","","","","","","","","","","","","","","","","","",""
"100342","","","","","","","","","","","","","-16.666666","-16.666666","-16.666666","475","475","475","","","","","","","","","","","",""
"100373","","","","","","","","","","","","","","","","","","","-140.74738","-140.74738","-140.74738","474","474","474","","","","","",""
"100801","","","","","","","8.474576","8.474576","8.474576","498","498","498","","","","","","","","","","","","","","","","","",""
"100809","","","","","","","","","","","","","","","","","","","","","","","","","8.474576","8.474576","8.474576","354","354","354"
"101107","","","","","","","","","","","","","-140.71281","-140.71281","-140.71281","476","476","476","","","","","","","","","","","",""
"101110","-23.333334","-23.333334","-23.333334","500","500","500","","","","","","","","","","","","","","","","","","","","","","","",""
"101374","","","","","","","","","","","","","","","","","","","-80","-80","-80","475","475","475","","","","","",""
"101694","-133.28897","-133.28897","-133.28897","501","501","501","","","","","","","","","","","","","","","","","","","","","","","",""
"101802","","","","","","","-24.342106","-24.342106","-24.342106","499","499","499","","","","","","","","","","","","","","","","","",""
"101810","","","","","","","","","","","","","","","","","","","","","","","","","-27.631578","-27.631578","-27.631578","355","355","355"
"102108","","","","","","","","","","","","","-43.85965","-43.85965","-43.85965","477","477","477","","","","","","","","","","","",""
"102375","","","","","","","","","","","","","","","","","","","-11.032028","-11.032028","-11.032028","476","476","476","","","","","",""
"102695","-22.807018","-22.807018","-22.807018","520","520","520","","","","","","","","","","","","","","","","","","","","","","","",""
"102803","","","","","","","-40","-40","-40","518","518","518","","","","","","","","","","","","","","","","","",""
"102811","","","","","","","","","","","","","","","","","","","","","","","","","-26.666666","-26.666666","-26.666666","366","366","366"
"102951","","","","","","","","","","","","","-128.7254","-128.7254","-128.7254","495","495","495","","","","","","","","","","","",""
"103376","","","","","","","","","","","","","","","","","","","-22.807018","-22.807018","-22.807018","494","494","494","","","","","",""
"103696","-25.081432","-25.081432","-25.081432","521","521","521","","","","","","","","","","","","","","","","","","","","","","","",""
"103804","","","","","","","3.202847","3.202847","3.202847","519","519","519","","","","","","","","","","","","","","","","","",""
"103812","","","","","","","","","","","","","","","","","","","","","","","","","31.672598","31.672598","31.672598","367","367","367"
"103952","","","","","","","","","","","","","-48.275864","-48.275864","-48.275864","496","496","496","","","","","","","","","","","",""
"104377","","","","","","","","","","","","","","","","","","","17.263844","17.263844","17.263844","495","495","495","","","","","",""
"104518","-106.13793","-106.13793","-106.13793","522","522","522","","","","","","","","","","","","","","","","","","","","","","","",""
"104725","","","","","","","","","","","","","","","","","","","","","","","","","-127.94211","-127.94211","-127.94211","368","368","368"
"104805","","","","","","","-64.91228","-64.91228","-64.91228","520","520","520","","","","","","","","","","","","","","","","","",""
"104953","","","","","","","","","","","","","-40.140846","-40.140846","-40.140846","497","497","497","","","","","","","","","","","",""
"105378","","","","","","","","","","","","","","","","","","","10.344828","10.344828","10.344828","496","496","496","","","","","",""
"105519","-57.74648","-57.74648","-57.74648","523","523","523","","","","","","","","","","","","","","","","","","","","","","","",""
"105672","","","","","","","","","","","","","","","","","","","","","","","","","-145.64006","-145.64006","-145.64006","369","369","369"
"105806","","","","","","","-38.11075","-38.11075","-38.11075","521","521","521","","","","","","","","","","","","","","","","","",""
"105954","","","","","","","","","","","","","-33.9934","-33.9934","-33.9934","498","498","498","","","","","","","","","","","",""
"106379","","","","","","","","","","","","","","","","","","","-54.225353","-54.225353","-54.225353","497","497","497","","","","","",""
"106520","-43.89439","-43.89439","-43.89439","542","542","542","","","","","","","","","","","","","","","","","","","","","","","",""
"106673","","","","","","","","","","","","","","","","","","","","","","","","","-44.827587","-44.827587","-44.827587","380","380","380"
"106807","","","","","","","-31.034483","-31.034483","-31.034483","540","540","540","","","","","","","","","","","","","","","","","",""
"106955","","","","","","","","","","","","","-56.08108","-56.08108","-56.08108","516","516","516","","","","","","","","","","","",""
"107380","","","","","","","","","","","","","","","","","","","-47.19472","-47.19472","-47.19472","515","515","515","","","","","",""
"107521","-32.432434","-32.432434","-32.432434","543","543","543","","","","","","","","","","","","","","","","","","","","","","","",""
"107622","","","","","","","-156.65211","-156.65211","-156.65211","541","541","541","","","","","","","","","","","","","","","","","",""
"107674","","","","","","","","","","","","","","","","","","","","","","","","","111.26761","111.26761","111.26761","381","381","381"
"107944","-118.68863","-118.68863","-118.68863","544","544","544","","","","","","","","","","","","","","","","","","","","","","","",""
"107956","","","","","","","","","","","","","-63.2107","-63.2107","-63.2107","517","517","517","","","","","","","","","","","",""
"108381","","","","","","","","","","","","","","","","","","","-8.783784","-8.783784","-8.783784","516","516","516","","","","","",""
"108623","","","","","","","-73.59736","-73.59736","-73.59736","542","542","542","","","","","","","","","","","","","","","","","",""
"108675","","","","","","","","","","","","","","","","","","","","","","","","","91.41914","91.41914","91.41914","382","382","382"
"108945","-5.4545455","-5.4545455","-5.4545455","545","545","545","","","","","","","","","","","","","","","","","","","","","","","",""
"108957","","","","","","","","","","","","","-27.272728","-27.272728","-27.272728","518","518","518","","","","","","","","","","","",""
"109382","","","","","","","","","","","","","","","","","","","-43.143814","-43.143814","-43.143814","517","517","517","","","","","",""
"109387","","","","","","","-118.76757","-118.76757","-118.76757","543","543","543","","","","","","","","","","","","","","","","","",""
"109676","","","","","","","","","","","","","","","","","","","","","","","","","-15.540541","-15.540541","-15.540541","383","383","383"
"109946","-32.58427","-32.58427","-32.58427","546","546","546","","","","","","","","","","","","","","","","","","","","","","","",""
"109958","","","","","","","","","","","","","-70.03745","-70.03745","-70.03745","519","519","519","","","","","","","","","","","",""
"110383","","","","","","","","","","","","","","","","","","","-9.090909","-9.090909","-9.090909","518","518","518","","","","","",""
"110388","","","","","","","13.712375","13.712375","13.712375","544","544","544","","","","","","","","","","","","","","","","","",""
"110677","","","","","","","","","","","","","","","","","","","","","","","","","7.0234113","7.0234113","7.0234113","394","394","394"
"110947","-52.727272","-52.727272","-52.727272","565","565","565","","","","","","","","","","","","","","","","","","","","","","","",""
"110959","","","","","","","","","","","","","-49.090908","-49.090908","-49.090908","537","537","537","","","","","","","","","","","",""
"111384","","","","","","","","","","","","","","","","","","","38.57678","38.57678","38.57678","536","536","536","","","","","",""
"111389","","","","","","","-60","-60","-60","563","563","563","","","","","","","","","","","","","","","","","",""
"111678","","","","","","","","","","","","","","","","","","","","","","","","","103.63636","103.63636","103.63636","395","395","395"
"111948","-79.31035","-79.31035","-79.31035","566","566","566","","","","","","","","","","","","","","","","","","","","","","","",""
"111960","","","","","","","","","","","","","-55.172413","-55.172413","-55.172413","538","538","538","","","","","","","","","","","",""
"112385","","","","","","","","","","","","","","","","","","","-27.272728","-27.272728","-27.272728","537","537","537","","","","","",""
"112390","","","","","","","42.322098","42.322098","42.322098","564","564","564","","","","","","","","","","","","","","","","","",""
"112580","","","","","","","","","","","","","-132.38823","-132.38823","-132.38823","539","539","539","","","","","","","","","","","",""
"112679","","","","","","","","","","","","","","","","","","","","","","","","","27.340824","27.340824","27.340824","396","396","396"
"112949","-77.12418","-77.12418","-77.12418","567","567","567","","","","","","","","","","","","","","","","","","","","","","","",""
"113386","","","","","","","","","","","","","","","","","","","-31.034483","-31.034483","-31.034483","538","538","538","","","","","",""
"113391","","","","","","","-49.090908","-49.090908","-49.090908","565","565","565","","","","","","","","","","","","","","","","","",""
"113581","","","","","","","","","","","","","-71.6312","-71.6312","-71.6312","540","540","540","","","","","","","","","","","",""
"113680","","","","","","","","","","","","","","","","","","","","","","","","","45.454544","45.454544","45.454544","397","397","397"
"113950","-78.723404","-78.723404","-78.723404","568","568","568","","","","","","","","","","","","","","","","","","","","","","","",""
"114326","","","","","","","","","","","","","-147.58244","-147.58244","-147.58244","541","541","541","","","","","","","","","","","",""
"114387","","","","","","","","","","","","","","","","","","","-67.32026","-67.32026","-67.32026","539","539","539","","","","","",""
"114392","","","","","","","-72.413795","-72.413795","-72.413795","566","566","566","","","","","","","","","","","","","","","","","",""
"114681","","","","","","","","","","","","","","","","","","","","","","","","","17.241379","17.241379","17.241379","398","398","398"
"114951","-27.480917","-27.480917","-27.480917","587","587","587","","","","","","","","","","","","","","","","","","","","","","","",""
"115327","","","","","","","","","","","","","-65.18987","-65.18987","-65.18987","559","559","559","","","","","","","","","","","",""
"115388","","","","","","","","","","","","","","","","","","","52.48227","52.48227","52.48227","557","557","557","","","","","",""
"115393","","","","","","","14.379085","14.379085","14.379085","585","585","585","","","","","","","","","","","","","","","","","",""
"115682","","","","","","","","","","","","","","","","","","","","","","","","","14.379085","14.379085","14.379085","409","409","409"
"115952","-74.68355","-74.68355","-74.68355","588","588","588","","","","","","","","","","","","","","","","","","","","","","","",""
"116328","","","","","","","","","","","","","-50.177937","-50.177937","-50.177937","560","560","560","","","","","","","","","","","",""
"116389","","","","","","","","","","","","","","","","","","","-61.83206","-61.83206","-61.83206","558","558","558","","","","","",""
"116394","","","","","","","-57.446808","-57.446808","-57.446808","586","586","586","","","","","","","","","","","","","","","","","",""
"116683","","","","","","","","","","","","","","","","","","","","","","","","","-14.893617","-14.893617","-14.893617","410","410","410"
"116924","","","","","","","","","","","","","-114.81401","-114.81401","-114.81401","561","561","561","","","","","","","","","","","",""
"116953","-64.41281","-64.41281","-64.41281","589","589","589","","","","","","","","","","","","","","","","","","","","","","","",""
"117390","","","","","","","","","","","","","","","","","","","45.569622","45.569622","45.569622","559","559","559","","","","","",""
"117395","","","","","","","98.47328","98.47328","98.47328","587","587","587","","","","","","","","","","","","","","","","","",""
"117684","","","","","","","","","","","","","","","","","","","","","","","","","41.221375","41.221375","41.221375","411","411","411"
"117870","-172.39172","-172.39172","-172.39172","590","590","590","","","","","","","","","","","","","","","","","","","","","","","",""
"117925","","","","","","","","","","","","","-30.612246","-30.612246","-30.612246","562","562","562","","","","","","","","","","","",""
"118391","","","","","","","","","","","","","","","","","","","-60.85409","-60.85409","-60.85409","560","560","560","","","","","",""
"118396","","","","","","","-33.544304","-33.544304","-33.544304","588","588","588","","","","","","","","","","","","","","","","","",""
"118685","","","","","","","","","","","","","","","","","","","","","","","","","-8.227848","-8.227848","-8.227848","412","412","412"
"118871","-55.10204","-55.10204","-55.10204","609","609","609","","","","","","","","","","","","","","","","","","","","","","","",""
"118926","","","","","","","","","","","","","20.155039","20.155039","20.155039","580","580","580","","","","","","","","","","","",""
"119392","","","","","","","","","","","","","","","","","","","11.464968","11.464968","11.464968","578","578","578","","","","","",""
"119397","","","","","","","3.202847","3.202847","3.202847","607","607","607","","","","","","","","","","","","","","","","","",""
"119686","","","","","","","","","","","","","","","","","","","","","","","","","120.64057","120.64057","120.64057","423","423","423"
"119872","-72.86822","-72.86822","-72.86822","610","610","610","","","","","","","","","","","","","","","","","","","","","","","",""
"119927","","","","","","","","","","","","","4.43038","4.43038","4.43038","581","581","581","","","","","","","","","","","",""
"120393","","","","","","","","","","","","","","","","","","","-59.183674","-59.183674","-59.183674","579","579","579","","","","","",""
"120398","","","","","","","-10.828026","-10.828026","-10.828026","608","608","608","","","","","","","","","","","","","","","","","",""
"120582","","","","","","","","","","","","","-97.77589","-97.77589","-97.77589","582","582","582","","","","","","","","","","","",""
"120687","","","","","","","","","","","","","","","","","","","","","","","","","-42.67516","-42.67516","-42.67516","424","424","424"
"120873","-58.86076","-58.86076","-58.86076","611","611","611","","","","","","","","","","","","","","","","","","","","","","","",""
"121021","","","","","","","","","","","","","-99.02646","-99.02646","-99.02646","583","583","583","","","","","","","","","","","",""
"121394","","","","","","","","","","","","","","","","","","","93.79845","93.79845","93.79845","580","580","580","","","","","",""
"121399","","","","","","","30.612246","30.612246","30.612246","609","609","609","","","","","","","","","","","","","","","","","",""
"121688","","","","","","","","","","","","","","","","","","","","","","","","","112.244896","112.244896","112.244896","425","425","425"
"121874","-80.7074","-80.7074","-80.7074","612","612","612","","","","","","","","","","","","","","","","","","","","","","","",""
"122022","","","","","","","","","","","","","-62.82528","-62.82528","-62.82528","584","584","584","","","","","","","","","","","",""
"122395","","","","","","","","","","","","","","","","","","","13.92405","13.92405","13.92405","581","581","581","","","","","",""
"122400","","","","","","","-26.356588","-26.356588","-26.356588","610","610","610","","","","","","","","","","","","","","","","","",""
"122599","","","","","","","","","","","","","","","","","","","","","","","","","-132.76047","-132.76047","-132.76047","426","426","426"
"122708","","","","","","","","","","","","","-131.85515","-131.85515","-131.85515","585","585","585","","","","","","","","","","","",""
"122875","-72.50859","-72.50859","-72.50859","613","613","613","","","","","","","","","","","","","","","","","","","","","","","",""
"123396","","","","","","","","","","","","","","","","","","","-29.26045","-29.26045","-29.26045","599","599","599","","","","","",""
"123401","","","","","","","17.088608","17.088608","17.088608","629","629","629","","","","","","","","","","","","","","","","","",""
"123600","","","","","","","","","","","","","","","","","","","","","","","","","-27.215189","-27.215189","-27.215189","437","437","437"
"123709","","","","","","","","","","","","","-28.813559","-28.813559","-28.813559","603","603","603","","","","","","","","","","","",""
"123876","-51.672863","-51.672863","-51.672863","632","632","632","","","","","","","","","","","","","","","","","","","","","","","",""
"124397","","","","","","","","","","","","","","","","","","","34.02062","34.02062","34.02062","600","600","600","","","","","",""
"124402","","","","","","","60.771706","60.771706","60.771706","630","630","630","","","","","","","","","","","","","","","","","",""
"124485","","","","","","","","","","","","","-122.97823","-122.97823","-122.97823","604","604","604","","","","","","","","","","","",""
"124601","","","","","","","","","","","","","","","","","","","","","","","","","15.755627","15.755627","15.755627","438","438","438"
"124877","-33.554817","-33.554817","-33.554817","633","633","633","","","","","","","","","","","","","","","","","","","","","","","",""
"125398","","","","","","","","","","","","","","","","","","","48.698883","48.698883","48.698883","601","601","601","","","","","",""
"125403","","","","","","","78.69416","78.69416","78.69416","631","631","631","","","","","","","","","","","","","","","","","",""
"125486","","","","","","","","","","","","","11.455109","11.455109","11.455109","605","605","605","","","","","","","","","","","",""
"125602","","","","","","","","","","","","","","","","","","","","","","","","","9.965635","9.965635","9.965635","439","439","439"
"125878","-52.542374","-52.542374","-52.542374","634","634","634","","","","","","","","","","","","","","","","","","","","","","","",""
"125961","","","","","","","-51.51078","-51.51078","-51.51078","632","632","632","","","","","","","","","","","","","","","","","",""
"126399","","","","","","","","","","","","","","","","","","","-30.232557","-30.232557","-30.232557","602","602","602","","","","","",""
"126487","","","","","","","","","","","","","-20","-20","-20","606","606","606","","","","","","","","","","","",""
"126603","","","","","","","","","","","","","","","","","","","","","","","","","123.048325","123.048325","123.048325","440","440","440"
"126879","-52.38095","-52.38095","-52.38095","635","635","635","","","","","","","","","","","","","","","","","","","","","","","",""
"126962","","","","","","","-36.877075","-36.877075","-36.877075","633","633","633","","","","","","","","","","","","","","","","","",""
"127400","","","","","","","","","","","","","","","","","","","42.372883","42.372883","42.372883","620","620","620","","","","","",""
"127488","","","","","","","","","","","","","-54.385963","-54.385963","-54.385963","624","624","624","","","","","","","","","","","",""
"127604","","","","","","","","","","","","","","","","","","","","","","","","","102.65781","102.65781","102.65781","451","451","451"
"127880","-81.42415","-81.42415","-81.42415","654","654","654","","","","","","","","","","","","","","","","","","","","","","","",""
"127963","","","","","","","-49.152542","-49.152542","-49.152542","652","652","652","","","","","","","","","","","","","","","","","",""
"128401","","","","","","","","","","","","","","","","","","","8.843537","8.843537","8.843537","621","621","621","","","","","",""
"128489","","","","","","","","","","","","","-44.827587","-44.827587","-44.827587","625","625","625","","","","","","","","","","","",""
"128605","","","","","","","","","","","","","","","","","","","","","","","","","55.932205","55.932205","55.932205","452","452","452"
"128881","-76.666664","-76.666664","-76.666664","655","655","655","","","","","","","","","","","","","","","","","","","","","","","",""
"128964","","","","","","","15.646258","15.646258","15.646258","653","653","653","","","","","","","","","","","","","","","","","",""
"129183","-63.333332","-63.333332","-63.333332","656","656","656","","","","","","","","","","","","","","","","","","","","","","","",""
"129402","","","","","","","","","","","","","","","","","","","-19.504644","-19.504644","-19.504644","622","622","622","","","","","",""
"129490","","","","","","","","","","","","","-67.42671","-67.42671","-67.42671","626","626","626","","","","","","","","","","","",""
"129606","","","","","","","","","","","","","","","","","","","","","","","","","2.0408163","2.0408163","2.0408163","453","453","453"
"129888","","","","","","","","","","","","","-103.65229","-103.65229","-103.65229","627","627","627","","","","","","","","","","","",""
"129965","","","","","","","14.551084","14.551084","14.551084","654","654","654","","","","","","","","","","","","","","","","","",""
"130184","-58.62069","-58.62069","-58.62069","657","657","657","","","","","","","","","","","","","","","","","","","","","","","",""
"130403","","","","","","","","","","","","","","","","","","","40","40","40","623","623","623","","","","","",""
"130607","","","","","","","","","","","","","","","","","","","","","","","","","314.8607","314.8607","314.8607","454","454","454"
"130857","","","","","","","","","","","","","-137.44073","-137.44073","-137.44073","628","628","628","","","","","","","","","","","",""
"130966","","","","","","","-20","-20","-20","655","655","655","","","","","","","","","","","","","","","","","",""
"131185","-38.11075","-38.11075","-38.11075","676","676","676","","","","","","","","","","","","","","","","","","","","","","","",""
"131404","","","","","","","","","","","","","","","","","","","-19.298246","-19.298246","-19.298246","641","641","641","","","","","",""
"131608","","","","","","","","","","","","","","","","","","","","","","","","","-23.333334","-23.333334","-23.333334","465","465","465"
"131858","","","","","","","","","","","","","-13.907285","-13.907285","-13.907285","646","646","646","","","","","","","","","","","",""
"131967","","","","","","","36.842106","36.842106","36.842106","674","674","674","","","","","","","","","","","","","","","","","",""
"132186","-41.17647","-41.17647","-41.17647","677","677","677","","","","","","","","","","","","","","","","","","","","","","","",""
"132405","","","","","","","","","","","","","","","","","","","-41.37931","-41.37931","-41.37931","642","642","642","","","","","",""
"132609","","","","","","","","","","","","","","","","","","","","","","","","","19.298246","19.298246","19.298246","466","466","466"
"132859","","","","","","","","","","","","","-71.929825","-71.929825","-71.929825","647","647","647","","","","","","","","","","","",""
"132968","","","","","","","17.241379","17.241379","17.241379","675","675","675","","","","","","","","","","","","","","","","","",""
"133187","-11.111111","-11.111111","-11.111111","678","678","678","","","","","","","","","","","","","","","","","","","","","","","",""
"133406","","","","","","","","","","","","","","","","","","","-38.11075","-38.11075","-38.11075","643","643","643","","","","","",""
"133610","","","","","","","","","","","","","","","","","","","","","","","","","120.68965","120.68965","120.68965","467","467","467"
"133860","","","","","","","","","","","","","-47.183098","-47.183098","-47.183098","648","648","648","","","","","","","","","","","",""
"133969","","","","","","","-18.566774","-18.566774","-18.566774","676","676","676","","","","","","","","","","","","","","","","","",""
"134188","-66.88742","-66.88742","-66.88742","679","679","679","","","","","","","","","","","","","","","","","","","","","","","",""
"134407","","","","","","","","","","","","","","","","","","","37.2549","37.2549","37.2549","644","644","644","","","","","",""
"134611","","","","","","","","","","","","","","","","","","","","","","","","","105.21172","105.21172","105.21172","468","468","468"
"134861","","","","","","","","","","","","","-10.394265","-10.394265","-10.394265","649","649","649","","","","","","","","","","","",""
"134970","","","","","","","-34.640522","-34.640522","-34.640522","677","677","677","","","","","","","","","","","","","","","","","",""
"135189","-8.77193","-8.77193","-8.77193","698","698","698","","","","","","","","","","","","","","","","","","","","","","","",""
"135408","","","","","","","","","","","","","","","","","","","-2.6398328e-13","-2.6398328e-13","-2.6398328e-13","662","662","662","","","","","",""
"135612","","","","","","","","","","","","","","","","","","","","","","","","","-57.51634","-57.51634","-57.51634","479","479","479"
"135862","","","","","","","","","","","","","-12.225705","-12.225705","-12.225705","667","667","667","","","","","","","","","","","",""
"135971","","","","","","","44.444443","44.444443","44.444443","696","696","696","","","","","","","","","","","","","","","","","",""
"136190","-36.619717","-36.619717","-36.619717","699","699","699","","","","","","","","","","","","","","","","","","","","","","","",""
"136409","","","","","","","","","","","","","","","","","","","68.87417","68.87417","68.87417","663","663","663","","","","","",""
"136613","","","","","","","","","","","","","","","","","","","","","","","","","111.111115","111.111115","111.111115","480","480","480"
"136863","","","","","","","","","","","","","1.3958279e-13","1.3958279e-13","1.3958279e-13","668","668","668","","","","","","","","","","","",""
"136972","","","","","","","22.516556","22.516556","22.516556","697","697","697","","","","","","","","","","","","","","","","","",""
"137191","-46.23656","-46.23656","-46.23656","700","700","700","","","","","","","","","","","","","","","","","","","","","","","",""
"137410","","","","","","","","","","","","","","","","","","","82.45614","82.45614","82.45614","664","664","664","","","","","",""
"137614","","","","","","","","","","","","","","","","","","","","","","","","","2.6490066","2.6490066","2.6490066","481","481","481"
"137656","","","","","","","","","","","","","-154.18896","-154.18896","-154.18896","669","669","669","","","","","","","","","","","",""
"137973","","","","","","","-5.263158","-5.263158","-5.263158","698","698","698","","","","","","","","","","","","","","","","","",""
"138192","66.1442","66.1442","66.1442","701","701","701","","","","","","","","","","","","","","","","","","","","","","","",""
"138244","","","","","","","","","","","","","-137.98145","-137.98145","-137.98145","670","670","670","","","","","","","","","","","",""
"138411","","","","","","","","","","","","","","","","","","","-57.74648","-57.74648","-57.74648","665","665","665","","","","","",""
"138615","","","","","","","","","","","","","","","","","","","","","","","","","215.78947","215.78947","215.78947","482","482","482"
"138642","","","","","","","","","","","","","-94.46111","-94.46111","-94.46111","671","671","671","","","","","","","","","","","",""
"138974","","","","","","","-1.4084507","-1.4084507","-1.4084507","699","699","699","","","","","","","","","","","","","","","","","",""
"139193","-54.83871","-54.83871","-54.83871","702","702","702","","","","","","","","","","","","","","","","","","","","","","","",""
"139412","","","","","","","","","","","","","","","","","","","-3.2258065","-3.2258065","-3.2258065","683","683","683","","","","","",""
"139424","","","","","","","","","","","","","","","","","","","","","","","","","-127.883095","-127.883095","-127.883095","493","493","493"
"139643","","","","","","","","","","","","","-56.834534","-56.834534","-56.834534","689","689","689","","","","","","","","","","","",""
"139975","","","","","","","50.537636","50.537636","50.537636","718","718","718","","","","","","","","","","","","","","","","","",""
"140194","-35.94306","-35.94306","-35.94306","721","721","721","","","","","","","","","","","","","","","","","","","","","","","",""
"140413","","","","","","","","","","","","","","","","","","","63.009403","63.009403","63.009403","684","684","684","","","","","",""
"140425","","","","","","","","","","","","","","","","","","","","","","","","","68.45878","68.45878","68.45878","494","494","494"
"140644","","","","","","","","","","","","","-28.104576","-28.104576","-28.104576","690","690","690","","","","","","","","","","","",""
"140751","-97.08076","-97.08076","-97.08076","722","722","722","","","","","","","","","","","","","","","","","","","","","","","",""
"140976","","","","","","","-5.956113","-5.956113","-5.956113","719","719","719","","","","","","","","","","","","","","","","","",""
"141414","","","","","","","","","","","","","","","","","","","-67.741936","-67.741936","-67.741936","685","685","685","","","","","",""
"141426","","","","","","","","","","","","","","","","","","","","","","","","","53.605015","53.605015","53.605015","495","495","495"
"141435","","","","","","","","","","","","","-158.56102","-158.56102","-158.56102","691","691","691","","","","","","","","","","","",""
"141752","-72.22222","-72.22222","-72.22222","723","723","723","","","","","","","","","","","","","","","","","","","","","","","",""
"141977","","","","","","","12.903226","12.903226","12.903226","720","720","720","","","","","","","","","","","","","","","","","",""
"142343","","","","","","","","","","","","","","","","","","","-125.08434","-125.08434","-125.08434","686","686","686","","","","","",""
"142427","","","","","","","","","","","","","","","","","","","","","","","","","209.67741","209.67741","209.67741","496","496","496"
"142436","","","","","","","","","","","","","-14.675768","-14.675768","-14.675768","692","692","692","","","","","","","","","","","",""
"142753","-24.460432","-24.460432","-24.460432","724","724","724","","","","","","","","","","","","","","","","","","","","","","","",""
"142978","","","","","","","-50.177937","-50.177937","-50.177937","721","721","721","","","","","","","","","","","","","","","","","",""
"143344","","","","","","","","","","","","","","","","","","","106.18557","106.18557","106.18557","687","687","687","","","","","",""
"143428","","","","","","","","","","","","","","","","","","","","","","","","","440.92526","440.92526","440.92526","507","507","507"
"143437","","","","","","","","","","","","","-48.52941","-48.52941","-48.52941","710","710","710","","","","","","","","","","","",""
"143754","56.862743","56.862743","56.862743","743","743","743","","","","","","","","","","","","","","","","","","","","","","","",""
"143979","","","","","","","13.402061","13.402061","13.402061","740","740","740","","","","","","","","","","","","","","","","","",""
"144345","","","","","","","","","","","","","","","","","","","167.36111","167.36111","167.36111","705","705","705","","","","","",""
"144429","","","","","","","","","","","","","","","","","","","","","","","","","16.838488","16.838488","16.838488","508","508","508"
"144438","","","","","","","","","","","","","135.11905","135.11905","135.11905","711","711","711","","","","","","","","","","","",""
"144755","76.27119","76.27119","76.27119","744","744","744","","","","","","","","","","","","","","","","","","","","","","","",""
"144980","","","","","","","-27.083334","-27.083334","-27.083334","741","741","741","","","","","","","","","","","","","","","","","",""
"145346","","","","","","","","","","","","","","","","","","","-24.460432","-24.460432","-24.460432","706","706","706","","","","","",""
"145430","","","","","","","","","","","","","","","","","","","","","","","","","-9.722222","-9.722222","-9.722222","509","509","509"
"145439","","","","","","","","","","","","","-15.03268","-15.03268","-15.03268","712","712","712","","","","","","","","","","","",""
"145756","-59.04437","-59.04437","-59.04437","745","745","745","","","","","","","","","","","","","","","","","","","","","","","",""
"145981","","","","","","","87.05036","87.05036","87.05036","742","742","742","","","","","","","","","","","","","","","","","",""
"145995","","","","","","","","","","","","","","","","","","","","","","","","","-120.32877","-120.32877","-120.32877","510","510","510"
"146115","","","","","","","","","","","","","","","","","","","-104.80457","-104.80457","-104.80457","707","707","707","","","","","",""
"146129","","","","","","","","","","","","","-132.73442","-132.73442","-132.73442","713","713","713","","","","","","","","","","","",""
"146757","-19.117647","-19.117647","-19.117647","746","746","746","","","","","","","","","","","","","","","","","","","","","","","",""
"146804","","","","","","","","","","","","","-113.06271","-113.06271","-113.06271","714","714","714","","","","","","","","","","","",""
"146963","","","","","","","","","","","","","","","","","","","-106.633896","-106.633896","-106.633896","708","708","708","","","","","",""
"146982","","","","","","","33.986927","33.986927","33.986927","743","743","743","","","","","","","","","","","","","","","","","",""
"146996","","","","","","","","","","","","","","","","","","","","","","","","","76.47059","76.47059","76.47059","511","511","511"
"147758","-37.5","-37.5","-37.5","765","765","765","","","","","","","","","","","","","","","","","","","","","","","",""
"147805","","","","","","","","","","","","","-69.07217","-69.07217","-69.07217","732","732","732","","","","","","","","","","","",""
"147964","","","","","","","","","","","","","","","","","","","-14.675768","-14.675768","-14.675768","726","726","726","","","","","",""
"147983","","","","","","","113.55932","113.55932","113.55932","762","762","762","","","","","","","","","","","","","","","","","",""
"147997","","","","","","","","","","","","","","","","","","","","","","","","","177.9661","177.9661","177.9661","522","522","522"
"148679","","","","","","","","","","","","","-102.98947","-102.98947","-102.98947","733","733","733","","","","","","","","","","","",""
"148759","47.058823","47.058823","47.058823","766","766","766","","","","","","","","","","","","","","","","","","","","","","","",""
"148965","","","","","","","","","","","","","","","","","","","-22.794117","-22.794117","-22.794117","727","727","727","","","","","",""
"148984","","","","","","","36.518772","36.518772","36.518772","763","763","763","","","","","","","","","","","","","","","","","",""
"148998","","","","","","","","","","","","","","","","","","","","","","","","","381.22867","381.22867","381.22867","523","523","523"
"149497","","","","","","","","","","","","","-103.475","-103.475","-103.475","734","734","734","","","","","","","","","","","",""
"149760","-37.704918","-37.704918","-37.704918","767","767","767","","","","","","","","","","","","","","","","","","","","","","","",""
"149966","","","","","","","","","","","","","","","","","","","132.14285","132.14285","132.14285","728","728","728","","","","","",""
"149985","","","","","","","-52.205883","-52.205883","-52.205883","764","764","764","","","","","","","","","","","","","","","","","",""
"149999","","","","","","","","","","","","","","","","","","","","","","","","","650","650","650","524","524","524"
"150498","","","","","","","","","","","","","2.6490066","2.6490066","2.6490066","735","735","735","","","","","","","","","","","",""
"150761","-38.98305","-38.98305","-38.98305","768","768","768","","","","","","","","","","","","","","","","","","","","","","","",""
"150938","","","","","","","","","","","","","-112.84025","-112.84025","-112.84025","736","736","736","","","","","","","","","","","",""
"150967","","","","","","","","","","","","","","","","","","","-34.640522","-34.640522","-34.640522","729","729","729","","","","","",""
"150986","","","","","","","60.714287","60.714287","60.714287","765","765","765","","","","","","","","","","","","","","","","","",""
"151000","","","","","","","","","","","","","","","","","","","","","","","","","161.90475","161.90475","161.90475","525","525","525"
"151762","-45.01718","-45.01718","-45.01718","787","787","787","","","","","","","","","","","","","","","","","","","","","","","",""
"151939","","","","","","","","","","","","","-34.85342","-34.85342","-34.85342","754","754","754","","","","","","","","","","","",""
"151968","","","","","","","","","","","","","","","","","","","21.311476","21.311476","21.311476","747","747","747","","","","","",""
"151987","","","","","","","24.183006","24.183006","24.183006","784","784","784","","","","","","","","","","","","","","","","","",""
"152001","","","","","","","","","","","","","","","","","","","","","","","","","194.11765","194.11765","194.11765","536","536","536"
"152125","-111.5386","-111.5386","-111.5386","788","788","788","","","","","","","","","","","","","","","","","","","","","","","",""
"152940","","","","","","","","","","","","","-75.757576","-75.757576","-75.757576","755","755","755","","","","","","","","","","","",""
"152969","","","","","","","","","","","","","","","","","","","28.813559","28.813559","28.813559","748","748","748","","","","","",""
"152988","","","","","","","50.81967","50.81967","50.81967","785","785","785","","","","","","","","","","","","","","","","","",""
"153002","","","","","","","","","","","","","","","","","","","","","","","","","500","500","500","537","537","537"
"153126","-57.03125","-57.03125","-57.03125","789","789","789","","","","","","","","","","","","","","","","","","","","","","","",""
"153939","","","","","","","","","","","","","","","","","","","-104.016495","-104.016495","-104.016495","749","749","749","","","","","",""
"153941","","","","","","","","","","","","","86.04651","86.04651","86.04651","756","756","756","","","","","","","","","","","",""
"153989","","","","","","","22.033897","22.033897","22.033897","786","786","786","","","","","","","","","","","","","","","","","",""
"154003","","","","","","","","","","","","","","","","","","","","","","","","","289.8305","289.8305","289.8305","538","538","538"
"154127","-17.218542","-17.218542","-17.218542","790","790","790","","","","","","","","","","","","","","","","","","","","","","","",""
"154426","-80.1644","-80.1644","-80.1644","791","791","791","","","","","","","","","","","","","","","","","","","","","","","",""
"154705","-98.38404","-98.38404","-98.38404","792","792","792","","","","","","","","","","","","","","","","","","","","","","","",""
"154940","","","","","","","","","","","","","","","","","","","29.824562","29.824562","29.824562","750","750","750","","","","","",""
"154942","","","","","","","","","","","","","5.072464","5.072464","5.072464","757","757","757","","","","","","","","","","","",""
"154990","","","","","","","9.965635","9.965635","9.965635","787","787","787","","","","","","","","","","","","","","","","","",""
"155004","","","","","","","","","","","","","","","","","","","","","","","","","284.87973","284.87973","284.87973","539","539","539"
"155530","","","","","","","-62.57193","-62.57193","-62.57193","788","788","788","","","","","","","","","","","","","","","","","",""
"155706","21.212122","21.212122","21.212122","811","811","811","","","","","","","","","","","","","","","","","","","","","","","",""
"155897","","","","","","","","","","","","","-174.58994","-174.58994","-174.58994","775","775","775","","","","","","","","","","","",""
"155941","","","","","","","","","","","","","","","","","","","-25.78125","-25.78125","-25.78125","768","768","768","","","","","",""
"156005","","","","","","","","","","","","","","","","","","","","","","","","","475.4386","475.4386","475.4386","550","550","550"
"156531","","","","","","","9.375","9.375","9.375","807","807","807","","","","","","","","","","","","","","","","","",""
"156707","-76.74419","-76.74419","-76.74419","812","812","812","","","","","","","","","","","","","","","","","","","","","","","",""
"156898","","","","","","","","","","","","","-21.348314","-21.348314","-21.348314","776","776","776","","","","","","","","","","","",""
"156942","","","","","","","","","","","","","","","","","","","32.450333","32.450333","32.450333","769","769","769","","","","","",""
"157006","","","","","","","","","","","","","","","","","","","","","","","","","739.84375","739.84375","739.84375","551","551","551"
"157532","","","","","","","19.205297","19.205297","19.205297","808","808","808","","","","","","","","","","","","","","","","","",""
"157708","-74.63768","-74.63768","-74.63768","813","813","813","","","","","","","","","","","","","","","","","","","","","","","",""
"157899","","","","","","","","","","","","","-19.35484","-19.35484","-19.35484","777","777","777","","","","","","","","","","","",""
"157943","","","","","","","","","","","","","","","","","","","36.22291","36.22291","36.22291","770","770","770","","","","","",""
"158007","","","","","","","","","","","","","","","","","","","","","","","","","257.6159","257.6159","257.6159","552","552","552"
"158533","","","","","","","-22.600618","-22.600618","-22.600618","809","809","809","","","","","","","","","","","","","","","","","",""
"158709","-64.49704","-64.49704","-64.49704","814","814","814","","","","","","","","","","","","","","","","","","","","","","","",""
"158900","","","","","","","","","","","","","-49.019608","-49.019608","-49.019608","778","778","778","","","","","","","","","","","",""
"158944","","","","","","","","","","","","","","","","","","","33.550488","33.550488","33.550488","771","771","771","","","","","",""
"159008","","","","","","","","","","","","","","","","","","","","","","","","","534.6749","534.6749","534.6749","553","553","553"
"159534","","","","","","","30.29316","30.29316","30.29316","810","810","810","","","","","","","","","","","","","","","","","",""
"159710","-55.05618","-55.05618","-55.05618","815","815","815","","","","","","","","","","","","","","","","","","","","","","","",""
"159901","","","","","","","","","","","","","62.454872","62.454872","62.454872","796","796","796","","","","","","","","","","","",""
"159945","","","","","","","","","","","","","","","","","","","-9.090909","-9.090909","-9.090909","789","789","789","","","","","",""
"160009","","","","","","","","","","","","","","","","","","","","","","","","","134.5277","134.5277","134.5277","564","564","564"
"160535","","","","","","","15.151515","15.151515","15.151515","829","829","829","","","","","","","","","","","","","","","","","",""
"160711","-3.2258065","-3.2258065","-3.2258065","834","834","834","","","","","","","","","","","","","","","","","","","","","","","",""
"160902","","","","","","","","","","","","","-44.64945","-44.64945","-44.64945","797","797","797","","","","","","","","","","","",""
"160946","","","","","","","","","","","","","","","","","","","-37.984497","-37.984497","-37.984497","790","790","790","","","","","",""
"161010","","","","","","","","","","","","","","","","","","","","","","","","","272.72726","272.72726","272.72726","565","565","565"
"161536","","","","","","","-3.1007752","-3.1007752","-3.1007752","830","830","830","","","","","","","","","","","","","","","","","",""
"161712","56.862743","56.862743","56.862743","835","835","835","","","","","","","","","","","","","","","","","","","","","","","",""
"161776","","","","","","","","","","","","","","","","","","","-146.56812","-146.56812","-146.56812","791","791","791","","","","","",""
"161903","","","","","","","","","","","","","-43.70861","-43.70861","-43.70861","798","798","798","","","","","","","","","","","",""
"162011","","","","","","","","","","","","","","","","","","","","","","","","","632.55817","632.55817","632.55817","566","566","566"
"162537","","","","","","","117.391304","117.391304","117.391304","831","831","831","","","","","","","","","","","","","","","","","",""
"162713","-78.33935","-78.33935","-78.33935","836","836","836","","","","","","","","","","","","","","","","","","","","","","","",""
"162777","","","","","","","","","","","","","","","","","","","-58.57988","-58.57988","-58.57988","792","792","792","","","","","",""
"162904","","","","","","","","","","","","","-29.411764","-29.411764","-29.411764","799","799","799","","","","","","","","","","","",""
"163012","","","","","","","","","","","","","","","","","","","","","","","","","519.56525","519.56525","519.56525","567","567","567"
"163313","","","","","","","","","","","","","-65.78143","-65.78143","-65.78143","800","800","800","","","","","","","","","","","",""
"163405","","","","","","","-100.801186","-100.801186","-100.801186","832","832","832","","","","","","","","","","","","","","","","","",""
"163714","-55.71956","-55.71956","-55.71956","837","837","837","","","","","","","","","","","","","","","","","","","","","","","",""
"163778","","","","","","","","","","","","","","","","","","","27.340824","27.340824","27.340824","793","793","793","","","","","",""
"164013","","","","","","","","","","","","","","","","","","","","","","","","","243.19527","243.19527","243.19527","578","578","578"
"164314","","","","","","","","","","","","","-47.55245","-47.55245","-47.55245","818","818","818","","","","","","","","","","","",""
"164406","","","","","","","76.02996","76.02996","76.02996","851","851","851","","","","","","","","","","","","","","","","","",""
"164715","-37.086094","-37.086094","-37.086094","856","856","856","","","","","","","","","","","","","","","","","","","","","","","",""
"164779","","","","","","","","","","","","","","","","","","","32.258064","32.258064","32.258064","811","811","811","","","","","",""
"164941","","","","","","","","","","","","","-99.3421","-99.3421","-99.3421","819","819","819","","","","","","","","","","","",""
"165014","","","","","","","","","","","","","","","","","","","","","","","","","188.38951","188.38951","188.38951","579","579","579"
"165407","","","","","","","-25.806452","-25.806452","-25.806452","852","852","852","","","","","","","","","","","","","","","","","",""
"165716","-52.941177","-52.941177","-52.941177","857","857","857","","","","","","","","","","","","","","","","","","","","","","","",""
"165780","","","","","","","","","","","","","","","","","","","17.647058","17.647058","17.647058","812","812","812","","","","","",""
"165942","","","","","","","","","","","","","4.4176707","4.4176707","4.4176707","820","820","820","","","","","","","","","","","",""
"166015","","","","","","","","","","","","","","","","","","","","","","","","","267.74194","267.74194","267.74194","580","580","580"
"166408","","","","","","","60.784313","60.784313","60.784313","853","853","853","","","","","","","","","","","","","","","","","",""
"166717","-12.052117","-12.052117","-12.052117","858","858","858","","","","","","","","","","","","","","","","","","","","","","","",""
"166755","","","","","","","","","","","","","","","","","","","-99.82707","-99.82707","-99.82707","813","813","813","","","","","",""
"166943","","","","","","","","","","","","","40","40","40","821","821","821","","","","","","","","","","","",""
"167016","","","","","","","","","","","","","","","","","","","","","","","","","750.9804","750.9804","750.9804","581","581","581"
"167409","","","","","","","26.35379","26.35379","26.35379","854","854","854","","","","","","","","","","","","","","","","","",""
"167718","-51.04895","-51.04895","-51.04895","859","859","859","","","","","","","","","","","","","","","","","","","","","","","",""
"167756","","","","","","","","","","","","","","","","","","","102.95203","102.95203","102.95203","814","814","814","","","","","",""
"167944","","","","","","","","","","","","","-74.19355","-74.19355","-74.19355","839","839","839","","","","","","","","","","","",""
"168017","","","","","","","","","","","","","","","","","","","","","","","","","816.9675","816.9675","816.9675","592","592","592"
"168410","","","","","","","-40.959408","-40.959408","-40.959408","873","873","873","","","","","","","","","","","","","","","","","",""
"168719","-54.385963","-54.385963","-54.385963","878","878","878","","","","","","","","","","","","","","","","","","","","","","","",""
"168757","","","","","","","","","","","","","","","","","","","118.543045","118.543045","118.543045","832","832","832","","","","","",""
"168945","","","","","","","","","","","","","97.76119","97.76119","97.76119","840","840","840","","","","","","","","","","","",""
"169018","","","","","","","","","","","","","","","","","","","","","","","","","852.02954","852.02954","852.02954","593","593","593"
"169411","","","","","","","9.271523","9.271523","9.271523","874","874","874","","","","","","","","","","","","","","","","","",""
"169720","-75.90362","-75.90362","-75.90362","879","879","879","","","","","","","","","","","","","","","","","","","","","","","",""
"169758","","","","","","","","","","","","","","","","","","","5.882353","5.882353","5.882353","833","833","833","","","","","",""
"169946","","","","","","","","","","","","","-25.266905","-25.266905","-25.266905","841","841","841","","","","","","","","","","","",""
"170019","","","","","","","","","","","","","","","","","","","","","","","","","317.21854","317.21854","317.21854","594","594","594"
"170412","","","","","","","-7.897849e-13","-7.897849e-13","-7.897849e-13","875","875","875","","","","","","","","","","","","","","","","","",""
"170721","-20","-20","-20","880","880","880","","","","","","","","","","","","","","","","","","","","","","","",""
"170759","","","","","","","","","","","","","","","","","","","14.006515","14.006515","14.006515","834","834","834","","","","","",""
"170947","","","","","","","","","","","","","-70.90909","-70.90909","-70.90909","842","842","842","","","","","","","","","","","",""
"171020","","","","","","","","","","","","","","","","","","","","","","","","","273.52942","273.52942","273.52942","595","595","595"
"171413","","","","","","","-38.11075","-38.11075","-38.11075","876","876","876","","","","","","","","","","","","","","","","","",""
"171722","6.938061e-13","6.938061e-13","6.938061e-13","881","881","881","","","","","","","","","","","","","","","","","","","","","","","",""
"171760","","","","","","","","","","","","","","","","","","","-37.06294","-37.06294","-37.06294","835","835","835","","","","","",""
"171948","","","","","","","","","","","","","-58.47751","-58.47751","-58.47751","843","843","843","","","","","","","","","","","",""
"172021","","","","","","","","","","","","","","","","","","","","","","","","","668.7296","668.7296","668.7296","596","596","596"
"172414","","","","","","","64.33566","64.33566","64.33566","895","895","895","","","","","","","","","","","","","","","","","",""
"172723","-6.716418","-6.716418","-6.716418","900","900","900","","","","","","","","","","","","","","","","","","","","","","","",""
"172761","","","","","","","","","","","","","","","","","","","33.333332","33.333332","33.333332","853","853","853","","","","","",""
"172949","","","","","","","","","","","","","-26.739927","-26.739927","-26.739927","861","861","861","","","","","","","","","","","",""
"173022","","","","","","","","","","","","","","","","","","","","","","","","","686.71326","686.71326","686.71326","607","607","607"
"173415","","","","","","","36.842106","36.842106","36.842106","896","896","896","","","","","","","","","","","","","","","","","",""
"173724","-75.08897","-75.08897","-75.08897","901","901","901","","","","","","","","","","","","","","","","","","","","","","","",""
"173762","","","","","","","","","","","","","","","","","","","56.626507","56.626507","56.626507","854","854","854","","","","","",""
"173945","","","","","","","","","","","","","-108.78511","-108.78511","-108.78511","862","862","862","","","","","","","","","","","",""
"174023","","","","","","","","","","","","","","","","","","","","","","","","","696.4912","696.4912","696.4912","608","608","608"
"174416","","","","","","","-15.662651","-15.662651","-15.662651","897","897","897","","","","","","","","","","","","","","","","","",""
"174445","","","","","","","","","","","","","-112.99018","-112.99018","-112.99018","863","863","863","","","","","","","","","","","",""
"174725","-41.81818","-41.81818","-41.81818","902","902","902","","","","","","","","","","","","","","","","","","","","","","","",""
"174763","","","","","","","","","","","","","","","","","","","160","160","160","855","855","855","","","","","",""
"175024","","","","","","","","","","","","","","","","","","","","","","","","","426.10443","426.10443","426.10443","609","609","609"
"175331","","","","","","","-124.63333","-124.63333","-124.63333","898","898","898","","","","","","","","","","","","","","","","","",""
"175446","","","","","","","","","","","","","-41.747574","-41.747574","-41.747574","864","864","864","","","","","","","","","","","",""
"175726","-61.937717","-61.937717","-61.937717","903","903","903","","","","","","","","","","","","","","","","","","","","","","","",""
"175764","","","","","","","","","","","","","","","","","","","70.96774","70.96774","70.96774","856","856","856","","","","","",""
"176025","","","","","","","","","","","","","","","","","","","","","","","","","560","560","560","610","610","610"
"176332","","","","","","","3.2258065","3.2258065","3.2258065","917","917","917","","","","","","","","","","","","","","","","","",""
"176447","","","","","","","","","","","","","-16.334661","-16.334661","-16.334661","882","882","882","","","","","","","","","","","",""
"176727","-74.35897","-74.35897","-74.35897","922","922","922","","","","","","","","","","","","","","","","","","","","","","","",""
"176765","","","","","","","","","","","","","","","","","","","60.44776","60.44776","60.44776","874","874","874","","","","","",""
"177026","","","","","","","","","","","","","","","","","","","","","","","","","751.6129","751.6129","751.6129","621","621","621"
"177333","","","","","","","26.865671","26.865671","26.865671","918","918","918","","","","","","","","","","","","","","","","","",""
"177448","","","","","","","","","","","","","-15.094339","-15.094339","-15.094339","883","883","883","","","","","","","","","","","",""
"177454","","","","","","","","","","","","","","","","","","","","","","","","","43.967163","43.967163","43.967163","622","622","622"
"177728","-83.81877","-83.81877","-83.81877","923","923","923","","","","","","","","","","","","","","","","","","","","","","","",""
"177766","","","","","","","","","","","","","","","","","","","56.58363","56.58363","56.58363","875","875","875","","","","","",""
"178334","","","","","","","-21.708185","-21.708185","-21.708185","919","919","919","","","","","","","","","","","","","","","","","",""
"178449","","","","","","","","","","","","","-49.84326","-49.84326","-49.84326","884","884","884","","","","","","","","","","","",""
"178455","","","","","","","","","","","","","","","","","","","","","","","","","711.3879","711.3879","711.3879","623","623","623"
"178729","-32.51534","-32.51534","-32.51534","924","924","924","","","","","","","","","","","","","","","","","","","","","","","",""
"178767","","","","","","","","","","","","","","","","","","","150.90909","150.90909","150.90909","876","876","876","","","","","",""
"179335","","","","","","","103.63636","103.63636","103.63636","920","920","920","","","","","","","","","","","","","","","","","",""
"179450","","","","","","","","","","","","","15.384615","15.384615","15.384615","885","885","885","","","","","","","","","","","",""
"179456","","","","","","","","","","","","","","","","","","","","","","","","","689.0909","689.0909","689.0909","624","624","624"
"179730","-77.346275","-77.346275","-77.346275","925","925","925","","","","","","","","","","","","","","","","","","","","","","","",""
"179768","","","","","","","","","","","","","","","","","","","66.089966","66.089966","66.089966","877","877","877","","","","","",""
"180336","","","","","","","73.01038","73.01038","73.01038","939","939","939","","","","","","","","","","","","","","","","","",""
"180451","","","","","","","","","","","","","55.234657","55.234657","55.234657","903","903","903","","","","","","","","","","","",""
"180457","","","","","","","","","","","","","","","","","","","","","","","","","664.7059","664.7059","664.7059","635","635","635"
"180731","-72.11156","-72.11156","-72.11156","944","944","944","","","","","","","","","","","","","","","","","","","","","","","",""
"180769","","","","","","","","","","","","","","","","","","","13.553114","13.553114","13.553114","895","895","895","","","","","",""
"181264","","","","","","","","","","","","","-115.35606","-115.35606","-115.35606","904","904","904","","","","","","","","","","","",""
"181337","","","","","","","46.520145","46.520145","46.520145","940","940","940","","","","","","","","","","","","","","","","","",""
"181458","","","","","","","","","","","","","","","","","","","","","","","","","625.2747","625.2747","625.2747","636","636","636"
"181732","-33.962265","-33.962265","-33.962265","945","945","945","","","","","","","","","","","","","","","","","","","","","","","",""
"181770","","","","","","","","","","","","","","","","","","","-2.9126213","-2.9126213","-2.9126213","896","896","896","","","","","",""
"182265","","","","","","","","","","","","","-13.043478","-13.043478","-13.043478","905","905","905","","","","","","","","","","","",""
"182338","","","","","","","48.867313","48.867313","48.867313","941","941","941","","","","","","","","","","","","","","","","","",""
"182459","","","","","","","","","","","","","","","","","","","","","","","","","22.977346","22.977346","22.977346","637","637","637"
"182733","-49.84326","-49.84326","-49.84326","946","946","946","","","","","","","","","","","","","","","","","","","","","","","",""
"182771","","","","","","","","","","","","","","","","","","","22.699387","22.699387","22.699387","897","897","897","","","","","",""
"183266","","","","","","","","","","","","","38.29787","38.29787","38.29787","906","906","906","","","","","","","","","","","",""
"183339","","","","","","","-7.97546","-7.97546","-7.97546","942","942","942","","","","","","","","","","","","","","","","","",""
"183460","","","","","","","","","","","","","","","","","","","","","","","","","642.3313","642.3313","642.3313","638","638","638"
"183734","4.895105","4.895105","4.895105","947","947","947","","","","","","","","","","","","","","","","","","","","","","","",""
"183772","","","","","","","","","","","","","","","","","","","278.64078","278.64078","278.64078","898","898","898","","","","","",""
"184267","","","","","","","","","","","","","-29.292929","-29.292929","-29.292929","907","907","907","","","","","","","","","","","",""
"184340","","","","","","","171.84467","171.84467","171.84467","961","961","961","","","","","","","","","","","","","","","","","",""
"184461","","","","","","","","","","","","","","","","","","","","","","","","","353.07443","353.07443","353.07443","649","649","649"
"184735","-56.6787","-56.6787","-56.6787","966","966","966","","","","","","","","","","","","","","","","","","","","","","","",""
"184773","","","","","","","","","","","","","","","","","","","119.123505","119.123505","119.123505","916","916","916","","","","","",""
"185268","","","","","","","","","","","","","-51.140064","-51.140064","-51.140064","925","925","925","","","","","","","","","","","",""
"185341","","","","","","","15.537848","15.537848","15.537848","962","962","962","","","","","","","","","","","","","","","","","",""
"185462","","","","","","","","","","","","","","","","","","","","","","","","","338.247","338.247","338.247","650","650","650"
"185736","-37.716263","-37.716263","-37.716263","967","967","967","","","","","","","","","","","","","","","","","","","","","","","",""
"185774","","","","","","","","","","","","","","","","","","","98.113205","98.113205","98.113205","917","917","917","","","","","",""
"186269","","","","","","","","","","","","","-10.891089","-10.891089","-10.891089","926","926","926","","","","","","","","","","","",""
"186342","","","","","","","57.232704","57.232704","57.232704","963","963","963","","","","","","","","","","","","","","","","","",""
"186463","","","","","","","","","","","","","","","","","","","","","","","","","453.4591","453.4591","453.4591","651","651","651"
"186737","-16.996048","-16.996048","-16.996048","968","968","968","","","","","","","","","","","","","","","","","","","","","","","",""
"186775","","","","","","","","","","","","","","","","","","","113.166145","113.166145","113.166145","918","918","918","","","","","",""
"187270","","","","","","","","","","","","","14.1868515","14.1868515","14.1868515","927","927","927","","","","","","","","","","","",""
"187343","","","","","","","34.796238","34.796238","34.796238","964","964","964","","","","","","","","","","","","","","","","","",""
"187453","","","","","","","","","","","","","","","","","","","-104.66293","-104.66293","-104.66293","919","919","919","","","","","",""
"187464","","","","","","","","","","","","","","","","","","","","","","","","","486.2069","486.2069","486.2069","652","652","652"
"187738","-78.723404","-78.723404","-78.723404","969","969","969","","","","","","","","","","","","","","","","","","","","","","","",""
"188271","","","","","","","","","","","","","62.068966","62.068966","62.068966","928","928","928","","","","","","","","","","","",""
"188344","","","","","","","67.83217","67.83217","67.83217","965","965","965","","","","","","","","","","","","","","","","","",""
"188454","","","","","","","","","","","","","","","","","","","109.386284","109.386284","109.386284","937","937","937","","","","","",""
"188465","","","","","","","","","","","","","","","","","","","","","","","","","742.65735","742.65735","742.65735","663","663","663"
"188739","-29.292929","-29.292929","-29.292929","988","988","988","","","","","","","","","","","","","","","","","","","","","","","",""
"189272","","","","","","","","","","","","","24.579124","24.579124","24.579124","946","946","946","","","","","","","","","","","",""
"189345","","","","","","","-6.137184","-6.137184","-6.137184","984","984","984","","","","","","","","","","","","","","","","","",""
"189455","","","","","","","","","","","","","","","","","","","259.8616","259.8616","259.8616","938","938","938","","","","","",""
"189466","","","","","","","","","","","","","","","","","","","","","","","","","441.51624","441.51624","441.51624","664","664","664"
"189740","-77.1987","-77.1987","-77.1987","989","989","989","","","","","","","","","","","","","","","","","","","","","","","",""
"190273","","","","","","","","","","","","","62.7907","62.7907","62.7907","947","947","947","","","","","","","","","","","",""
"190346","","","","","","","90.31142","90.31142","90.31142","985","985","985","","","","","","","","","","","","","","","","","",""
"190456","","","","","","","","","","","","","","","","","","","125.29644","125.29644","125.29644","939","939","939","","","","","",""
"190467","","","","","","","","","","","","","","","","","","","","","","","","","291.00345","291.00345","291.00345","665","665","665"
"190741","-27.392738","-27.392738","-27.392738","990","990","990","","","","","","","","","","","","","","","","","","","","","","","",""
"191272","","","","","","","-30.344664","-30.344664","-30.344664","986","986","986","","","","","","","","","","","","","","","","","",""
"191274","","","","","","","","","","","","","66.666664","66.666664","66.666664","948","948","948","","","","","","","","","","","",""
"191457","","","","","","","","","","","","","","","","","","","219.14894","219.14894","219.14894","940","940","940","","","","","",""
"191468","","","","","","","","","","","","","","","","","","","","","","","","","58.102768","58.102768","58.102768","666","666","666"
"191742","-75.77855","-75.77855","-75.77855","991","991","991","","","","","","","","","","","","","","","","","","","","","","","",""
"192266","","","","","","","","","","","","","-113.39689","-113.39689","-113.39689","949","949","949","","","","","","","","","","","",""
"192273","","","","","","","34.751774","34.751774","34.751774","987","987","987","","","","","","","","","","","","","","","","","",""
"192458","","","","","","","","","","","","","","","","","","","-46.127945","-46.127945","-46.127945","941","941","941","","","","","",""
"192469","","","","","","","","","","","","","","","","","","","","","","","","","563.12054","563.12054","563.12054","667","667","667"
"192743","-75.86207","-75.86207","-75.86207","1010","1010","1010","","","","","","","","","","","","","","","","","","","","","","","",""
"193267","","","","","","","","","","","","","-34.85342","-34.85342","-34.85342","967","967","967","","","","","","","","","","","",""
"193274","","","","","","","155.89226","155.89226","155.89226","1006","1006","1006","","","","","","","","","","","","","","","","","",""
"193459","","","","","","","","","","","","","","","","","","","160.58632","160.58632","160.58632","959","959","959","","","","","",""
"193470","","","","","","","","","","","","","","","","","","","","","","","","","724.91583","724.91583","724.91583","678","678","678"
"193744","-59.59596","-59.59596","-59.59596","1011","1011","1011","","","","","","","","","","","","","","","","","","","","","","","",""
"194268","","","","","","","","","","","","","-47.916668","-47.916668","-47.916668","968","968","968","","","","","","","","","","","",""
"194275","","","","","","","248.5342","248.5342","248.5342","1007","1007","1007","","","","","","","","","","","","","","","","","",""
"194460","","","","","","","","","","","","","","","","","","","28.712872","28.712872","28.712872","960","960","960","","","","","",""
"194471","","","","","","","","","","","","","","","","","","","","","","","","","512.37787","512.37787","512.37787","679","679","679"
"194644","","","","","","","","","","","","","-98.18431","-98.18431","-98.18431","969","969","969","","","","","","","","","","","",""
"194745","2.9900331","2.9900331","2.9900331","1012","1012","1012","","","","","","","","","","","","","","","","","","","","","","","",""
"195276","","","","","","","41.914192","41.914192","41.914192","1008","1008","1008","","","","","","","","","","","","","","","","","",""
"195461","","","","","","","","","","","","","","","","","","","297.9239","297.9239","297.9239","961","961","961","","","","","",""
"195472","","","","","","","","","","","","","","","","","","","","","","","","","652.4752","652.4752","652.4752","680","680","680"
"195645","","","","","","","","","","","","","-38.311687","-38.311687","-38.311687","970","970","970","","","","","","","","","","","",""
"195746","-66.666664","-66.666664","-66.666664","1013","1013","1013","","","","","","","","","","","","","","","","","","","","","","","",""
"196277","","","","","","","66.089966","66.089966","66.089966","1009","1009","1009","","","","","","","","","","","","","","","","","",""
"196462","","","","","","","","","","","","","","","","","","","151.72414","151.72414","151.72414","962","962","962","","","","","",""
"196473","","","","","","","","","","","","","","","","","","","","","","","","","682.0069","682.0069","682.0069","681","681","681"
"196646","","","","","","","","","","","","","-2.208202","-2.208202","-2.208202","988","988","988","","","","","","","","","","","",""
"196747","-80.54475","-80.54475","-80.54475","1032","1032","1032","","","","","","","","","","","","","","","","","","","","","","","",""
"196961","-78.85472","-78.85472","-78.85472","1033","1033","1033","","","","","","","","","","","","","","","","","","","","","","","",""
"197030","","","","","","","","","","","","","","","","","","","-92.62694","-92.62694","-92.62694","980","980","980","","","","","",""
"197278","","","","","","","227.58621","227.58621","227.58621","1028","1028","1028","","","","","","","","","","","","","","","","","",""
"197474","","","","","","","","","","","","","","","","","","","","","","","","","103.44827","103.44827","103.44827","692","692","692"
"197647","","","","","","","","","","","","","163.3452","163.3452","163.3452","989","989","989","","","","","","","","","","","",""
"197962","-68.75","-68.75","-68.75","1034","1034","1034","","","","","","","","","","","","","","","","","","","","","","","",""
"198022","","","","","","","-93.39192","-93.39192","-93.39192","1029","1029","1029","","","","","","","","","","","","","","","","","",""
"198031","","","","","","","","","","","","","","","","","","","172.42525","172.42525","172.42525","981","981","981","","","","","",""
"198475","","","","","","","","","","","","","","","","","","","","","","","","","788.8889","788.8889","788.8889","693","693","693"
"198648","","","","","","","","","","","","","29.449839","29.449839","29.449839","990","990","990","","","","","","","","","","","",""
"198963","-80.39216","-80.39216","-80.39216","1035","1035","1035","","","","","","","","","","","","","","","","","","","","","","","",""
"199023","","","","","","","139.20265","139.20265","139.20265","1030","1030","1030","","","","","","","","","","","","","","","","","",""
"199032","","","","","","","","","","","","","","","","","","","66.666664","66.666664","66.666664","982","982","982","","","","","",""
"199476","","","","","","","","","","","","","","","","","","","","","","","","","604.3189","604.3189","604.3189","694","694","694"
"199649","","","","","","","","","","","","","104.69798","104.69798","104.69798","991","991","991","","","","","","","","","","","",""
"199964","-83.766235","-83.766235","-83.766235","1036","1036","1036","","","","","","","","","","","","","","","","","","","","","","","",""
"200024","","","","","","","244.44444","244.44444","244.44444","1031","1031","1031","","","","","","","","","","","","","","","","","",""
"200033","","","","","","","","","","","","","","","","","","","254.0856","254.0856","254.0856","983","983","983","","","","","",""
"200477","","","","","","","","","","","","","","","","","","","","","","","","","581.4815","581.4815","581.4815","695","695","695"
"200650","","","","","","","","","","","","","-54.83871","-54.83871","-54.83871","992","992","992","","","","","","","","","","","",""
"200965","-74.763405","-74.763405","-74.763405","1055","1055","1055","","","","","","","","","","","","","","","","","","","","","","","",""
"201025","","","","","","","-98.73268","-98.73268","-98.73268","1050","1050","1050","","","","","","","","","","","","","","","","","",""
"201034","","","","","","","","","","","","","","","","","","","-8.794788","-8.794788","-8.794788","1001","1001","1001","","","","","",""
"201478","","","","","","","","","","","","","","","","","","","","","","","","","826.07007","826.07007","826.07007","706","706","706"
"201651","","","","","","","","","","","","","-38.080494","-38.080494","-38.080494","1010","1010","1010","","","","","","","","","","","",""
"201966","-75.08897","-75.08897","-75.08897","1056","1056","1056","","","","","","","","","","","","","","","","","","","","","","","",""
"202026","","","","","","","121.498375","121.498375","121.498375","1051","1051","1051","","","","","","","","","","","","","","","","","",""
"202035","","","","","","","","","","","","","","","","","","","101.388885","101.388885","101.388885","1002","1002","1002","","","","","",""
"202479","","","","","","","","","","","","","","","","","","","","","","","","","228.99023","228.99023","228.99023","707","707","707"
"202652","","","","","","","","","","","","","-29.577465","-29.577465","-29.577465","1011","1011","1011","","","","","","","","","","","",""
"202753","","","","","","","","","","","","","","","","","","","-67.02483","-67.02483","-67.02483","1003","1003","1003","","","","","",""
"202967","-61.165047","-61.165047","-61.165047","1057","1057","1057","","","","","","","","","","","","","","","","","","","","","","","",""
"203027","","","","","","","118.75","118.75","118.75","1052","1052","1052","","","","","","","","","","","","","","","","","",""
"203437","","","","","","","","","","","","","-116.02894","-116.02894","-116.02894","1012","1012","1012","","","","","","","","","","","",""
"203480","","","","","","","","","","","","","","","","","","","","","","","","","347.91666","347.91666","347.91666","708","708","708"
"203754","","","","","","","","","","","","","","","","","","","188.96104","188.96104","188.96104","1004","1004","1004","","","","","",""
"203968","-56.37584","-56.37584","-56.37584","1058","1058","1058","","","","","","","","","","","","","","","","","","","","","","","",""
"204028","","","","","","","187.5817","187.5817","187.5817","1053","1053","1053","","","","","","","","","","","","","","","","","",""
"204438","","","","","","","","","","","","","-76.89769","-76.89769","-76.89769","1013","1013","1013","","","","","","","","","","","",""
"204481","","","","","","","","","","","","","","","","","","","","","","","","","756.20917","756.20917","756.20917","709","709","709"
"204755","","","","","","","","","","","","","","","","","","","123.97476","123.97476","123.97476","1005","1005","1005","","","","","",""
"204969","-58.064518","-58.064518","-58.064518","1077","1077","1077","","","","","","","","","","","","","","","","","","","","","","","",""
"205029","","","","","","","39.61039","39.61039","39.61039","1072","1072","1072","","","","","","","","","","","","","","","","","",""
"205439","","","","","","","","","","","","","-63.302753","-63.302753","-63.302753","1031","1031","1031","","","","","","","","","","","",""
"205482","","","","","","","","","","","","","","","","","","","","","","","","","662.987","662.987","662.987","720","720","720"
"205756","","","","","","","","","","","","","","","","","","","56.58363","56.58363","56.58363","1023","1023","1023","","","","","",""
"205970","-59.752323","-59.752323","-59.752323","1078","1078","1078","","","","","","","","","","","","","","","","","","","","","","","",""
"206030","","","","","","","79.81072","79.81072","79.81072","1073","1073","1073","","","","","","","","","","","","","","","","","",""
"206440","","","","","","","","","","","","","-58.90411","-58.90411","-58.90411","1032","1032","1032","","","","","","","","","","","",""
"206483","","","","","","","","","","","","","","","","","","","","","","","","","524.60565","524.60565","524.60565","721","721","721"
"206757","","","","","","","","","","","","","","","","","","","123.30097","123.30097","123.30097","1024","1024","1024","","","","","",""
"206971","-71.830986","-71.830986","-71.830986","1079","1079","1079","","","","","","","","","","","","","","","","","","","","","","","",""
"207031","","","","","","","238.0783","238.0783","238.0783","1074","1074","1074","","","","","","","","","","","","","","","","","",""
"207241","","","","","","","","","","","","","","","","","","","-77.7302","-77.7302","-77.7302","1025","1025","1025","","","","","",""
"207441","","","","","","","","","","","","","-43.396225","-43.396225","-43.396225","1033","1033","1033","","","","","","","","","","","",""
"207484","","","","","","","","","","","","","","","","","","","","","","","","","860.85406","860.85406","860.85406","722","722","722"
"207972","-23.076923","-23.076923","-23.076923","1080","1080","1080","","","","","","","","","","","","","","","","","","","","","","","",""
"208032","","","","","","","259.2233","259.2233","259.2233","1075","1075","1075","","","","","","","","","","","","","","","","","",""
"208242","","","","","","","","","","","","","","","","","","","170.96774","170.96774","170.96774","1026","1026","1026","","","","","",""
"208442","","","","","","","","","","","","","-20.86331","-20.86331","-20.86331","1034","1034","1034","","","","","","","","","","","",""
"208485","","","","","","","","","","","","","","","","","","","","","","","","","327.18448","327.18448","327.18448","723","723","723"
"208973","-60.396038","-60.396038","-60.396038","1099","1099","1099","","","","","","","","","","","","","","","","","","","","","","","",""
"209033","","","","","","","141.61073","141.61073","141.61073","1094","1094","1094","","","","","","","","","","","","","","","","","",""
"209243","","","","","","","","","","","","","","","","","","","110.52631","110.52631","110.52631","1044","1044","1044","","","","","",""
"209443","","","","","","","","","","","","","-9.698997","-9.698997","-9.698997","1052","1052","1052","","","","","","","","","","","",""
"209486","","","","","","","","","","","","","","","","","","","","","","","","","597.9866","597.9866","597.9866","734","734","734"
"209974","-78.59327","-78.59327","-78.59327","1100","1100","1100","","","","","","","","","","","","","","","","","","","","","","","",""
"210034","","","","","","","100","100","100","1095","1095","1095","","","","","","","","","","","","","","","","","",""
"210244","","","","","","","","","","","","","","","","","","","30.28169","30.28169","30.28169","1045","1045","1045","","","","","",""
"210444","","","","","","","","","","","","","116.828476","116.828476","116.828476","1053","1053","1053","","","","","","","","","","","",""
"210487","","","","","","","","","","","","","","","","","","","","","","","","","451.6129","451.6129","451.6129","735","735","735"
"210975","-79.45206","-79.45206","-79.45206","1101","1101","1101","","","","","","","","","","","","","","","","","","","","","","","",""
"211035","","","","","","","73.37461","73.37461","73.37461","1096","1096","1096","","","","","","","","","","","","","","","","","",""
"211245","","","","","","","","","","","","","","","","","","","266.30035","266.30035","266.30035","1046","1046","1046","","","","","",""
"211445","","","","","","","","","","","","","-51.298702","-51.298702","-51.298702","1054","1054","1054","","","","","","","","","","","",""
"211488","","","","","","","","","","","","","","","","","","","","","","","","","283.90094","283.90094","283.90094","736","736","736"
"211976","-71.69811","-71.69811","-71.69811","1102","1102","1102","","","","","","","","","","","","","","","","","","","","","","","",""
"212036","","","","","","","26.760563","26.760563","26.760563","1097","1097","1097","","","","","","","","","","","","","","","","","",""
"212246","","","","","","","","","","","","","","","","","","","-4.290429","-4.290429","-4.290429","1047","1047","1047","","","","","",""
"212446","","","","","","","","","","","","","-25.806452","-25.806452","-25.806452","1055","1055","1055","","","","","","","","","","","",""
"212489","","","","","","","","","","","","","","","","","","","","","","","","","685.21124","685.21124","685.21124","737","737","737"
"212977","-71.22302","-71.22302","-71.22302","1103","1103","1103","","","","","","","","","","","","","","","","","","","","","","","",""
"213037","","","","","","","204.0293","204.0293","204.0293","1116","1116","1116","","","","","","","","","","","","","","","","","",""
"213247","","","","","","","","","","","","","","","","","","","7.033639","7.033639","7.033639","1065","1065","1065","","","","","",""
"213447","","","","","","","","","","","","","-3.6144578","-3.6144578","-3.6144578","1073","1073","1073","","","","","","","","","","","",""
"213490","","","","","","","","","","","","","","","","","","","","","","","","","878.022","878.022","878.022","748","748","748"
"213606","","","","","","","","","","","","","","","","","","","-46.658905","-46.658905","-46.658905","1066","1066","1066","","","","","",""
"213978","-19.73244","-19.73244","-19.73244","1122","1122","1122","","","","","","","","","","","","","","","","","","","","","","","",""
"214038","","","","","","","15.511551","15.511551","15.511551","1117","1117","1117","","","","","","","","","","","","","","","","","",""
"214448","","","","","","","","","","","","","-34.256054","-34.256054","-34.256054","1074","1074","1074","","","","","","","","","","","",""
"214491","","","","","","","","","","","","","","","","","","","","","","","","","190.42905","190.42905","190.42905","749","749","749"
"214607","","","","","","","","","","","","","","","","","","","66.666664","66.666664","66.666664","1067","1067","1067","","","","","",""
"214979","-41.747574","-41.747574","-41.747574","1123","1123","1123","","","","","","","","","","","","","","","","","","","","","","","",""
"215039","","","","","","","114.067276","114.067276","114.067276","1118","1118","1118","","","","","","","","","","","","","","","","","",""
"215449","","","","","","","","","","","","","70.21277","70.21277","70.21277","1075","1075","1075","","","","","","","","","","","",""
"215492","","","","","","","","","","","","","","","","","","","","","","","","","401.52905","401.52905","401.52905","750","750","750"
"215608","","","","","","","","","","","","","","","","","","","191.36691","191.36691","191.36691","1068","1068","1068","","","","","",""
"215980","-54.545456","-54.545456","-54.545456","1124","1124","1124","","","","","","","","","","","","","","","","","","","","","","","",""
"216040","","","","","","","283.56165","283.56165","283.56165","1119","1119","1119","","","","","","","","","","","","","","","","","",""
"216450","","","","","","","","","","","","","-38.906754","-38.906754","-38.906754","1076","1076","1076","","","","","","","","","","","",""
"216493","","","","","","","","","","","","","","","","","","","","","","","","","536.9863","536.9863","536.9863","751","751","751"
"216609","","","","","","","","","","","","","","","","","","","147.49164","147.49164","147.49164","1069","1069","1069","","","","","",""
"216981","-22.580645","-22.580645","-22.580645","1125","1125","1125","","","","","","","","","","","","","","","","","","","","","","","",""
"217041","","","","","","","107.54717","107.54717","107.54717","1120","1120","1120","","","","","","","","","","","","","","","","","",""
"217451","","","","","","","","","","","","","7.4918566","7.4918566","7.4918566","1094","1094","1094","","","","","","","","","","","",""
"217494","","","","","","","","","","","","","","","","","","","","","","","","","377.98743","377.98743","377.98743","762","762","762"
"217610","","","","","","","","","","","","","","","","","","","-41.747574","-41.747574","-41.747574","1087","1087","1087","","","","","",""
"217982","-69.87952","-69.87952","-69.87952","1144","1144","1144","","","","","","","","","","","","","","","","","","","","","","","",""
"218042","","","","","","","119.42446","119.42446","119.42446","1139","1139","1139","","","","","","","","","","","","","","","","","",""
"218452","","","","","","","","","","","","","-1.8987342","-1.8987342","-1.8987342","1095","1095","1095","","","","","","","","","","","",""
"218495","","","","","","","","","","","","","","","","","","","","","","","","","626.6187","626.6187","626.6187","763","763","763"
"218611","","","","","","","","","","","","","","","","","","","234.41559","234.41559","234.41559","1088","1088","1088","","","","","",""
"218983","-51.557095","-51.557095","-51.557095","1145","1145","1145","","","","","","","","","","","","","","","","","","","","","","","",""
"219043","","","","","","","87.29097","87.29097","87.29097","1140","1140","1140","","","","","","","","","","","","","","","","","",""
"219453","","","","","","","","","","","","","146.05678","146.05678","146.05678","1096","1096","1096","","","","","","","","","","","",""
"219496","","","","","","","","","","","","","","","","","","","","","","","","","609.0301","609.0301","609.0301","764","764","764"
"219612","","","","","","","","","","","","","","","","","","","116.129036","116.129036","116.129036","1089","1089","1089","","","","","",""
"219984","-18.439716","-18.439716","-18.439716","1146","1146","1146","","","","","","","","","","","","","","","","","","","","","","","",""
"220044","","","","","","","149.19093","149.19093","149.19093","1141","1141","1141","","","","","","","","","","","","","","","","","",""
"220454","","","","","","","","","","","","","-41.17647","-41.17647","-41.17647","1097","1097","1097","","","","","","","","","","","",""
"220497","","","","","","","","","","","","","","","","","","","","","","","","","278.64078","278.64078","278.64078","765","765","765"
"220613","","","","","","","","","","","","","","","","","","","231.3253","231.3253","231.3253","1090","1090","1090","","","","","",""
"220985","-38.906754","-38.906754","-38.906754","1147","1147","1147","","","","","","","","","","","","","","","","","","","","","","","",""
"221045","","","","","","","205.19481","205.19481","205.19481","1142","1142","1142","","","","","","","","","","","","","","","","","",""
"221455","","","","","","","","","","","","","-69.49152","-69.49152","-69.49152","1115","1115","1115","","","","","","","","","","","",""
"221498","","","","","","","","","","","","","","","","","","","","","","","","","812.33765","812.33765","812.33765","776","776","776"
"221614","","","","","","","","","","","","","","","","","","","508.99655","508.99655","508.99655","1108","1108","1108","","","","","",""
"221983","","","","","","","","","","","","","-95.55302","-95.55302","-95.55302","1116","1116","1116","","","","","","","","","","","",""
"221986","-47.882736","-47.882736","-47.882736","1166","1166","1166","","","","","","","","","","","","","","","","","","","","","","","",""
"222046","","","","","","","190.32259","190.32259","190.32259","1161","1161","1161","","","","","","","","","","","","","","","","","",""
"222101","","","","","","","","","","","","","","","","","","","","","","","","","-8.487097","-8.487097","-8.487097","777","777","777"
"222615","","","","","","","","","","","","","","","","","","","-29.078014","-29.078014","-29.078014","1109","1109","1109","","","","","",""
"222984","","","","","","","","","","","","","14.982578","14.982578","14.982578","1117","1117","1117","","","","","","","","","","","",""
"222987","-52.531647","-52.531647","-52.531647","1167","1167","1167","","","","","","","","","","","","","","","","","","","","","","","",""
"223047","","","","","","","204.21687","204.21687","204.21687","1162","1162","1162","","","","","","","","","","","","","","","","","",""
"223102","","","","","","","","","","","","","","","","","","","","","","","","","418.0723","418.0723","418.0723","778","778","778"
"223616","","","","","","","","","","","","","","","","","","","51.1254","51.1254","51.1254","1110","1110","1110","","","","","",""
"223985","","","","","","","","","","","","","-55.555557","-55.555557","-55.555557","1118","1118","1118","","","","","","","","","","","",""
"223988","-81.072556","-81.072556","-81.072556","1168","1168","1168","","","","","","","","","","","","","","","","","","","","","","","",""
"224048","","","","","","","325.60553","325.60553","325.60553","1163","1163","1163","","","","","","","","","","","","","","","","","",""
"224103","","","","","","","","","","","","","","","","","","","","","","","","","598.9619","598.9619","598.9619","779","779","779"
"224617","","","","","","","","","","","","","","","","","","","150.81433","150.81433","150.81433","1111","1111","1111","","","","","",""
"224986","","","","","","","","","","","","","-23.322683","-23.322683","-23.322683","1119","1119","1119","","","","","","","","","","","",""
"224989","-48.096886","-48.096886","-48.096886","1169","1169","1169","","","","","","","","","","","","","","","","","","","","","","","",""
"225049","","","","","","","236.87943","236.87943","236.87943","1164","1164","1164","","","","","","","","","","","","","","","","","",""
"225104","","","","","","","","","","","","","","","","","","","","","","","","","814.8936","814.8936","814.8936","780","780","780"
"225618","","","","","","","","","","","","","","","","","","","222.7848","222.7848","222.7848","1129","1129","1129","","","","","",""
"225987","","","","","","","","","","","","","-39.490444","-39.490444","-39.490444","1137","1137","1137","","","","","","","","","","","",""
"225990","-76.27119","-76.27119","-76.27119","1188","1188","1188","","","","","","","","","","","","","","","","","","","","","","","",""
"226050","","","","","","","170.09647","170.09647","170.09647","1183","1183","1183","","","","","","","","","","","","","","","","","",""
"226105","","","","","","","","","","","","","","","","","","","","","","","","","768.1672","768.1672","768.1672","791","791","791"
"226188","-86.04295","-86.04295","-86.04295","1189","1189","1189","","","","","","","","","","","","","","","","","","","","","","","",""
"226619","","","","","","","","","","","","","","","","","","","-36.908516","-36.908516","-36.908516","1130","1130","1130","","","","","",""
"226988","","","","","","","","","","","","","7.4626865","7.4626865","7.4626865","1138","1138","1138","","","","","","","","","","","",""
"227051","","","","","","","108.469055","108.469055","108.469055","1184","1184","1184","","","","","","","","","","","","","","","","","",""
"227106","","","","","","","","","","","","","","","","","","","","","","","","","483.0619","483.0619","483.0619","792","792","792"
"227189","-40.766552","-40.766552","-40.766552","1190","1190","1190","","","","","","","","","","","","","","","","","","","","","","","",""
"227620","","","","","","","","","","","","","","","","","","","425.95157","425.95157","425.95157","1131","1131","1131","","","","","",""
"227989","","","","","","","","","","","","","-62.61682","-62.61682","-62.61682","1139","1139","1139","","","","","","","","","","","",""
"228052","","","","","","","349.3671","349.3671","349.3671","1185","1185","1185","","","","","","","","","","","","","","","","","",""
"228107","","","","","","","","","","","","","","","","","","","","","","","","","374.68353","374.68353","374.68353","793","793","793"
"228190","-48.148148","-48.148148","-48.148148","1191","1191","1191","","","","","","","","","","","","","","","","","","","","","","","",""
"228621","","","","","","","","","","","","","","","","","","","59.322033","59.322033","59.322033","1132","1132","1132","","","","","",""
"228990","","","","","","","","","","","","","-23.58804","-23.58804","-23.58804","1140","1140","1140","","","","","","","","","","","",""
"229053","","","","","","","79.81072","79.81072","79.81072","1186","1186","1186","","","","","","","","","","","","","","","","","",""
"229108","","","","","","","","","","","","","","","","","","","","","","","","","209.14827","209.14827","209.14827","794","794","794"
"229191","-16.932907","-16.932907","-16.932907","1192","1192","1192","","","","","","","","","","","","","","","","","","","","","","","",""
"229546","","","","","","","","","","","","","","","","","","","-34.58188","-34.58188","-34.58188","1150","1150","1150","","","","","",""
"229849","","","","","","","","","","","","","","","","","","","-18.601742","-18.601742","-18.601742","1151","1151","1151","","","","","",""
"229991","","","","","","","","","","","","","37.931034","37.931034","37.931034","1158","1158","1158","","","","","","","","","","","",""
"230054","","","","","","","93.77163","93.77163","93.77163","1205","1205","1205","","","","","","","","","","","","","","","","","",""
"230109","","","","","","","","","","","","","","","","","","","","","","","","","325.60553","325.60553","325.60553","805","805","805"
"230192","-39.490444","-39.490444","-39.490444","1211","1211","1211","","","","","","","","","","","","","","","","","","","","","","","",""
"230850","","","","","","","","","","","","","","","","","","","370.37036","370.37036","370.37036","1152","1152","1152","","","","","",""
"230992","","","","","","","","","","","","","45.695366","45.695366","45.695366","1159","1159","1159","","","","","","","","","","","",""
"231055","","","","","","","100","100","100","1206","1206","1206","","","","","","","","","","","","","","","","","",""
"231110","","","","","","","","","","","","","","","","","","","","","","","","","872.88135","872.88135","872.88135","806","806","806"
"231193","-40.298508","-40.298508","-40.298508","1212","1212","1212","","","","","","","","","","","","","","","","","","","","","","","",""
"231851","","","","","","","","","","","","","","","","","","","283.3866","283.3866","283.3866","1153","1153","1153","","","","","",""
"231993","","","","","","","","","","","","","-66.666664","-66.666664","-66.666664","1160","1160","1160","","","","","","","","","","","",""
"232056","","","","","","","292.61746","292.61746","292.61746","1207","1207","1207","","","","","","","","","","","","","","","","","",""
"232111","","","","","","","","","","","","","","","","","","","","","","","","","863.0872","863.0872","863.0872","807","807","807"
"232194","-59.501556","-59.501556","-59.501556","1213","1213","1213","","","","","","","","","","","","","","","","","","","","","","","",""
"232852","","","","","","","","","","","","","","","","","","","148.40764","148.40764","148.40764","1154","1154","1154","","","","","",""
"232994","","","","","","","","","","","","","-16.38796","-16.38796","-16.38796","1161","1161","1161","","","","","","","","","","","",""
"233057","","","","","","","272.8223","272.8223","272.8223","1208","1208","1208","","","","","","","","","","","","","","","","","",""
"233112","","","","","","","","","","","","","","","","","","","","","","","","","795.4704","795.4704","795.4704","808","808","808"
"233195","-80.066444","-80.066444","-80.066444","1214","1214","1214","","","","","","","","","","","","","","","","","","","","","","","",""
"233853","","","","","","","","","","","","","","","","","","","156.71642","156.71642","156.71642","1172","1172","1172","","","","","",""
"233995","","","","","","","","","","","","","-34.615383","-34.615383","-34.615383","1179","1179","1179","","","","","","","","","","","",""
"234058","","","","","","","500","500","500","1227","1227","1227","","","","","","","","","","","","","","","","","",""
"234113","","","","","","","","","","","","","","","","","","","","","","","","","862.96295","862.96295","862.96295","819","819","819"
"234196","-8.045977","-8.045977","-8.045977","1233","1233","1233","","","","","","","","","","","","","","","","","","","","","","","",""
"234854","","","","","","","","","","","","","","","","","","","373.52026","373.52026","373.52026","1173","1173","1173","","","","","",""
"234996","","","","","","","","","","","","","-28.571428","-28.571428","-28.571428","1180","1180","1180","","","","","","","","","","","",""
"235059","","","","","","","216.29393","216.29393","216.29393","1228","1228","1228","","","","","","","","","","","","","","","","","",""
"235114","","","","","","","","","","","","","","","","","","","","","","","","","37.38019","37.38019","37.38019","820","820","820"
"235197","25.827814","25.827814","25.827814","1234","1234","1234","","","","","","","","","","","","","","","","","","","","","","","",""
"235855","","","","","","","","","","","","","","","","","","","305.3156","305.3156","305.3156","1174","1174","1174","","","","","",""
"235997","","","","","","","","","","","","","72.93233","72.93233","72.93233","1181","1181","1181","","","","","","","","","","","",""
"236060","","","","","","","97.45223","97.45223","97.45223","1229","1229","1229","","","","","","","","","","","","","","","","","",""
"236115","","","","","","","","","","","","","","","","","","","","","","","","","259.87262","259.87262","259.87262","821","821","821"
"236198","-29.62963","-29.62963","-29.62963","1235","1235","1235","","","","","","","","","","","","","","","","","","","","","","","",""
"236856","","","","","","","","","","","","","","","","","","","149.04214","149.04214","149.04214","1175","1175","1175","","","","","",""
"236998","","","","","","","","","","","","","201.20482","201.20482","201.20482","1182","1182","1182","","","","","","","","","","","",""
"237061","","","","","","","186.56717","186.56717","186.56717","1230","1230","1230","","","","","","","","","","","","","","","","","",""
"237116","","","","","","","","","","","","","","","","","","","","","","","","","562.6866","562.6866","562.6866","822","822","822"
"237199","-39.79933","-39.79933","-39.79933","1236","1236","1236","","","","","","","","","","","","","","","","","","","","","","","",""
"237810","-137.82307","-137.82307","-137.82307","1255","1255","1255","","","","","","","","","","","","","","","","","","","","","","","",""
"237857","","","","","","","","","","","","","","","","","","","88.74172","88.74172","88.74172","1193","1193","1193","","","","","",""
"237999","","","","","","","","","","","","","-6.626506","-6.626506","-6.626506","1200","1200","1200","","","","","","","","","","","",""
"238062","","","","","","","189.71962","189.71962","189.71962","1249","1249","1249","","","","","","","","","","","","","","","","","",""
"238117","","","","","","","","","","","","","","","","","","","","","","","","","314.33023","314.33023","314.33023","833","833","833"
"238811","-54.88722","-54.88722","-54.88722","1256","1256","1256","","","","","","","","","","","","","","","","","","","","","","","",""
"238858","","","","","","","","","","","","","","","","","","","533.3333","533.3333","533.3333","1194","1194","1194","","","","","",""
"239000","","","","","","","","","","","","","-28.327644","-28.327644","-28.327644","1201","1201","1201","","","","","","","","","","","",""
"239063","","","","","","","162.45847","162.45847","162.45847","1250","1250","1250","","","","","","","","","","","","","","","","","",""
"239118","","","","","","","","","","","","","","","","","","","","","","","","","305.3156","305.3156","305.3156","834","834","834"
"239812","-43.609024","-43.609024","-43.609024","1257","1257","1257","","","","","","","","","","","","","","","","","","","","","","","",""
"239859","","","","","","","","","","","","","","","","","","","328.09366","328.09366","328.09366","1195","1195","1195","","","","","",""
"240001","","","","","","","","","","","","","91.23506","91.23506","91.23506","1202","1202","1202","","","","","","","","","","","",""
"240064","","","","","","","210.34483","210.34483","210.34483","1251","1251","1251","","","","","","","","","","","","","","","","","",""
"240119","","","","","","","","","","","","","","","","","","","","","","","","","823.37164","823.37164","823.37164","835","835","835"
"240813","-3.6144578","-3.6144578","-3.6144578","1258","1258","1258","","","","","","","","","","","","","","","","","","","","","","","",""
"240860","","","","","","","","","","","","","","","","","","","200","200","200","1196","1196","1196","","","","","",""
"241002","","","","","","","","","","","","","-44.262295","-44.262295","-44.262295","1203","1203","1203","","","","","","","","","","","",""
"241065","","","","","","","174.83444","174.83444","174.83444","1252","1252","1252","","","","","","","","","","","","","","","","","",""
"241120","","","","","","","","","","","","","","","","","","","","","","","","","277.48343","277.48343","277.48343","836","836","836"
"241814","23.493977","23.493977","23.493977","1277","1277","1277","","","","","","","","","","","","","","","","","","","","","","","",""
"241834","","","","","","","","","","","","","","","","","","","35.882706","35.882706","35.882706","1214","1214","1214","","","","","",""
"242003","","","","","","","","","","","","","-51.76849","-51.76849","-51.76849","1221","1221","1221","","","","","","","","","","","",""
"242066","","","","","","","174.07408","174.07408","174.07408","1271","1271","1271","","","","","","","","","","","","","","","","","",""
"242121","","","","","","","","","","","","","","","","","","","","","","","","","251.85185","251.85185","251.85185","847","847","847"
"242815","26.279863","26.279863","26.279863","1278","1278","1278","","","","","","","","","","","","","","","","","","","","","","","",""
"242835","","","","","","","","","","","","","","","","","","","456.391","456.391","456.391","1215","1215","1215","","","","","",""
"243004","","","","","","","","","","","","","48.148148","48.148148","48.148148","1222","1222","1222","","","","","","","","","","","",""
"243067","","","","","","","311.37125","311.37125","311.37125","1272","1272","1272","","","","","","","","","","","","","","","","","",""
"243122","","","","","","","","","","","","","","","","","","","","","","","","","398.32776","398.32776","398.32776","848","848","848"
"243800","-174.39561","-174.39561","-174.39561","1279","1279","1279","","","","","","","","","","","","","","","","","","","","","","","",""
"243836","","","","","","","","","","","","","","","","","","","486.34537","486.34537","486.34537","1216","1216","1216","","","","","",""
"244005","","","","","","","","","","","","","-3.5369775","-3.5369775","-3.5369775","1223","1223","1223","","","","","","","","","","","",""
"244068","","","","","","","476.92307","476.92307","476.92307","1273","1273","1273","","","","","","","","","","","","","","","","","",""
"244123","","","","","","","","","","","","","","","","","","","","","","","","","450","450","450","849","849","849"
"244801","-60.65574","-60.65574","-60.65574","1280","1280","1280","","","","","","","","","","","","","","","","","","","","","","","",""
"244837","","","","","","","","","","","","","","","","","","","128.91566","128.91566","128.91566","1217","1217","1217","","","","","",""
"245006","","","","","","","","","","","","","-36.746986","-36.746986","-36.746986","1224","1224","1224","","","","","","","","","","","",""
"245069","","","","","","","133.0827","133.0827","133.0827","1274","1274","1274","","","","","","","","","","","","","","","","","",""
"245124","","","","","","","","","","","","","","","","","","","","","","","","","610.5263","610.5263","610.5263","850","850","850"
"245216","-105.93022","-105.93022","-105.93022","1281","1281","1281","","","","","","","","","","","","","","","","","","","","","","","",""
"245838","","","","","","","","","","","","","","","","","","","155.9727","155.9727","155.9727","1235","1235","1235","","","","","",""
"246007","","","","","","","","","","","","","-4.43686","-4.43686","-4.43686","1242","1242","1242","","","","","","","","","","","",""
"246070","","","","","","","509.02255","509.02255","509.02255","1293","1293","1293","","","","","","","","","","","","","","","","","",""
"246125","","","","","","","","","","","","","","","","","","","","","","","","","809.7744","809.7744","809.7744","861","861","861"
"246217","44.781143","44.781143","44.781143","1300","1300","1300","","","","","","","","","","","","","","","","","","","","","","","",""
"246839","","","","","","","","","","","","","","","","","","","597.2112","597.2112","597.2112","1236","1236","1236","","","","","",""
"247008","","","","","","","","","","","","","32.013203","32.013203","32.013203","1243","1243","1243","","","","","","","","","","","",""
"247071","","","","","","","309.63855","309.63855","309.63855","1294","1294","1294","","","","","","","","","","","","","","","","","",""
"247126","","","","","","","","","","","","","","","","","","","","","","","","","863.8554","863.8554","863.8554","862","862","862"
"247218","-54.98392","-54.98392","-54.98392","1301","1301","1301","","","","","","","","","","","","","","","","","","","","","","","",""
"247840","","","","","","","","","","","","","","","","","","","172.13115","172.13115","172.13115","1237","1237","1237","","","","","",""
"248009","","","","","","","","","","","","","-14.383562","-14.383562","-14.383562","1244","1244","1244","","","","","","","","","","","",""
"248072","","","","","","","65.66265","65.66265","65.66265","1295","1295","1295","","","","","","","","","","","","","","","","","",""
"248127","","","","","","","","","","","","","","","","","","","","","","","","","430.12048","430.12048","430.12048","863","863","863"
"248219","-75.90362","-75.90362","-75.90362","1302","1302","1302","","","","","","","","","","","","","","","","","","","","","","","",""
"248841","","","","","","","","","","","","","","","","","","","350.16077","350.16077","350.16077","1238","1238","1238","","","","","",""
"249010","","","","","","","","","","","","","36.07595","36.07595","36.07595","1245","1245","1245","","","","","","","","","","","",""
"249073","","","","","","","84.30034","84.30034","84.30034","1296","1296","1296","","","","","","","","","","","","","","","","","",""
"249128","","","","","","","","","","","","","","","","","","","","","","","","","691.8089","691.8089","691.8089","864","864","864"
"249220","-48.80546","-48.80546","-48.80546","1303","1303","1303","","","","","","","","","","","","","","","","","","","","","","","",""
"249842","","","","","","","","","","","","","","","","","","","337.71045","337.71045","337.71045","1239","1239","1239","","","","","",""
"250011","","","","","","","","","","","","","8.77193","8.77193","8.77193","1263","1263","1263","","","","","","","","","","","",""
"250074","","","","","","","226.69322","226.69322","226.69322","1315","1315","1315","","","","","","","","","","","","","","","","","",""
"250129","","","","","","","","","","","","","","","","","","","","","","","","","505.5777","505.5777","505.5777","875","875","875"
"250203","","","","","","","","","","","","","","","","","","","-10.498071","-10.498071","-10.498071","1257","1257","1257","","","","","",""
"250221","-73.59736","-73.59736","-73.59736","1322","1322","1322","","","","","","","","","","","","","","","","","","","","","","","",""
"250415","-71.25479","-71.25479","-71.25479","1323","1323","1323","","","","","","","","","","","","","","","","","","","","","","","",""
"251012","","","","","","","","","","","","","138.75432","138.75432","138.75432","1264","1264","1264","","","","","","","","","","","",""
"251075","","","","","","","86.88525","86.88525","86.88525","1316","1316","1316","","","","","","","","","","","","","","","","","",""
"251130","","","","","","","","","","","","","","","","","","","","","","","","","857.3771","857.3771","857.3771","876","876","876"
"251204","","","","","","","","","","","","","","","","","","","556.6265","556.6265","556.6265","1258","1258","1258","","","","","",""
"251416","-77.8481","-77.8481","-77.8481","1324","1324","1324","","","","","","","","","","","","","","","","","","","","","","","",""
"252013","","","","","","","","","","","","","80.27211","80.27211","80.27211","1265","1265","1265","","","","","","","","","","","",""
"252076","","","","","","","375.88425","375.88425","375.88425","1317","1317","1317","","","","","","","","","","","","","","","","","",""
"252131","","","","","","","","","","","","","","","","","","","","","","","","","337.29904","337.29904","337.29904","877","877","877"
"252205","","","","","","","","","","","","","","","","","","","538.2253","538.2253","538.2253","1259","1259","1259","","","","","",""
"252417","-43.85965","-43.85965","-43.85965","1325","1325","1325","","","","","","","","","","","","","","","","","","","","","","","",""
"252724","","","","","","","","","","","","","","","","","","","-42.78911","-42.78911","-42.78911","1260","1260","1260","","","","","",""
"252790","","","","","","","","","","","","","","","","","","","","","","","","","2.6501684","2.6501684","2.6501684","878","878","878"
"253014","","","","","","","","","","","","","73.46939","73.46939","73.46939","1266","1266","1266","","","","","","","","","","","",""
"253077","","","","","","","172.72728","172.72728","172.72728","1318","1318","1318","","","","","","","","","","","","","","","","","",""
"253356","","","","","","","","","","","","","","","","","","","-12.315068","-12.315068","-12.315068","1261","1261","1261","","","","","",""
"253418","-51.557095","-51.557095","-51.557095","1326","1326","1326","","","","","","","","","","","","","","","","","","","","","","","",""
"253650","-85.58504","-85.58504","-85.58504","1327","1327","1327","","","","","","","","","","","","","","","","","","","","","","","",""
"253791","","","","","","","","","","","","","","","","","","","","","","","","","35.048233","35.048233","35.048233","879","879","879"
"254015","","","","","","","","","","","","","-40.59406","-40.59406","-40.59406","1284","1284","1284","","","","","","","","","","","",""
"254078","","","","","","","173.31189","173.31189","173.31189","1337","1337","1337","","","","","","","","","","","","","","","","","",""
"254357","","","","","","","","","","","","","","","","","","","384.17722","384.17722","384.17722","1279","1279","1279","","","","","",""
"254651","-45.57823","-45.57823","-45.57823","1346","1346","1346","","","","","","","","","","","","","","","","","","","","","","","",""
"254792","","","","","","","","","","","","","","","","","","","","","","","","","665.06024","665.06024","665.06024","890","890","890"
"255016","","","","","","","","","","","","","57.894737","57.894737","57.894737","1285","1285","1285","","","","","","","","","","","",""
"255079","","","","","","","159.03615","159.03615","159.03615","1338","1338","1338","","","","","","","","","","","","","","","","","",""
"255247","","","","","","","","","","","","","","","","","","","235.7614","235.7614","235.7614","1280","1280","1280","","","","","",""
"255652","-80.19802","-80.19802","-80.19802","1347","1347","1347","","","","","","","","","","","","","","","","","","","","","","","",""
"255793","","","","","","","","","","","","","","","","","","","","","","","","","169.62457","169.62457","169.62457","891","891","891"
"256017","","","","","","","","","","","","","-1.5873016","-1.5873016","-1.5873016","1286","1286","1286","","","","","","","","","","","",""
"256080","","","","","","","108.191124","108.191124","108.191124","1339","1339","1339","","","","","","","","","","","","","","","","","",""
"256248","","","","","","","","","","","","","","","","","","","225.25952","225.25952","225.25952","1281","1281","1281","","","","","",""
"256653","-61.403507","-61.403507","-61.403507","1348","1348","1348","","","","","","","","","","","","","","","","","","","","","","","",""
"256794","","","","","","","","","","","","","","","","","","","","","","","","","315.84158","315.84158","315.84158","892","892","892"
"257018","","","","","","","","","","","","","126.80412","126.80412","126.80412","1287","1287","1287","","","","","","","","","","","",""
"257081","","","","","","","424.75247","424.75247","424.75247","1340","1340","1340","","","","","","","","","","","","","","","","","",""
"257249","","","","","","","","","","","","","","","","","","","382.9932","382.9932","382.9932","1282","1282","1282","","","","","",""
"257654","-80.95238","-80.95238","-80.95238","1349","1349","1349","","","","","","","","","","","","","","","","","","","","","","","",""
"257795","","","","","","","","","","","","","","","","","","","","","","","","","886.3014","886.3014","886.3014","893","893","893"
"258019","","","","","","","","","","","","","100","100","100","1288","1288","1288","","","","","","","","","","","",""
"258082","","","","","","","221.9178","221.9178","221.9178","1359","1359","1359","","","","","","","","","","","","","","","","","",""
"258250","","","","","","","","","","","","","","","","","","","536.05444","536.05444","536.05444","1300","1300","1300","","","","","",""
"258655","-48.45361","-48.45361","-48.45361","1368","1368","1368","","","","","","","","","","","","","","","","","","","","","","","",""
"258796","","","","","","","","","","","","","","","","","","","","","","","","","112.025314","112.025314","112.025314","904","904","904"
"258898","-94.591805","-94.591805","-94.591805","1369","1369","1369","","","","","","","","","","","","","","","","","","","","","","","",""
"259020","","","","","","","","","","","","","20.915033","20.915033","20.915033","1306","1306","1306","","","","","","","","","","","",""
"259083","","","","","","","143.67088","143.67088","143.67088","1360","1360","1360","","","","","","","","","","","","","","","","","",""
"259251","","","","","","","","","","","","","","","","","","","322.44223","322.44223","322.44223","1301","1301","1301","","","","","",""
"259797","","","","","","","","","","","","","","","","","","","","","","","","","440.3509","440.3509","440.3509","905","905","905"
"259899","-83.66013","-83.66013","-83.66013","1370","1370","1370","","","","","","","","","","","","","","","","","","","","","","","",""
"260021","","","","","","","","","","","","","54.639175","54.639175","54.639175","1307","1307","1307","","","","","","","","","","","",""
"260084","","","","","","","352.6316","352.6316","352.6316","1361","1361","1361","","","","","","","","","","","","","","","","","",""
"260238","","","","","","","","","","","","","","","","","","","141.85088","141.85088","141.85088","1302","1302","1302","","","","","",""
"260798","","","","","","","","","","","","","","","","","","","","","","","","","529.7578","529.7578","529.7578","906","906","906"
"260900","-17.525774","-17.525774","-17.525774","1371","1371","1371","","","","","","","","","","","","","","","","","","","","","","","",""
"261022","","","","","","","","","","","","","23.893805","23.893805","23.893805","1308","1308","1308","","","","","","","","","","","",""
"261085","","","","","","","280.62283","280.62283","280.62283","1362","1362","1362","","","","","","","","","","","","","","","","","",""
"261239","","","","","","","","","","","","","","","","","","","312.69843","312.69843","312.69843","1303","1303","1303","","","","","",""
"261799","","","","","","","","","","","","","","","","","","","","","","","","","780.9524","780.9524","780.9524","907","907","907"
"261901","-29.203539","-29.203539","-29.203539","1372","1372","1372","","","","","","","","","","","","","","","","","","","","","","","",""
"262023","","","","","","","","","","","","","93.43066","93.43066","93.43066","1309","1309","1309","","","","","","","","","","","",""
"262086","","","","","","","314.96597","314.96597","314.96597","1363","1363","1363","","","","","","","","","","","","","","","","","",""
"262240","","","","","","","","","","","","","","","","","","","308.93472","308.93472","308.93472","1321","1321","1321","","","","","",""
"262800","","","","","","","","","","","","","","","","","","","","","","","","","570.06805","570.06805","570.06805","918","918","918"
"262902","-74.45255","-74.45255","-74.45255","1391","1391","1391","","","","","","","","","","","","","","","","","","","","","","","",""
"263024","","","","","","","","","","","","","24.579124","24.579124","24.579124","1327","1327","1327","","","","","","","","","","","",""
"263087","","","","","","","121.08843","121.08843","121.08843","1382","1382","1382","","","","","","","","","","","","","","","","","",""
"263241","","","","","","","","","","","","","","","","","","","4.9180326","4.9180326","4.9180326","1322","1322","1322","","","","","",""
"263801","","","","","","","","","","","","","","","","","","","","","","","","","167.32674","167.32674","167.32674","919","919","919"
"263903","-59.59596","-59.59596","-59.59596","1392","1392","1392","","","","","","","","","","","","","","","","","","","","","","","",""
"264025","","","","","","","","","","","","","74.3421","74.3421","74.3421","1328","1328","1328","","","","","","","","","","","",""
"264088","","","","","","","51.81518","51.81518","51.81518","1383","1383","1383","","","","","","","","","","","","","","","","","",""
"264242","","","","","","","","","","","","","","","","","","","357.51633","357.51633","357.51633","1323","1323","1323","","","","","",""
"264802","","","","","","","","","","","","","","","","","","","","","","","","","419.29825","419.29825","419.29825","920","920","920"
"264904","-1.3157895","-1.3157895","-1.3157895","1393","1393","1393","","","","","","","","","","","","","","","","","","","","","","","",""
"265026","","","","","","","","","","","","","-40.350876","-40.350876","-40.350876","1329","1329","1329","","","","","","","","","","","",""
"265089","","","","","","","219.29825","219.29825","219.29825","1384","1384","1384","","","","","","","","","","","","","","","","","",""
"265118","-54.533333","-54.533333","-54.533333","1394","1394","1394","","","","","","","","","","","","","","","","","","","","","","","",""
"265243","","","","","","","","","","","","","","","","","","","601.03094","601.03094","601.03094","1324","1324","1324","","","","","",""
"265803","","","","","","","","","","","","","","","","","","","","","","","","","280.9524","280.9524","280.9524","921","921","921"
"266027","","","","","","","","","","","","","-31.50685","-31.50685","-31.50685","1330","1330","1330","","","","","","","","","","","",""
"266082","","","","","","","","","","","","","","","","","","","84.73658","84.73658","84.73658","1325","1325","1325","","","","","",""
"266090","","","","","","","236.50793","236.50793","236.50793","1385","1385","1385","","","","","","","","","","","","","","","","","",""
"266119","-76.0274","-76.0274","-76.0274","1395","1395","1395","","","","","","","","","","","","","","","","","","","","","","","",""
"266804","","","","","","","","","","","","","","","","","","","","","","","","","240.20619","240.20619","240.20619","932","932","932"
"267028","","","","","","","","","","","","","-34.256054","-34.256054","-34.256054","1348","1348","1348","","","","","","","","","","","",""
"267083","","","","","","","","","","","","","","","","","","","89.78102","89.78102","89.78102","1343","1343","1343","","","","","",""
"267091","","","","","","","68.38488","68.38488","68.38488","1404","1404","1404","","","","","","","","","","","","","","","","","",""
"267120","-79.238754","-79.238754","-79.238754","1414","1414","1414","","","","","","","","","","","","","","","","","","","","","","","",""
"267805","","","","","","","","","","","","","","","","","","","","","","","","","824.59015","824.59015","824.59015","933","933","933"
"268029","","","","","","","","","","","","","83.67347","83.67347","83.67347","1349","1349","1349","","","","","","","","","","","",""
"268084","","","","","","","","","","","","","","","","","","","287.20538","287.20538","287.20538","1344","1344","1344","","","","","",""
"268092","","","","","","","486.88525","486.88525","486.88525","1405","1405","1405","","","","","","","","","","","","","","","","","",""
"268121","-82.993195","-82.993195","-82.993195","1415","1415","1415","","","","","","","","","","","","","","","","","","","","","","","",""
"268806","","","","","","","","","","","","","","","","","","","","","","","","","576.4706","576.4706","576.4706","934","934","934"
"269030","","","","","","","","","","","","","-80.891716","-80.891716","-80.891716","1350","1350","1350","","","","","","","","","","","",""
"269085","","","","","","","","","","","","","","","","","","","311.1842","311.1842","311.1842","1345","1345","1345","","","","","",""
"269093","","","","","","","236.6013","236.6013","236.6013","1406","1406","1406","","","","","","","","","","","","","","","","","",""
"269122","-77.70701","-77.70701","-77.70701","1416","1416","1416","","","","","","","","","","","","","","","","","","","","","","","",""
"269807","","","","","","","","","","","","","","","","","","","","","","","","","82.130585","82.130585","82.130585","935","935","935"
"270031","","","","","","","","","","","","","120.44728","120.44728","120.44728","1351","1351","1351","","","","","","","","","","","",""
"270086","","","","","","","","","","","","","","","","","","","163.1579","163.1579","163.1579","1346","1346","1346","","","","","",""
"270094","","","","","","","119.931274","119.931274","119.931274","1407","1407","1407","","","","","","","","","","","","","","","","","",""
"270123","-80.83067","-80.83067","-80.83067","1417","1417","1417","","","","","","","","","","","","","","","","","","","","","","","",""
"270808","","","","","","","","","","","","","","","","","","","","","","","","","189.08554","189.08554","189.08554","946","946","946"
"271032","","","","","","","","","","","","","58.682636","58.682636","58.682636","1369","1369","1369","","","","","","","","","","","",""
"271087","","","","","","","","","","","","","","","","","","","139.72603","139.72603","139.72603","1364","1364","1364","","","","","",""
"271095","","","","","","","194.98524","194.98524","194.98524","1426","1426","1426","","","","","","","","","","","","","","","","","",""
"271124","-79.041916","-79.041916","-79.041916","1436","1436","1436","","","","","","","","","","","","","","","","","","","","","","","",""
"271809","","","","","","","","","","","","","","","","","","","","","","","","","881.75183","881.75183","881.75183","947","947","947"
"272033","","","","","","","","","","","","","197.65886","197.65886","197.65886","1370","1370","1370","","","","","","","","","","","",""
"272088","","","","","","","","","","","","","","","","","","","263.3218","263.3218","263.3218","1365","1365","1365","","","","","",""
"272096","","","","","","","538.68616","538.68616","538.68616","1427","1427","1427","","","","","","","","","","","","","","","","","",""
"272125","-59.866222","-59.866222","-59.866222","1437","1437","1437","","","","","","","","","","","","","","","","","","","","","","","",""
"272810","","","","","","","","","","","","","","","","","","","","","","","","","391.5825","391.5825","391.5825","948","948","948"
"273034","","","","","","","","","","","","","68","68","68","1371","1371","1371","","","","","","","","","","","",""
"273089","","","","","","","","","","","","","","","","","","","410.20407","410.20407","410.20407","1366","1366","1366","","","","","",""
"273097","","","","","","","603.7037","603.7037","603.7037","1428","1428","1428","","","","","","","","","","","","","","","","","",""
"273126","-72","-72","-72","1438","1438","1438","","","","","","","","","","","","","","","","","","","","","","","",""
"273811","","","","","","","","","","","","","","","","","","","","","","","","","353.94736","353.94736","353.94736","949","949","949"
"274035","","","","","","","","","","","","","255.31136","255.31136","255.31136","1372","1372","1372","","","","","","","","","","","",""
"274090","","","","","","","","","","","","","","","","","","","361.78345","361.78345","361.78345","1367","1367","1367","","","","","",""
"274098","","","","","","","242.10527","242.10527","242.10527","1429","1429","1429","","","","","","","","","","","","","","","","","",""
"274127","-52.38095","-52.38095","-52.38095","1439","1439","1439","","","","","","","","","","","","","","","","","","","","","","","",""
"274738","","","","","","","","","","","","","","","","","","","","","","","","","907.4","907.4","907.4","960","960","960"
"275036","","","","","","","","","","","","","-54.098362","-54.098362","-54.098362","1390","1390","1390","","","","","","","","","","","",""
"275091","","","","","","","","","","","","","","","","","","","133.22684","133.22684","133.22684","1385","1385","1385","","","","","",""
"275099","","","","","","","328.0702","328.0702","328.0702","1448","1448","1448","","","","","","","","","","","","","","","","","",""
"275128","-67.21311","-67.21311","-67.21311","1458","1458","1458","","","","","","","","","","","","","","","","","","","","","","","",""
"275739","","","","","","","","","","","","","","","","","","","","","","","","","742.46576","742.46576","742.46576","961","961","961"
"276037","","","","","","","","","","","","","37.724552","37.724552","37.724552","1391","1391","1391","","","","","","","","","","","",""
"276092","","","","","","","","","","","","","","","","","","","301.1976","301.1976","301.1976","1386","1386","1386","","","","","",""
"276100","","","","","","","560.9589","560.9589","560.9589","1449","1449","1449","","","","","","","","","","","","","","","","","",""
"276129","-7.185629","-7.185629","-7.185629","1459","1459","1459","","","","","","","","","","","","","","","","","","","","","","","",""
"276740","","","","","","","","","","","","","","","","","","","","","","","","","311.7647","311.7647","311.7647","962","962","962"
"277038","","","","","","","","","","","","","-73.78277","-73.78277","-73.78277","1392","1392","1392","","","","","","","","","","","",""
"277093","","","","","","","","","","","","","","","","","","","-16.38796","-16.38796","-16.38796","1387","1387","1387","","","","","",""
"277101","","","","","","","394.8097","394.8097","394.8097","1450","1450","1450","","","","","","","","","","","","","","","","","",""
"277130","-51.31086","-51.31086","-51.31086","1460","1460","1460","","","","","","","","","","","","","","","","","","","","","","","",""
"277741","","","","","","","","","","","","","","","","","","","","","","","","","406.80273","406.80273","406.80273","963","963","963"
"278039","","","","","","","","","","","","","-40.074905","-40.074905","-40.074905","1393","1393","1393","","","","","","","","","","","",""
"278094","","","","","","","","","","","","","","","","","","","36","36","36","1388","1388","1388","","","","","",""
"278102","","","","","","","263.9456","263.9456","263.9456","1451","1451","1451","","","","","","","","","","","","","","","","","",""
"278131","27.340824","27.340824","27.340824","1461","1461","1461","","","","","","","","","","","","","","","","","","","","","","","",""
"278742","","","","","","","","","","","","","","","","","","","","","","","","","412.73886","412.73886","412.73886","974","974","974"
"279040","","","","","","","","","","","","","54.10959","54.10959","54.10959","1411","1411","1411","","","","","","","","","","","",""
"279095","","","","","","","","","","","","","","","","","","","541.02563","541.02563","541.02563","1406","1406","1406","","","","","",""
"279103","","","","","","","294.90445","294.90445","294.90445","1470","1470","1470","","","","","","","","","","","","","","","","","",""
"279132","-14.383562","-14.383562","-14.383562","1480","1480","1480","","","","","","","","","","","","","","","","","","","","","","","",""
"279444","","","","","","","","","","","","","","","","","","","-0.27377048","-0.27377048","-0.27377048","1407","1407","1407","","","","","",""
"279743","","","","","","","","","","","","","","","","","","","","","","","","","880.8307","880.8307","880.8307","975","975","975"
"280041","","","","","","","","","","","","","-62.382446","-62.382446","-62.382446","1412","1412","1412","","","","","","","","","","","",""
"280104","","","","","","","248.24281","248.24281","248.24281","1471","1471","1471","","","","","","","","","","","","","","","","","",""
"280133","-71.786835","-71.786835","-71.786835","1481","1481","1481","","","","","","","","","","","","","","","","","","","","","","","",""
"280445","","","","","","","","","","","","","","","","","","","253.29341","253.29341","253.29341","1408","1408","1408","","","","","",""
"280744","","","","","","","","","","","","","","","","","","","","","","","","","651.497","651.497","651.497","976","976","976"
"281042","","","","","","","","","","","","","111.40939","111.40939","111.40939","1413","1413","1413","","","","","","","","","","","",""
"281105","","","","","","","184.43114","184.43114","184.43114","1472","1472","1472","","","","","","","","","","","","","","","","","",""
"281134","-32.885906","-32.885906","-32.885906","1482","1482","1482","","","","","","","","","","","","","","","","","","","","","","","",""
"281446","","","","","","","","","","","","","","","","","","","701.4981","701.4981","701.4981","1409","1409","1409","","","","","",""
"281745","","","","","","","","","","","","","","","","","","","","","","","","","435.11707","435.11707","435.11707","977","977","977"
"282043","","","","","","","","","","","","","246.15384","246.15384","246.15384","1414","1414","1414","","","","","","","","","","","",""
"282106","","","","","","","451.83948","451.83948","451.83948","1473","1473","1473","","","","","","","","","","","","","","","","","",""
"282135","-73.07692","-73.07692","-73.07692","1483","1483","1483","","","","","","","","","","","","","","","","","","","","","","","",""
"282447","","","","","","","","","","","","","","","","","","","551.68536","551.68536","551.68536","1410","1410","1410","","","","","",""
"282746","","","","","","","","","","","","","","","","","","","","","","","","","852","852","852","988","988","988"
"283044","","","","","","","","","","","","","70.731705","70.731705","70.731705","1432","1432","1432","","","","","","","","","","","",""
"283107","","","","","","","304","304","304","1492","1492","1492","","","","","","","","","","","","","","","","","",""
"283136","-72.560974","-72.560974","-72.560974","1502","1502","1502","","","","","","","","","","","","","","","","","","","","","","","",""
"283448","","","","","","","","","","","","","","","","","","","249.31506","249.31506","249.31506","1428","1428","1428","","","","","",""
"283530","-98.75883","-98.75883","-98.75883","1503","1503","1503","","","","","","","","","","","","","","","","","","","","","","","",""
"283747","","","","","","","","","","","","","","","","","","","","","","","","","863.36993","863.36993","863.36993","989","989","989"
"284045","","","","","","","","","","","","","289.70587","289.70587","289.70587","1433","1433","1433","","","","","","","","","","","",""
"284108","","","","","","","324.90842","324.90842","324.90842","1493","1493","1493","","","","","","","","","","","","","","","","","",""
"284449","","","","","","","","","","","","","","","","","","","150.7837","150.7837","150.7837","1429","1429","1429","","","","","",""
"284531","-68.35443","-68.35443","-68.35443","1504","1504","1504","","","","","","","","","","","","","","","","","","","","","","","",""
"284748","","","","","","","","","","","","","","","","","","","","","","","","","414.7541","414.7541","414.7541","990","990","990"
"285046","","","","","","","","","","","","","108.860756","108.860756","108.860756","1434","1434","1434","","","","","","","","","","","",""
"285109","","","","","","","398.36066","398.36066","398.36066","1494","1494","1494","","","","","","","","","","","","","","","","","",""
"285119","","","","","","","","","","","","","","","","","","","","","","","","","36.752693","36.752693","36.752693","991","991","991"
"285450","","","","","","","","","","","","","","","","","","","285.90604","285.90604","285.90604","1430","1430","1430","","","","","",""
"285532","49.305557","49.305557","49.305557","1505","1505","1505","","","","","","","","","","","","","","","","","","","","","","","",""
"285748","","","","","","","","","","","","","","","","","","","39.630768","39.630768","39.630768","1431","1431","1431","","","","","",""
"286047","","","","","","","","","","","","","77.083336","77.083336","77.083336","1435","1435","1435","","","","","","","","","","","",""
"286110","","","","","","","382.03592","382.03592","382.03592","1495","1495","1495","","","","","","","","","","","","","","","","","",""
"286120","","","","","","","","","","","","","","","","","","","","","","","","","682.77155","682.77155","682.77155","992","992","992"
"286522","","","","","","","","","","","","","","","","","","","57.5561","57.5561","57.5561","1432","1432","1432","","","","","",""
"286533","-21.501707","-21.501707","-21.501707","1506","1506","1506","","","","","","","","","","","","","","","","","","","","","","","",""
"287048","","","","","","","","","","","","","-4.43686","-4.43686","-4.43686","1453","1453","1453","","","","","","","","","","","",""
"287111","","","","","","","274.53183","274.53183","274.53183","1514","1514","1514","","","","","","","","","","","","","","","","","",""
"287121","","","","","","","","","","","","","","","","","","","","","","","","","368.1648","368.1648","368.1648","1003","1003","1003"
"287449","","","","","","","","","","","","","","","","","","","83.23529","83.23529","83.23529","1450","1450","1450","","","","","",""
"287534","-64.15771","-64.15771","-64.15771","1525","1525","1525","","","","","","","","","","","","","","","","","","","","","","","",""
"287606","","","","","","","-25.704494","-25.704494","-25.704494","1515","1515","1515","","","","","","","","","","","","","","","","","",""
"288049","","","","","","","","","","","","","-10.394265","-10.394265","-10.394265","1454","1454","1454","","","","","","","","","","","",""
"288122","","","","","","","","","","","","","","","","","","","","","","","","","465.06848","465.06848","465.06848","1004","1004","1004"
"288450","","","","","","","","","","","","","","","","","","","241.77216","241.77216","241.77216","1451","1451","1451","","","","","",""
"288535","-75.86207","-75.86207","-75.86207","1526","1526","1526","","","","","","","","","","","","","","","","","","","","","","","",""
"288607","","","","","","","612.3288","612.3288","612.3288","1516","1516","1516","","","","","","","","","","","","","","","","","",""
"289050","","","","","","","","","","","","","-3.4482758","-3.4482758","-3.4482758","1455","1455","1455","","","","","","","","","","","",""
"289123","","","","","","","","","","","","","","","","","","","","","","","","","385.8934","385.8934","385.8934","1005","1005","1005"
"289451","","","","","","","","","","","","","","","","","","","316.66666","316.66666","316.66666","1452","1452","1452","","","","","",""
"289536","-72.64438","-72.64438","-72.64438","1527","1527","1527","","","","","","","","","","","","","","","","","","","","","","","",""
"289608","","","","","","","269.90594","269.90594","269.90594","1517","1517","1517","","","","","","","","","","","","","","","","","",""
"290051","","","","","","","","","","","","","237.38602","237.38602","237.38602","1456","1456","1456","","","","","","","","","","","",""
"290124","","","","","","","","","","","","","","","","","","","","","","","","","836.24164","836.24164","836.24164","1006","1006","1006"
"290452","","","","","","","","","","","","","","","","","","","67.2355","67.2355","67.2355","1453","1453","1453","","","","","",""
"290537","-66.32996","-66.32996","-66.32996","1528","1528","1528","","","","","","","","","","","","","","","","","","","","","","","",""
"290609","","","","","","","235.57047","235.57047","235.57047","1518","1518","1518","","","","","","","","","","","","","","","","","",""
"291052","","","","","","","","","","","","","11.111111","11.111111","11.111111","1474","1474","1474","","","","","","","","","","","",""
"291125","","","","","","","","","","","","","","","","","","","","","","","","","784.61536","784.61536","784.61536","1017","1017","1017"
"291453","","","","","","","","","","","","","","","","","","","408.96057","408.96057","408.96057","1471","1471","1471","","","","","",""
"291538","-74.35897","-74.35897","-74.35897","1547","1547","1547","","","","","","","","","","","","","","","","","","","","","","","",""
"291610","","","","","","","357.69232","357.69232","357.69232","1537","1537","1537","","","","","","","","","","","","","","","","","",""
"291918","","","","","","","","","","","","","","","","","","","","","","","","","467.24146","467.24146","467.24146","1018","1018","1018"
"292053","","","","","","","","","","","","","31.410257","31.410257","31.410257","1475","1475","1475","","","","","","","","","","","",""
"292454","","","","","","","","","","","","","","","","","","","58.62069","58.62069","58.62069","1472","1472","1472","","","","","",""
"292539","-49.832775","-49.832775","-49.832775","1548","1548","1548","","","","","","","","","","","","","","","","","","","","","","","",""
"292611","","","","","","","528.04877","528.04877","528.04877","1538","1538","1538","","","","","","","","","","","","","","","","","",""
"292919","","","","","","","","","","","","","","","","","","","","","","","","","355.88235","355.88235","355.88235","1019","1019","1019"
"293054","","","","","","","","","","","","","264.5485","264.5485","264.5485","1476","1476","1476","","","","","","","","","","","",""
"293455","","","","","","","","","","","","","","","","","","","143.16109","143.16109","143.16109","1473","1473","1473","","","","","",""
"293540","-53.41615","-53.41615","-53.41615","1549","1549","1549","","","","","","","","","","","","","","","","","","","","","","","",""
"293612","","","","","","","690.44116","690.44116","690.44116","1539","1539","1539","","","","","","","","","","","","","","","","","",""
"293920","","","","","","","","","","","","","","","","","","","","","","","","","368.35443","368.35443","368.35443","1020","1020","1020"
"294055","","","","","","","","","","","","","114.28571","114.28571","114.28571","1477","1477","1477","","","","","","","","","","","",""
"294456","","","","","","","","","","","","","","","","","","","102.0202","102.0202","102.0202","1474","1474","1474","","","","","",""
"294541","-60.99291","-60.99291","-60.99291","1550","1550","1550","","","","","","","","","","","","","","","","","","","","","","","",""
"294613","","","","","","","400","400","400","1540","1540","1540","","","","","","","","","","","","","","","","","",""
"294921","","","","","","","","","","","","","","","","","","","","","","","","","584.0278","584.0278","584.0278","1031","1031","1031"
"295056","","","","","","","","","","","","","375.1773","375.1773","375.1773","1495","1495","1495","","","","","","","","","","","",""
"295457","","","","","","","","","","","","","","","","","","","41.025642","41.025642","41.025642","1492","1492","1492","","","","","",""
"295542","-78.32817","-78.32817","-78.32817","1569","1569","1569","","","","","","","","","","","","","","","","","","","","","","","",""
"295614","","","","","","","403.47223","403.47223","403.47223","1559","1559","1559","","","","","","","","","","","","","","","","","",""
"295922","","","","","","","","","","","","","","","","","","","","","","","","","637.20135","637.20135","637.20135","1032","1032","1032"
"296057","","","","","","","","","","","","","262.2291","262.2291","262.2291","1496","1496","1496","","","","","","","","","","","",""
"296458","","","","","","","","","","","","","","","","","","","60.53512","60.53512","60.53512","1493","1493","1493","","","","","",""
"296543","-74.16974","-74.16974","-74.16974","1570","1570","1570","","","","","","","","","","","","","","","","","","","","","","","",""
"296615","","","","","","","500.6826","500.6826","500.6826","1560","1560","1560","","","","","","","","","","","","","","","","","",""
"296923","","","","","","","","","","","","","","","","","","","","","","","","","606.0932","606.0932","606.0932","1033","1033","1033"
"297058","","","","","","","","","","","","","114.02214","114.02214","114.02214","1497","1497","1497","","","","","","","","","","","",""
"297327","","","","","","","","","","","","","","","","","","","","","","","","","8.075862","8.075862","8.075862","1034","1034","1034"
"297459","","","","","","","","","","","","","","","","","","","204.34782","204.34782","204.34782","1494","1494","1494","","","","","",""
"297544","-72.86822","-72.86822","-72.86822","1571","1571","1571","","","","","","","","","","","","","","","","","","","","","","","",""
"297616","","","","","","","290.681","290.681","290.681","1561","1561","1561","","","","","","","","","","","","","","","","","",""
"298059","","","","","","","","","","","","","407.75195","407.75195","407.75195","1498","1498","1498","","","","","","","","","","","",""
"298328","","","","","","","","","","","","","","","","","","","","","","","","","699.3921","699.3921","699.3921","1035","1035","1035"
"298460","","","","","","","","","","","","","","","","","","","208.51064","208.51064","208.51064","1495","1495","1495","","","","","",""
"298545","-43.820225","-43.820225","-43.820225","1572","1572","1572","","","","","","","","","","","","","","","","","","","","","","","",""
"298617","","","","","","","558.62067","558.62067","558.62067","1562","1562","1562","","","","","","","","","","","","","","","","","",""
"299060","","","","","","","","","","","","","240.82397","240.82397","240.82397","1516","1516","1516","","","","","","","","","","","",""
"299329","","","","","","","","","","","","","","","","","","","","","","","","","785.5219","785.5219","785.5219","1046","1046","1046"
"299461","","","","","","","","","","","","","","","","","","","206.50154","206.50154","206.50154","1513","1513","1513","","","","","",""
"299546","-59.866222","-59.866222","-59.866222","1591","1591","1591","","","","","","","","","","","","","","","","","","","","","","","",""
"299618","","","","","","","471.42856","471.42856","471.42856","1581","1581","1581","","","","","","","","","","","","","","","","","",""
"300061","","","","","","","","","","","","","371.5719","371.5719","371.5719","1517","1517","1517","","","","","","","","","","","",""
"300330","","","","","","","","","","","","","","","","","","","","","","","","","239.74359","239.74359","239.74359","1047","1047","1047"
"300462","","","","","","","","","","","","","","","","","","","239.4834","239.4834","239.4834","1514","1514","1514","","","","","",""
"300547","-83.277596","-83.277596","-83.277596","1592","1592","1592","","","","","","","","","","","","","","","","","","","","","","","",""
"300619","","","","","","","499.3266","499.3266","499.3266","1582","1582","1582","","","","","","","","","","","","","","","","","",""
"301062","","","","","","","","","","","","","160.86957","160.86957","160.86957","1518","1518","1518","","","","","","","","","","","",""
"301331","","","","","","","","","","","","","","","","","","","","","","","","","853.17725","853.17725","853.17725","1048","1048","1048"
"301463","","","","","","","","","","","","","","","","","","","229.45737","229.45737","229.45737","1515","1515","1515","","","","","",""
"301548","-77.77778","-77.77778","-77.77778","1593","1593","1593","","","","","","","","","","","","","","","","","","","","","","","",""
"301620","","","","","","","505.76923","505.76923","505.76923","1583","1583","1583","","","","","","","","","","","","","","","","","",""
"302063","","","","","","","","","","","","","374.07407","374.07407","374.07407","1519","1519","1519","","","","","","","","","","","",""
"302332","","","","","","","","","","","","","","","","","","","","","","","","","250.93167","250.93167","250.93167","1049","1049","1049"
"302464","","","","","","","","","","","","","","","","","","","450.5618","450.5618","450.5618","1516","1516","1516","","","","","",""
"302549","-74.07407","-74.07407","-74.07407","1594","1594","1594","","","","","","","","","","","","","","","","","","","","","","","",""
"302621","","","","","","","207.6923","207.6923","207.6923","1584","1584","1584","","","","","","","","","","","","","","","","","",""
"303064","","","","","","","","","","","","","74.07407","74.07407","74.07407","1520","1520","1520","","","","","","","","","","","",""
"303333","","","","","","","","","","","","","","","","","","","","","","","","","279.43262","279.43262","279.43262","1060","1060","1060"
"303465","","","","","","","","","","","","","","","","","","","207.6923","207.6923","207.6923","1534","1534","1534","","","","","",""
"303550","-73.58491","-73.58491","-73.58491","1613","1613","1613","","","","","","","","","","","","","","","","","","","","","","","",""
"303622","","","","","","","427.95032","427.95032","427.95032","1603","1603","1603","","","","","","","","","","","","","","","","","",""
"304065","","","","","","","","","","","","","341.50943","341.50943","341.50943","1538","1538","1538","","","","","","","","","","","",""
"304334","","","","","","","","","","","","","","","","","","","","","","","","","760.6811","760.6811","760.6811","1061","1061","1061"
"304466","","","","","","","","","","","","","","","","","","","284.6154","284.6154","284.6154","1535","1535","1535","","","","","",""
"304551","-39.20973","-39.20973","-39.20973","1614","1614","1614","","","","","","","","","","","","","","","","","","","","","","","",""
"304623","","","","","","","240.42554","240.42554","240.42554","1604","1604","1604","","","","","","","","","","","","","","","","","",""
"305066","","","","","","","","","","","","","182.67477","182.67477","182.67477","1539","1539","1539","","","","","","","","","","","",""
"305335","","","","","","","","","","","","","","","","","","","","","","","","","331.7343","331.7343","331.7343","1062","1062","1062"
"305467","","","","","","","","","","","","","","","","","","","25.925926","25.925926","25.925926","1536","1536","1536","","","","","",""
"305552","-74.13793","-74.13793","-74.13793","1615","1615","1615","","","","","","","","","","","","","","","","","","","","","","","",""
"305624","","","","","","","256.03714","256.03714","256.03714","1605","1605","1605","","","","","","","","","","","","","","","","","",""
"306067","","","","","","","","","","","","","207.47127","207.47127","207.47127","1540","1540","1540","","","","","","","","","","","",""
"306334","","","","","","","","","","","","","","","","","","","","","","","","","-25.281395","-25.281395","-25.281395","1063","1063","1063"
"306426","","","","","","","","","","","","","","","","","","","189.48518","189.48518","189.48518","1537","1537","1537","","","","","",""
"306553","-77.49196","-77.49196","-77.49196","1616","1616","1616","","","","","","","","","","","","","","","","","","","","","","","",""
"306625","","","","","","","376.01477","376.01477","376.01477","1606","1606","1606","","","","","","","","","","","","","","","","","",""
"307068","","","","","","","","","","","","","247.26688","247.26688","247.26688","1541","1541","1541","","","","","","","","","","","",""
"307335","","","","","","","","","","","","","","","","","","","","","","","","","585.39325","585.39325","585.39325","1074","1074","1074"
"307427","","","","","","","","","","","","","","","","","","","266.03775","266.03775","266.03775","1555","1555","1555","","","","","",""
"307554","-51.851852","-51.851852","-51.851852","1635","1635","1635","","","","","","","","","","","","","","","","","","","","","","","",""
"307626","","","","","","","415.50388","415.50388","415.50388","1625","1625","1625","","","","","","","","","","","","","","","","","",""
"308069","","","","","","","","","","","","","77.77778","77.77778","77.77778","1559","1559","1559","","","","","","","","","","","",""
"308336","","","","","","","","","","","","","","","","","","","","","","","","","468.56186","468.56186","468.56186","1075","1075","1075"
"308428","","","","","","","","","","","","","","","","","","","30.69909","30.69909","30.69909","1556","1556","1556","","","","","",""
"308555","-81.617645","-81.617645","-81.617645","1636","1636","1636","","","","","","","","","","","","","","","","","","","","","","","",""
"308627","","","","","","","356.92883","356.92883","356.92883","1626","1626","1626","","","","","","","","","","","","","","","","","",""
"309070","","","","","","","","","","","","","458.82352","458.82352","458.82352","1560","1560","1560","","","","","","","","","","","",""
"309337","","","","","","","","","","","","","","","","","","","","","","","","","665.8863","665.8863","665.8863","1076","1076","1076"
"309429","","","","","","","","","","","","","","","","","","","147.12643","147.12643","147.12643","1557","1557","1557","","","","","",""
"309556","-71.929825","-71.929825","-71.929825","1637","1637","1637","","","","","","","","","","","","","","","","","","","","","","","",""
"309628","","","","","","","471.90634","471.90634","471.90634","1627","1627","1627","","","","","","","","","","","","","","","","","",""
"310071","","","","","","","","","","","","","415.78946","415.78946","415.78946","1561","1561","1561","","","","","","","","","","","",""
"310338","","","","","","","","","","","","","","","","","","","","","","","","","451.85184","451.85184","451.85184","1077","1077","1077"
"310430","","","","","","","","","","","","","","","","","","","195.81993","195.81993","195.81993","1558","1558","1558","","","","","",""
"310557","-67.21311","-67.21311","-67.21311","1638","1638","1638","","","","","","","","","","","","","","","","","","","","","","","",""
"310629","","","","","","","274.58194","274.58194","274.58194","1628","1628","1628","","","","","","","","","","","","","","","","","",""
"310826","","","","","","","","","","","","","","","","","","","-17.177778","-17.177778","-17.177778","1559","1559","1559","","","","","",""
"311072","","","","","","","","","","","","","80.327866","80.327866","80.327866","1562","1562","1562","","","","","","","","","","","",""
"311339","","","","","","","","","","","","","","","","","","","","","","","","","655.55554","655.55554","655.55554","1088","1088","1088"
"311558","-84.177216","-84.177216","-84.177216","1657","1657","1657","","","","","","","","","","","","","","","","","","","","","","","",""
"311630","","","","","","","637.03705","637.03705","637.03705","1647","1647","1647","","","","","","","","","","","","","","","","","",""
"311827","","","","","","","","","","","","","","","","","","","83.82353","83.82353","83.82353","1577","1577","1577","","","","","",""
"312073","","","","","","","","","","","","","444.3038","444.3038","444.3038","1580","1580","1580","","","","","","","","","","","",""
"312340","","","","","","","","","","","","","","","","","","","","","","","","","767.9245","767.9245","767.9245","1089","1089","1089"
"312559","-63.81579","-63.81579","-63.81579","1658","1658","1658","","","","","","","","","","","","","","","","","","","","","","","",""
"312631","","","","","","","307.4074","307.4074","307.4074","1648","1648","1648","","","","","","","","","","","","","","","","","",""
"312828","","","","","","","","","","","","","","","","","","","71.929825","71.929825","71.929825","1578","1578","1578","","","","","",""
"313074","","","","","","","","","","","","","192.76315","192.76315","192.76315","1581","1581","1581","","","","","","","","","","","",""
"313341","","","","","","","","","","","","","","","","","","","","","","","","","216.10942","216.10942","216.10942","1090","1090","1090"
"313560","-57.928802","-57.928802","-57.928802","1659","1659","1659","","","","","","","","","","","","","","","","","","","","","","","",""
"313632","","","","","","","567.9245","567.9245","567.9245","1649","1649","1649","","","","","","","","","","","","","","","","","",""
"313829","","","","","","","","","","","","","","","","","","","47.540985","47.540985","47.540985","1579","1579","1579","","","","","",""
"314075","","","","","","","","","","","","","472.81552","472.81552","472.81552","1582","1582","1582","","","","","","","","","","","",""
"314342","","","","","","","","","","","","","","","","","","","","","","","","","463.21838","463.21838","463.21838","1091","1091","1091"
"314561","-70.96774","-70.96774","-70.96774","1660","1660","1660","","","","","","","","","","","","","","","","","","","","","","","",""
"314633","","","","","","","437.99393","437.99393","437.99393","1650","1650","1650","","","","","","","","","","","","","","","","","",""
"314830","","","","","","","","","","","","","","","","","","","279.74683","279.74683","279.74683","1580","1580","1580","","","","","",""
"315076","","","","","","","","","","","","","200","200","200","1583","1583","1583","","","","","","","","","","","",""
"315343","","","","","","","","","","","","","","","","","","","","","","","","","321.22186","321.22186","321.22186","1092","1092","1092"
"315562","-13.357401","-13.357401","-13.357401","1679","1679","1679","","","","","","","","","","","","","","","","","","","","","","","",""
"315634","","","","","","","443.10345","443.10345","443.10345","1669","1669","1669","","","","","","","","","","","","","","","","","",""
"315831","","","","","","","","","","","","","","","","","","","432.89474","432.89474","432.89474","1598","1598","1598","","","","","",""
"316077","","","","","","","","","","","","","405.41516","405.41516","405.41516","1601","1601","1601","","","","","","","","","","","",""
"316344","","","","","","","","","","","","","","","","","","","","","","","","","422.22223","422.22223","422.22223","1103","1103","1103"
"316563","-79.09408","-79.09408","-79.09408","1680","1680","1680","","","","","","","","","","","","","","","","","","","","","","","",""
"316635","","","","","","","234.40515","234.40515","234.40515","1670","1670","1670","","","","","","","","","","","","","","","","","",""
"316832","","","","","","","","","","","","","","","","","","","162.13593","162.13593","162.13593","1599","1599","1599","","","","","",""
"317078","","","","","","","","","","","","","-23.344948","-23.344948","-23.344948","1602","1602","1602","","","","","","","","","","","",""
"317345","","","","","","","","","","","","","","","","","","","","","","","","","767.64703","767.64703","767.64703","1104","1104","1104"
"317564","-83.81877","-83.81877","-83.81877","1681","1681","1681","","","","","","","","","","","","","","","","","","","","","","","",""
"317636","","","","","","","733.3333","733.3333","733.3333","1671","1671","1671","","","","","","","","","","","","","","","","","",""
"317833","","","","","","","","","","","","","","","","","","","-32.258064","-32.258064","-32.258064","1600","1600","1600","","","","","",""
"318079","","","","","","","","","","","","","171.84467","171.84467","171.84467","1603","1603","1603","","","","","","","","","","","",""
"318346","","","","","","","","","","","","","","","","","","","","","","","","","784.2105","784.2105","784.2105","1105","1105","1105"
"318565","-35.714287","-35.714287","-35.714287","1682","1682","1682","","","","","","","","","","","","","","","","","","","","","","","",""
"318637","","","","","","","694.1177","694.1177","694.1177","1672","1672","1672","","","","","","","","","","","","","","","","","",""
"318834","","","","","","","","","","","","","","","","","","","289.8917","289.8917","289.8917","1601","1601","1601","","","","","",""
"319080","","","","","","","","","","","","","467.85715","467.85715","467.85715","1604","1604","1604","","","","","","","","","","","",""
"319347","","","","","","","","","","","","","","","","","","","","","","","","","181.96721","181.96721","181.96721","1106","1106","1106"
"319566","-42.942944","-42.942944","-42.942944","1701","1701","1701","","","","","","","","","","","","","","","","","","","","","","","",""
"319638","","","","","","","387.7193","387.7193","387.7193","1691","1691","1691","","","","","","","","","","","","","","","","","",""
"319835","","","","","","","","","","","","","","","","","","","161.32404","161.32404","161.32404","1619","1619","1619","","","","","",""
"320081","","","","","","","","","","","","","386.48648","386.48648","386.48648","1622","1622","1622","","","","","","","","","","","",""
"320348","","","","","","","","","","","","","","","","","","","","","","","","","298.7342","298.7342","298.7342","1117","1117","1117"
"320567","-46.768063","-46.768063","-46.768063","1702","1702","1702","","","","","","","","","","","","","","","","","","","","","","","",""
"320615","","","","","","","-89.303276","-89.303276","-89.303276","1692","1692","1692","","","","","","","","","","","","","","","","","",""
"320836","","","","","","","","","","","","","","","","","","","142.71844","142.71844","142.71844","1620","1620","1620","","","","","",""
"321082","","","","","","","","","","","","","238.40305","238.40305","238.40305","1623","1623","1623","","","","","","","","","","","",""
"321349","","","","","","","","","","","","","","","","","","","","","","","","","801.3158","801.3158","801.3158","1118","1118","1118"
"321568","-77.70701","-77.70701","-77.70701","1703","1703","1703","","","","","","","","","","","","","","","","","","","","","","","",""
"321616","","","","","","","336.70886","336.70886","336.70886","1693","1693","1693","","","","","","","","","","","","","","","","","",""
"321837","","","","","","","","","","","","","","","","","","","-25","-25","-25","1621","1621","1621","","","","","",""
"322083","","","","","","","","","","","","","202.54778","202.54778","202.54778","1624","1624","1624","","","","","","","","","","","",""
"322350","","","","","","","","","","","","","","","","","","","","","","","","","722.0065","722.0065","722.0065","1119","1119","1119"
"322569","-76.74419","-76.74419","-76.74419","1704","1704","1704","","","","","","","","","","","","","","","","","","","","","","","",""
"322617","","","","","","","511.8421","511.8421","511.8421","1694","1694","1694","","","","","","","","","","","","","","","","","",""
"322838","","","","","","","","","","","","","","","","","","","182.28229","182.28229","182.28229","1622","1622","1622","","","","","",""
"323084","","","","","","","","","","","","","404.9834","404.9834","404.9834","1625","1625","1625","","","","","","","","","","","",""
"323351","","","","","","","","","","","","","","","","","","","","","","","","","880.64514","880.64514","880.64514","1120","1120","1120"
"323570","-78.10219","-78.10219","-78.10219","1705","1705","1705","","","","","","","","","","","","","","","","","","","","","","","",""
"323618","","","","","","","340.12946","340.12946","340.12946","1713","1713","1713","","","","","","","","","","","","","","","","","",""
"323839","","","","","","","","","","","","","","","","","","","325.8555","325.8555","325.8555","1640","1640","1640","","","","","",""
"324085","","","","","","","","","","","","","86.131386","86.131386","86.131386","1643","1643","1643","","","","","","","","","","","",""
"324352","","","","","","","","","","","","","","","","","","","","","","","","","340.43323","340.43323","340.43323","1131","1131","1131"
"324571","-65.15679","-65.15679","-65.15679","1724","1724","1724","","","","","","","","","","","","","","","","","","","","","","","",""
"324619","","","","","","","300","300","300","1714","1714","1714","","","","","","","","","","","","","","","","","",""
"324840","","","","","","","","","","","","","","","","","","","294.90445","294.90445","294.90445","1641","1641","1641","","","","","",""
"325086","","","","","","","","","","","","","464.45993","464.45993","464.45993","1644","1644","1644","","","","","","","","","","","",""
"325353","","","","","","","","","","","","","","","","","","","","","","","","","335.54007","335.54007","335.54007","1132","1132","1132"
"325572","-42.857143","-42.857143","-42.857143","1725","1725","1725","","","","","","","","","","","","","","","","","","","","","","","",""
"325620","","","","","","","11.913358","11.913358","11.913358","1715","1715","1715","","","","","","","","","","","","","","","","","",""
"325841","","","","","","","","","","","","","","","","","","","262.12625","262.12625","262.12625","1642","1642","1642","","","","","",""
"326087","","","","","","","","","","","","","235.71428","235.71428","235.71428","1645","1645","1645","","","","","","","","","","","",""
"326354","","","","","","","","","","","","","","","","","","","","","","","","","210.67961","210.67961","210.67961","1133","1133","1133"
"326573","-83.66013","-83.66013","-83.66013","1726","1726","1726","","","","","","","","","","","","","","","","","","","","","","","",""
"326621","","","","","","","582.9268","582.9268","582.9268","1716","1716","1716","","","","","","","","","","","","","","","","","",""
"326842","","","","","","","","","","","","","","","","","","","27.737226","27.737226","27.737226","1643","1643","1643","","","","","",""
"327088","","","","","","","","","","","","","367.32025","367.32025","367.32025","1646","1646","1646","","","","","","","","","","","",""
"327355","","","","","","","","","","","","","","","","","","","","","","","","","817.8571","817.8571","817.8571","1134","1134","1134"
"327574","-42.372883","-42.372883","-42.372883","1727","1727","1727","","","","","","","","","","","","","","","","","","","","","","","",""
"327622","","","","","","","116.828476","116.828476","116.828476","1717","1717","1717","","","","","","","","","","","","","","","","","",""
"327843","","","","","","","","","","","","","","","","","","","227.52614","227.52614","227.52614","1661","1661","1661","","","","","",""
"328089","","","","","","","","","","","","","388.1356","388.1356","388.1356","1664","1664","1664","","","","","","","","","","","",""
"328356","","","","","","","","","","","","","","","","","","","","","","","","","212.31232","212.31232","212.31232","1145","1145","1145"
"328575","-45.652172","-45.652172","-45.652172","1746","1746","1746","","","","","","","","","","","","","","","","","","","","","","","",""
"328623","","","","","","","453.57144","453.57144","453.57144","1736","1736","1736","","","","","","","","","","","","","","","","","",""
"328844","","","","","","","","","","","","","","","","","","","-35.714287","-35.714287","-35.714287","1662","1662","1662","","","","","",""
"329090","","","","","","","","","","","","","624.6377","624.6377","624.6377","1665","1665","1665","","","","","","","","","","","",""
"329357","","","","","","","","","","","","","","","","","","","","","","","","","576.8061","576.8061","576.8061","1146","1146","1146"
"329576","-71.731445","-71.731445","-71.731445","1747","1747","1747","","","","","","","","","","","","","","","","","","","","","","","",""
"329624","","","","","","","179.27928","179.27928","179.27928","1737","1737","1737","","","","","","","","","","","","","","","","","",""
"329845","","","","","","","","","","","","","","","","","","","279.08496","279.08496","279.08496","1663","1663","1663","","","","","",""
"330072","","","","","","","","","","","","","","","","","","","-58.09322","-58.09322","-58.09322","1664","1664","1664","","","","","",""
"330091","","","","","","","","","","","","","334.62897","334.62897","334.62897","1666","1666","1666","","","","","","","","","","","",""
"330358","","","","","","","","","","","","","","","","","","","","","","","","","855.414","855.414","855.414","1147","1147","1147"
"330577","-66.32996","-66.32996","-66.32996","1748","1748","1748","","","","","","","","","","","","","","","","","","","","","","","",""
"330625","","","","","","","101.52091","101.52091","101.52091","1738","1738","1738","","","","","","","","","","","","","","","","","",""
"331073","","","","","","","","","","","","","","","","","","","222.46378","222.46378","222.46378","1665","1665","1665","","","","","",""
"331092","","","","","","","","","","","","","24.579124","24.579124","24.579124","1667","1667","1667","","","","","","","","","","","",""
"331359","","","","","","","","","","","","","","","","","","","","","","","","","265.44852","265.44852","265.44852","1148","1148","1148"
"331578","-80.19802","-80.19802","-80.19802","1749","1749","1749","","","","","","","","","","","","","","","","","","","","","","","",""
"331626","","","","","","","371.3376","371.3376","371.3376","1739","1739","1739","","","","","","","","","","","","","","","","","",""
"332074","","","","","","","","","","","","","","","","","","","189.75266","189.75266","189.75266","1683","1683","1683","","","","","",""
"332093","","","","","","","","","","","","","289.43893","289.43893","289.43893","1685","1685","1685","","","","","","","","","","","",""
"332360","","","","","","","","","","","","","","","","","","","","","","","","","637.22626","637.22626","637.22626","1159","1159","1159"
"332579","-66.21622","-66.21622","-66.21622","1768","1768","1768","","","","","","","","","","","","","","","","","","","","","","","",""
"332627","","","","","","","531.22925","531.22925","531.22925","1758","1758","1758","","","","","","","","","","","","","","","","","",""
"333075","","","","","","","","","","","","","","","","","","","48.148148","48.148148","48.148148","1684","1684","1684","","","","","",""
"333094","","","","","","","","","","","","","14.864865","14.864865","14.864865","1686","1686","1686","","","","","","","","","","","",""
"333361","","","","","","","","","","","","","","","","","","","","","","","","","311.1498","311.1498","311.1498","1160","1160","1160"
"333580","-79.591835","-79.591835","-79.591835","1769","1769","1769","","","","","","","","","","","","","","","","","","","","","","","",""
"333628","","","","","","","374.45255","374.45255","374.45255","1759","1759","1759","","","","","","","","","","","","","","","","","",""
"334076","","","","","","","","","","","","","","","","","","","74.91749","74.91749","74.91749","1685","1685","1685","","","","","",""
"334095","","","","","","","","","","","","","308.16327","308.16327","308.16327","1687","1687","1687","","","","","","","","","","","",""
"334362","","","","","","","","","","","","","","","","","","","","","","","","","467.85715","467.85715","467.85715","1161","1161","1161"
"334581","-79.72973","-79.72973","-79.72973","1770","1770","1770","","","","","","","","","","","","","","","","","","","","","","","",""
"334629","","","","","","","666.55054","666.55054","666.55054","1760","1760","1760","","","","","","","","","","","","","","","","","",""
"335077","","","","","","","","","","","","","","","","","","","423.64865","423.64865","423.64865","1686","1686","1686","","","","","",""
"335096","","","","","","","","","","","","","518.2432","518.2432","518.2432","1688","1688","1688","","","","","","","","","","","",""
"335363","","","","","","","","","","","","","","","","","","","","","","","","","501.3072","501.3072","501.3072","1162","1162","1162"
"335404","","","","","","","","","","","","","","","","","","","-10.051021","-10.051021","-10.051021","1687","1687","1687","","","","","",""
"335582","-53.90071","-53.90071","-53.90071","1771","1771","1771","","","","","","","","","","","","","","","","","","","","","","","",""
"335630","","","","","","","467.85715","467.85715","467.85715","1761","1761","1761","","","","","","","","","","","","","","","","","",""
"336097","","","","","","","","","","","","","424.8227","424.8227","424.8227","1706","1706","1706","","","","","","","","","","","",""
"336364","","","","","","","","","","","","","","","","","","","","","","","","","622.0339","622.0339","622.0339","1173","1173","1173"
"336405","","","","","","","","","","","","","","","","","","","241.21622","241.21622","241.21622","1705","1705","1705","","","","","",""
"336583","-83.66013","-83.66013","-83.66013","1790","1790","1790","","","","","","","","","","","","","","","","","","","","","","","",""
"336631","","","","","","","396.73203","396.73203","396.73203","1780","1780","1780","","","","","","","","","","","","","","","","","",""
"337098","","","","","","","","","","","","","226.79738","226.79738","226.79738","1707","1707","1707","","","","","","","","","","","",""
"337365","","","","","","","","","","","","","","","","","","","","","","","","","461.5942","461.5942","461.5942","1174","1174","1174"
"337406","","","","","","","","","","","","","","","","","","","212.05673","212.05673","212.05673","1706","1706","1706","","","","","",""
"337584","-73.451324","-73.451324","-73.451324","1791","1791","1791","","","","","","","","","","","","","","","","","","","","","","","",""
"337632","","","","","","","384.74576","384.74576","384.74576","1781","1781","1781","","","","","","","","","","","","","","","","","",""
"338099","","","","","","","","","","","","","324.77875","324.77875","324.77875","1708","1708","1708","","","","","","","","","","","",""
"338366","","","","","","","","","","","","","","","","","","","","","","","","","564.311","564.311","564.311","1175","1175","1175"
"338407","","","","","","","","","","","","","","","","","","","295.42484","295.42484","295.42484","1707","1707","1707","","","","","",""
"338585","-75.524475","-75.524475","-75.524475","1792","1792","1792","","","","","","","","","","","","","","","","","","","","","","","",""
"338633","","","","","","","718.8406","718.8406","718.8406","1782","1782","1782","","","","","","","","","","","","","","","","","",""
"339100","","","","","","","","","","","","","382.5175","382.5175","382.5175","1709","1709","1709","","","","","","","","","","","",""
"339367","","","","","","","","","","","","","","","","","","","","","","","","","428.61954","428.61954","428.61954","1176","1176","1176"
"339408","","","","","","","","","","","","","","","","","","","17.9941","17.9941","17.9941","1708","1708","1708","","","","","",""
"339586","-48.948948","-48.948948","-48.948948","1793","1793","1793","","","","","","","","","","","","","","","","","","","","","","","",""
"339634","","","","","","","260.42404","260.42404","260.42404","1783","1783","1783","","","","","","","","","","","","","","","","","",""
"340101","","","","","","","","","","","","","83.18318","83.18318","83.18318","1727","1727","1727","","","","","","","","","","","",""
"340368","","","","","","","","","","","","","","","","","","","","","","","","","173.9274","173.9274","173.9274","1187","1187","1187"
"340409","","","","","","","","","","","","","","","","","","","200.6993","200.6993","200.6993","1726","1726","1726","","","","","",""
"340587","-75.265015","-75.265015","-75.265015","1812","1812","1812","","","","","","","","","","","","","","","","","","","","","","","",""
"340635","","","","","","","640.7407","640.7407","640.7407","1802","1802","1802","","","","","","","","","","","","","","","","","",""
"341102","","","","","","","","","","","","","384.09894","384.09894","384.09894","1728","1728","1728","","","","","","","","","","","",""
"341369","","","","","","","","","","","","","","","","","","","","","","","","","379.72974","379.72974","379.72974","1188","1188","1188"
"341410","","","","","","","","","","","","","","","","","","","62.162163","62.162163","62.162163","1727","1727","1727","","","","","",""
"341588","-63.50365","-63.50365","-63.50365","1813","1813","1813","","","","","","","","","","","","","","","","","","","","","","","",""
"341636","","","","","","","685.4786","685.4786","685.4786","1803","1803","1803","","","","","","","","","","","","","","","","","",""
"341852","","","","","","","","","","","","","","","","","","","145.75266","145.75266","145.75266","1728","1728","1728","","","","","",""
"342103","","","","","","","","","","","","","78.832115","78.832115","78.832115","1729","1729","1729","","","","","","","","","","","",""
"342370","","","","","","","","","","","","","","","","","","","","","","","","","301.36053","301.36053","301.36053","1189","1189","1189"
"342589","-54.545456","-54.545456","-54.545456","1814","1814","1814","","","","","","","","","","","","","","","","","","","","","","","",""
"342637","","","","","","","724.32434","724.32434","724.32434","1804","1804","1804","","","","","","","","","","","","","","","","","",""
"342853","","","","","","","","","","","","","","","","","","","67.88321","67.88321","67.88321","1729","1729","1729","","","","","",""
"343104","","","","","","","","","","","","","255.3719","255.3719","255.3719","1730","1730","1730","","","","","","","","","","","",""
"343371","","","","","","","","","","","","","","","","","","","","","","","","","795.27026","795.27026","795.27026","1190","1190","1190"
"343590","-59.731544","-59.731544","-59.731544","1815","1815","1815","","","","","","","","","","","","","","","","","","","","","","","",""
"343638","","","","","","","651.7007","651.7007","651.7007","1805","1805","1805","","","","","","","","","","","","","","","","","",""
"343854","","","","","","","","","","","","","","","","","","","238.84297","238.84297","238.84297","1730","1730","1730","","","","","",""
"344105","","","","","","","","","","","","","218.79195","218.79195","218.79195","1748","1748","1748","","","","","","","","","","","",""
"344372","","","","","","","","","","","","","","","","","","","","","","","","","676.59576","676.59576","676.59576","1201","1201","1201"
"344591","-71.53025","-71.53025","-71.53025","1834","1834","1834","","","","","","","","","","","","","","","","","","","","","","","",""
"344639","","","","","","","281.75674","281.75674","281.75674","1824","1824","1824","","","","","","","","","","","","","","","","","",""
"344855","","","","","","","","","","","","","","","","","","","-2.6845639","-2.6845639","-2.6845639","1748","1748","1748","","","","","",""
"345106","","","","","","","","","","","","","544.1281","544.1281","544.1281","1749","1749","1749","","","","","","","","","","","",""
"345373","","","","","","","","","","","","","","","","","","","","","","","","","331.37256","331.37256","331.37256","1202","1202","1202"
"345592","-78.57143","-78.57143","-78.57143","1835","1835","1835","","","","","","","","","","","","","","","","","","","","","","","",""
"345640","","","","","","","478.0142","478.0142","478.0142","1825","1825","1825","","","","","","","","","","","","","","","","","",""
"345856","","","","","","","","","","","","","","","","","","","81.49466","81.49466","81.49466","1749","1749","1749","","","","","",""
"346107","","","","","","","","","","","","","507.14285","507.14285","507.14285","1750","1750","1750","","","","","","","","","","","",""
"346374","","","","","","","","","","","","","","","","","","","","","","","","","286.43066","286.43066","286.43066","1203","1203","1203"
"346593","-38.405796","-38.405796","-38.405796","1836","1836","1836","","","","","","","","","","","","","","","","","","","","","","","",""
"346641","","","","","","","161.43791","161.43791","161.43791","1826","1826","1826","","","","","","","","","","","","","","","","","",""
"346857","","","","","","","","","","","","","","","","","","","232.14285","232.14285","232.14285","1750","1750","1750","","","","","",""
"347108","","","","","","","","","","","","","726.087","726.087","726.087","1751","1751","1751","","","","","","","","","","","",""
"347375","","","","","","","","","","","","","","","","","","","","","","","","","368.53146","368.53146","368.53146","1204","1204","1204"
"347594","-63.235294","-63.235294","-63.235294","1837","1837","1837","","","","","","","","","","","","","","","","","","","","","","","",""
"347642","","","","","","","59.292034","59.292034","59.292034","1827","1827","1827","","","","","","","","","","","","","","","","","",""
"347858","","","","","","","","","","","","","","","","","","","494.2029","494.2029","494.2029","1751","1751","1751","","","","","",""
"348109","","","","","","","","","","","","","433.08823","433.08823","433.08823","1752","1752","1752","","","","","","","","","","","",""
"348376","","","","","","","","","","","","","","","","","","","","","","","","","110.21021","110.21021","110.21021","1215","1215","1215"
"348595","-70.29703","-70.29703","-70.29703","1856","1856","1856","","","","","","","","","","","","","","","","","","","","","","","",""
"348643","","","","","","","172.72728","172.72728","172.72728","1846","1846","1846","","","","","","","","","","","","","","","","","",""
"348859","","","","","","","","","","","","","","","","","","","315.44116","315.44116","315.44116","1769","1769","1769","","","","","",""
"349110","","","","","","","","","","","","","395.0495","395.0495","395.0495","1770","1770","1770","","","","","","","","","","","",""
"349377","","","","","","","","","","","","","","","","","","","","","","","","","327.56183","327.56183","327.56183","1216","1216","1216"
"349596","-73.154366","-73.154366","-73.154366","1857","1857","1857","","","","","","","","","","","","","","","","","","","","","","","",""
"349644","","","","","","","158.25826","158.25826","158.25826","1847","1847","1847","","","","","","","","","","","","","","","","","",""
"349860","","","","","","","","","","","","","","","","","","","342.24423","342.24423","342.24423","1770","1770","1770","","","","","",""
"350111","","","","","","","","","","","","","366.44296","366.44296","366.44296","1771","1771","1771","","","","","","","","","","","",""
"350378","","","","","","","","","","","","","","","","","","","","","","","","","487.59125","487.59125","487.59125","1217","1217","1217"
"350597","-72.50859","-72.50859","-72.50859","1858","1858","1858","","","","","","","","","","","","","","","","","","","","","","","",""
"350645","","","","","","","670.318","670.318","670.318","1848","1848","1848","","","","","","","","","","","","","","","","","",""
"350861","","","","","","","","","","","","","","","","","","","44.295303","44.295303","44.295303","1771","1771","1771","","","","","",""
"351112","","","","","","","","","","","","","415.46393","415.46393","415.46393","1772","1772","1772","","","","","","","","","","","",""
"351379","","","","","","","","","","","","","","","","","","","","","","","","","829.7521","829.7521","829.7521","1218","1218","1218"
"351598","-83.95722","-83.95722","-83.95722","1859","1859","1859","","","","","","","","","","","","","","","","","","","","","","","",""
"351646","","","","","","","425.54745","425.54745","425.54745","1849","1849","1849","","","","","","","","","","","","","","","","","",""
"351862","","","","","","","","","","","","","","","","","","","95.87629","95.87629","95.87629","1772","1772","1772","","","","","",""
"352113","","","","","","","","","","","","","255.61497","255.61497","255.61497","1773","1773","1773","","","","","","","","","","","",""
"352380","","","","","","","","","","","","","","","","","","","","","","","","","738.92615","738.92615","738.92615","1229","1229","1229"
"352599","-75.524475","-75.524475","-75.524475","1878","1878","1878","","","","","","","","","","","","","","","","","","","","","","","",""
"352647","","","","","","","602.4793","602.4793","602.4793","1868","1868","1868","","","","","","","","","","","","","","","","","",""
"352863","","","","","","","","","","","","","","","","","","","212.83423","212.83423","212.83423","1790","1790","1790","","","","","",""
"352980","","","","","","","","","","","","","","","","","","","","","","","","","-21.009964","-21.009964","-21.009964","1230","1230","1230"
"353114","","","","","","","","","","","","","109.79021","109.79021","109.79021","1791","1791","1791","","","","","","","","","","","",""
"353600","-78.10219","-78.10219","-78.10219","1879","1879","1879","","","","","","","","","","","","","","","","","","","","","","","",""
"353648","","","","","","","463.7584","463.7584","463.7584","1869","1869","1869","","","","","","","","","","","","","","","","","",""
"353864","","","","","","","","","","","","","","","","","","","228.67133","228.67133","228.67133","1791","1791","1791","","","","","",""
"353981","","","","","","","","","","","","","","","","","","","","","","","","","350","350","350","1231","1231","1231"
"354115","","","","","","","","","","","","","348.90512","348.90512","348.90512","1792","1792","1792","","","","","","","","","","","",""
"354601","-66.10169","-66.10169","-66.10169","1880","1880","1880","","","","","","","","","","","","","","","","","","","","","","","",""
"354649","","","","","","","45.907475","45.907475","45.907475","1870","1870","1870","","","","","","","","","","","","","","","","","",""
"354770","","","","","","","","","","","","","","","","","","","","","","","","","248.83623","248.83623","248.83623","1232","1232","1232"
"354865","","","","","","","","","","","","","","","","","","","279.56204","279.56204","279.56204","1792","1792","1792","","","","","",""
"355116","","","","","","","","","","","","","500","500","500","1793","1793","1793","","","","","","","","","","","",""
"355602","-81.59509","-81.59509","-81.59509","1881","1881","1881","","","","","","","","","","","","","","","","","","","","","","","",""
"355650","","","","","","","607.1429","607.1429","607.1429","1871","1871","1871","","","","","","","","","","","","","","","","","",""
"355771","","","","","","","","","","","","","","","","","","","","","","","","","510.29413","510.29413","510.29413","1233","1233","1233"
"355866","","","","","","","","","","","","","","","","","","","8.474576","8.474576","8.474576","1793","1793","1793","","","","","",""
"356117","","","","","","","","","","","","","544.17175","544.17175","544.17175","1794","1794","1794","","","","","","","","","","","",""
"356358","","","","","","","","","","","","","","","","","","","81.06135","81.06135","81.06135","1811","1811","1811","","","","","",""
"356603","-52.68139","-52.68139","-52.68139","1900","1900","1900","","","","","","","","","","","","","","","","","","","","","","","",""
"356651","","","","","","","599.2754","599.2754","599.2754","1890","1890","1890","","","","","","","","","","","","","","","","","",""
"356772","","","","","","","","","","","","","","","","","","","","","","","","","332.34323","332.34323","332.34323","1244","1244","1244"
"356843","","","","","","","","","","","","","","","","","","","129.30252","129.30252","129.30252","1812","1812","1812","","","","","",""
"357118","","","","","","","","","","","","","429.96844","429.96844","429.96844","1812","1812","1812","","","","","","","","","","","",""
"357604","-82.14286","-82.14286","-82.14286","1901","1901","1901","","","","","","","","","","","","","","","","","","","","","","","",""
"357652","","","","","","","532.35297","532.35297","532.35297","1891","1891","1891","","","","","","","","","","","","","","","","","",""
"357773","","","","","","","","","","","","","","","","","","","","","","","","","467.1141","467.1141","467.1141","1245","1245","1245"
"357844","","","","","","","","","","","","","","","","","","","82.14286","82.14286","82.14286","1813","1813","1813","","","","","",""
"358119","","","","","","","","","","","","","225","225","225","1813","1813","1813","","","","","","","","","","","",""
"358605","-77.44361","-77.44361","-77.44361","1902","1902","1902","","","","","","","","","","","","","","","","","","","","","","","",""
"358653","","","","","","","371.9472","371.9472","371.9472","1892","1892","1892","","","","","","","","","","","","","","","","","",""
"358774","","","","","","","","","","","","","","","","","","","","","","","","","625.08594","625.08594","625.08594","1246","1246","1246"
"358845","","","","","","","","","","","","","","","","","","","181.95488","181.95488","181.95488","1814","1814","1814","","","","","",""
"359120","","","","","","","","","","","","","369.9248","369.9248","369.9248","1814","1814","1814","","","","","","","","","","","",""
"359606","-63.768116","-63.768116","-63.768116","1903","1903","1903","","","","","","","","","","","","","","","","","","","","","","","",""
"359654","","","","","","","400","400","400","1893","1893","1893","","","","","","","","","","","","","","","","","",""
"359775","","","","","","","","","","","","","","","","","","","","","","","","","389.3048","389.3048","389.3048","1247","1247","1247"
"359846","","","","","","","","","","","","","","","","","","","117.391304","117.391304","117.391304","1815","1815","1815","","","","","",""
"360121","","","","","","","","","","","","","436.23187","436.23187","436.23187","1815","1815","1815","","","","","","","","","","","",""
"360607","-67.03297","-67.03297","-67.03297","1922","1922","1922","","","","","","","","","","","","","","","","","","","","","","","",""
"360655","","","","","","","625.08594","625.08594","625.08594","1912","1912","1912","","","","","","","","","","","","","","","","","",""
"360776","","","","","","","","","","","","","","","","","","","","","","","","","830.06995","830.06995","830.06995","1258","1258","1258"
"360835","","","","","","","","","","","","","","","","","","","-143.75494","-143.75494","-143.75494","1833","1833","1833","","","","","",""
"361122","","","","","","","","","","","","","302.9304","302.9304","302.9304","1833","1833","1833","","","","","","","","","","","",""
"361608","-69.69697","-69.69697","-69.69697","1923","1923","1923","","","","","","","","","","","","","","","","","","","","","","","",""
"361656","","","","","","","244.91978","244.91978","244.91978","1913","1913","1913","","","","","","","","","","","","","","","","","",""
"361777","","","","","","","","","","","","","","","","","","","","","","","","","268.61313","268.61313","268.61313","1259","1259","1259"
"361836","","","","","","","","","","","","","","","","","","","128.95622","128.95622","128.95622","1834","1834","1834","","","","","",""
"362123","","","","","","","","","","","","","479.12457","479.12457","479.12457","1834","1834","1834","","","","","","","","","","","",""
"362609","-77.49196","-77.49196","-77.49196","1924","1924","1924","","","","","","","","","","","","","","","","","","","","","","","",""
"362657","","","","","","","190.2098","190.2098","190.2098","1914","1914","1914","","","","","","","","","","","","","","","","","",""
"362778","","","","","","","","","","","","","","","","","","","","","","","","","561.01697","561.01697","561.01697","1260","1260","1260"
"362837","","","","","","","","","","","","","","","","","","","199.03537","199.03537","199.03537","1835","1835","1835","","","","","",""
"363124","","","","","","","","","","","","","289.06754","289.06754","289.06754","1835","1835","1835","","","","","","","","","","","",""
"363610","-48.52941","-48.52941","-48.52941","1925","1925","1925","","","","","","","","","","","","","","","","","","","","","","","",""
"363658","","","","","","","359.854","359.854","359.854","1915","1915","1915","","","","","","","","","","","","","","","","","",""
"363779","","","","","","","","","","","","","","","","","","","","","","","","","430.67484","430.67484","430.67484","1261","1261","1261"
"363838","","","","","","","","","","","","","","","","","","","131.61765","131.61765","131.61765","1836","1836","1836","","","","","",""
"364125","","","","","","","","","","","","","473.52942","473.52942","473.52942","1836","1836","1836","","","","","","","","","","","",""
"364611","-56.37584","-56.37584","-56.37584","1944","1944","1944","","","","","","","","","","","","","","","","","","","","","","","",""
"364659","","","","","","","211.86441","211.86441","211.86441","1934","1934","1934","","","","","","","","","","","","","","","","","",""
"364780","","","","","","","","","","","","","","","","","","","","","","","","","622.39746","622.39746","622.39746","1272","1272","1272"
"364839","","","","","","","","","","","","","","","","","","","389.9329","389.9329","389.9329","1854","1854","1854","","","","","",""
"365126","","","","","","","","","","","","","248.99329","248.99329","248.99329","1854","1854","1854","","","","","","","","","","","",""
"365612","-77.917984","-77.917984","-77.917984","1945","1945","1945","","","","","","","","","","","","","","","","","","","","","","","",""
"365660","","","","","","","363.1902","363.1902","363.1902","1935","1935","1935","","","","","","","","","","","","","","","","","",""
"365781","","","","","","","","","","","","","","","","","","","","","","","","","278.57144","278.57144","278.57144","1273","1273","1273"
"365840","","","","","","","","","","","","","","","","","","","177.60252","177.60252","177.60252","1855","1855","1855","","","","","",""
"366127","","","","","","","","","","","","","199.68454","199.68454","199.68454","1855","1855","1855","","","","","","","","","","","",""
"366613","-82.81787","-82.81787","-82.81787","1946","1946","1946","","","","","","","","","","","","","","","","","","","","","","","",""
"366661","","","","","","","625.55206","625.55206","625.55206","1936","1936","1936","","","","","","","","","","","","","","","","","",""
"366782","","","","","","","","","","","","","","","","","","","","","","","","","614.2857","614.2857","614.2857","1274","1274","1274"
"366841","","","","","","","","","","","","","","","","","","","20.274914","20.274914","20.274914","1856","1856","1856","","","","","",""
"367128","","","","","","","","","","","","","240.20619","240.20619","240.20619","1856","1856","1856","","","","","","","","","","","",""
"367614","-65.63574","-65.63574","-65.63574","1947","1947","1947","","","","","","","","","","","","","","","","","","","","","","","",""
"367662","","","","","","","342.85715","342.85715","342.85715","1937","1937","1937","","","","","","","","","","","","","","","","","",""
"367783","","","","","","","","","","","","","","","","","","","","","","","","","755.07245","755.07245","755.07245","1275","1275","1275"
"367842","","","","","","","","","","","","","","","","","","","133.67697","133.67697","133.67697","1857","1857","1857","","","","","",""
"368129","","","","","","","","","","","","","322.68042","322.68042","322.68042","1857","1857","1857","","","","","","","","","","","",""
"368615","-68.25397","-68.25397","-68.25397","1948","1948","1948","","","","","","","","","","","","","","","","","","","","","","","",""
"368663","","","","","","","339.8496","339.8496","339.8496","1956","1956","1956","","","","","","","","","","","","","","","","","",""
"368784","","","","","","","","","","","","","","","","","","","","","","","","","409.1575","409.1575","409.1575","1286","1286","1286"
"368843","","","","","","","","","","","","","","","","","","","198.4127","198.4127","198.4127","1875","1875","1875","","","","","",""
"369130","","","","","","","","","","","","","366.66666","366.66666","366.66666","1875","1875","1875","","","","","","","","","","","",""
"369616","-81.75182","-81.75182","-81.75182","1967","1967","1967","","","","","","","","","","","","","","","","","","","","","","","",""
"369664","","","","","","","642.7536","642.7536","642.7536","1957","1957","1957","","","","","","","","","","","","","","","","","",""
"369785","","","","","","","","","","","","","","","","","","","","","","","","","307.4074","307.4074","307.4074","1287","1287","1287"
"369844","","","","","","","","","","","","","","","","","","","173.72263","173.72263","173.72263","1876","1876","1876","","","","","",""
"370131","","","","","","","","","","","","","97.08029","97.08029","97.08029","1876","1876","1876","","","","","","","","","","","",""
"370617","-66.16541","-66.16541","-66.16541","1968","1968","1968","","","","","","","","","","","","","","","","","","","","","","","",""
"370665","","","","","","","830.40295","830.40295","830.40295","1958","1958","1958","","","","","","","","","","","","","","","","","",""
"370786","","","","","","","","","","","","","","","","","","","","","","","","","494.85532","494.85532","494.85532","1288","1288","1288"
"370845","","","","","","","","","","","","","","","","","","","215.78947","215.78947","215.78947","1877","1877","1877","","","","","",""
"371132","","","","","","","","","","","","","234.58647","234.58647","234.58647","1877","1877","1877","","","","","","","","","","","",""
"371618","-45.52529","-45.52529","-45.52529","1969","1969","1969","","","","","","","","","","","","","","","","","","","","","","","",""
"371666","","","","","","","246.80135","246.80135","246.80135","1959","1959","1959","","","","","","","","","","","","","","","","","",""
"371787","","","","","","","","","","","","","","","","","","","","","","","","","447.79413","447.79413","447.79413","1289","1289","1289"
"371846","","","","","","","","","","","","","","","","","","","184.04669","184.04669","184.04669","1878","1878","1878","","","","","",""
"372133","","","","","","","","","","","","","238.52141","238.52141","238.52141","1878","1878","1878","","","","","","","","","","","",""
"372619","-75.265015","-75.265015","-75.265015","1970","1970","1970","","","","","","","","","","","","","","","","","","","","","","","",""
"372667","","","","","","","227.97427","227.97427","227.97427","1960","1960","1960","","","","","","","","","","","","","","","","","",""
"372788","","","","","","","","","","","","","","","","","","","","","","","","","228.85905","228.85905","228.85905","1300","1300","1300"
"372847","","","","","","","","","","","","","","","","","","","62.54417","62.54417","62.54417","1896","1896","1896","","","","","",""
"373134","","","","","","","","","","","","","154.41696","154.41696","154.41696","1896","1896","1896","","","","","","","","","","","",""
"373620","-77.1987","-77.1987","-77.1987","1989","1989","1989","","","","","","","","","","","","","","","","","","","","","","","",""
"373668","","","","","","","815.44116","815.44116","815.44116","1979","1979","1979","","","","","","","","","","","","","","","","","",""
"373789","","","","","","","","","","","","","","","","","","","","","","","","","401.5773","401.5773","401.5773","1301","1301","1301"
"373848","","","","","","","","","","","","","","","","","","","411.40067","411.40067","411.40067","1897","1897","1897","","","","","",""
"374135","","","","","","","","","","","","","238.76222","238.76222","238.76222","1897","1897","1897","","","","","","","","","","","",""
"374621","-53.41615","-53.41615","-53.41615","1990","1990","1990","","","","","","","","","","","","","","","","","","","","","","","",""
"374669","","","","","","","614.7651","614.7651","614.7651","1980","1980","1980","","","","","","","","","","","","","","","","","",""
"374790","","","","","","","","","","","","","","","","","","","","","","","","","274.57043","274.57043","274.57043","1302","1302","1302"
"374849","","","","","","","","","","","","","","","","","","","216.77019","216.77019","216.77019","1898","1898","1898","","","","","",""
"375136","","","","","","","","","","","","","337.88818","337.88818","337.88818","1898","1898","1898","","","","","","","","","","","",""
"375622","-81.76292","-81.76292","-81.76292","1991","1991","1991","","","","","","","","","","","","","","","","","","","","","","","",""
"375670","","","","","","","392.11356","392.11356","392.11356","1981","1981","1981","","","","","","","","","","","","","","","","","",""
"375791","","","","","","","","","","","","","","","","","","","","","","","","","322.68042","322.68042","322.68042","1303","1303","1303"
"375850","","","","","","","","","","","","","","","","","","","234.34651","234.34651","234.34651","1899","1899","1899","","","","","",""
"376137","","","","","","","","","","","","","179.63525","179.63525","179.63525","1899","1899","1899","","","","","","","","","","","",""
"376623","-74.92163","-74.92163","-74.92163","1992","1992","1992","","","","","","","","","","","","","","","","","","","","","","","",""
"376671","","","","","","","137.1134","137.1134","137.1134","1982","1982","1982","","","","","","","","","","","","","","","","","",""
"376792","","","","","","","","","","","","","","","","","","","","","","","","","528.5714","528.5714","528.5714","1304","1304","1304"
"376851","","","","","","","","","","","","","","","","","","","113.166145","113.166145","113.166145","1917","1917","1917","","","","","",""
"377138","","","","","","","","","","","","","304.3887","304.3887","304.3887","1917","1917","1917","","","","","","","","","","","",""
"377624","-57.692307","-57.692307","-57.692307","2011","2011","2011","","","","","","","","","","","","","","","","","","","","","","","",""
"377672","","","","","","","497.93814","497.93814","497.93814","2001","2001","2001","","","","","","","","","","","","","","","","","",""
"377793","","","","","","","","","","","","","","","","","","","","","","","","","567.88324","567.88324","567.88324","1315","1315","1315"
"377852","","","","","","","","","","","","","","","","","","","188.46153","188.46153","188.46153","1918","1918","1918","","","","","",""
"378139","","","","","","","","","","","","","334.6154","334.6154","334.6154","1918","1918","1918","","","","","","","","","","","",""
"378625","-79.02098","-79.02098","-79.02098","2012","2012","2012","","","","","","","","","","","","","","","","","","","","","","","",""
"378673","","","","","","","204.7619","204.7619","204.7619","2002","2002","2002","","","","","","","","","","","","","","","","","",""
"378794","","","","","","","","","","","","","","","","","","","","","","","","","362.406","362.406","362.406","1316","1316","1316"
"378853","","","","","","","","","","","","","","","","","","","242.65735","242.65735","242.65735","1919","1919","1919","","","","","",""
"379140","","","","","","","","","","","","","333.56644","333.56644","333.56644","1919","1919","1919","","","","","","","","","","","",""
"379626","-75","-75","-75","2013","2013","2013","","","","","","","","","","","","","","","","","","","","","","","",""
"379674","","","","","","","695.6204","695.6204","695.6204","2003","2003","2003","","","","","","","","","","","","","","","","","",""
"379795","","","","","","","","","","","","","","","","","","","","","","","","","767.7043","767.7043","767.7043","1317","1317","1317"
"379854","","","","","","","","","","","","","","","","","","","212.5","212.5","212.5","1920","1920","1920","","","","","",""
"380141","","","","","","","","","","","","","225","225","225","1920","1920","1920","","","","","","","","","","","",""
"380627","-45.76271","-45.76271","-45.76271","2014","2014","2014","","","","","","","","","","","","","","","","","","","","","","","",""
"380675","","","","","","","381.203","381.203","381.203","2004","2004","2004","","","","","","","","","","","","","","","","","",""
"380796","","","","","","","","","","","","","","","","","","","","","","","","","677.38513","677.38513","677.38513","1318","1318","1318"
"380855","","","","","","","","","","","","","","","","","","","8.474576","8.474576","8.474576","1921","1921","1921","","","","","",""
"381142","","","","","","","","","","","","","103.38983","103.38983","103.38983","1938","1938","1938","","","","","","","","","","","",""
"381628","-49.044586","-49.044586","-49.044586","2033","2033","2033","","","","","","","","","","","","","","","","","","","","","","","",""
"381676","","","","","","","433.07394","433.07394","433.07394","2023","2023","2023","","","","","","","","","","","","","","","","","",""
"381780","","","","","","","","","","","","","","","","","","","145.27962","145.27962","145.27962","1939","1939","1939","","","","","",""
"381797","","","","","","","","","","","","","","","","","","","","","","","","","346.25406","346.25406","346.25406","1329","1329","1329"
"382143","","","","","","","","","","","","","329.9363","329.9363","329.9363","1939","1939","1939","","","","","","","","","","","",""
"382629","-75.53517","-75.53517","-75.53517","2034","2034","2034","","","","","","","","","","","","","","","","","","","","","","","",""
"382677","","","","","","","846.99646","846.99646","846.99646","2024","2024","2024","","","","","","","","","","","","","","","","","",""
"382781","","","","","","","","","","","","","","","","","","","303.66974","303.66974","303.66974","1940","1940","1940","","","","","",""
"382798","","","","","","","","","","","","","","","","","","","","","","","","","222.98137","222.98137","222.98137","1330","1330","1330"
"383144","","","","","","","","","","","","","343.42508","343.42508","343.42508","1940","1940","1940","","","","","","","","","","","",""
"383630","-59.501556","-59.501556","-59.501556","2035","2035","2035","","","","","","","","","","","","","","","","","","","","","","","",""
"383678","","","","","","","828.33875","828.33875","828.33875","2025","2025","2025","","","","","","","","","","","","","","","","","",""
"383782","","","","","","","","","","","","","","","","","","","183.48909","183.48909","183.48909","1941","1941","1941","","","","","",""
"383799","","","","","","","","","","","","","","","","","","","","","","","","","282.97873","282.97873","282.97873","1331","1331","1331"
"384145","","","","","","","","","","","","","470.09344","470.09344","470.09344","1941","1941","1941","","","","","","","","","","","",""
"384631","-77.44361","-77.44361","-77.44361","2036","2036","2036","","","","","","","","","","","","","","","","","","","","","","","",""
"384679","","","","","","","257.14285","257.14285","257.14285","2026","2026","2026","","","","","","","","","","","","","","","","","",""
"384783","","","","","","","","","","","","","","","","","","","121.80451","121.80451","121.80451","1942","1942","1942","","","","","",""
"384800","","","","","","","","","","","","","","","","","","","","","","","","","216.61443","216.61443","216.61443","1332","1332","1332"
"385146","","","","","","","","","","","","","670.6767","670.6767","670.6767","1959","1959","1959","","","","","","","","","","","",""
"385632","-77.63578","-77.63578","-77.63578","2055","2055","2055","","","","","","","","","","","","","","","","","","","","","","","",""
"385680","","","","","","","386.32217","386.32217","386.32217","2045","2045","2045","","","","","","","","","","","","","","","","","",""
"385784","","","","","","","","","","","","","","","","","","","206.70926","206.70926","206.70926","1960","1960","1960","","","","","",""
"385801","","","","","","","","","","","","","","","","","","","","","","","","","450","450","450","1343","1343","1343"
"386147","","","","","","","","","","","","","376.03833","376.03833","376.03833","1960","1960","1960","","","","","","","","","","","",""
"386633","-79.238754","-79.238754","-79.238754","2056","2056","2056","","","","","","","","","","","","","","","","","","","","","","","",""
"386681","","","","","","","439.18497","439.18497","439.18497","2046","2046","2046","","","","","","","","","","","","","","","","","",""
"386785","","","","","","","","","","","","","","","","","","","374.04843","374.04843","374.04843","1961","1961","1961","","","","","",""
"386802","","","","","","","","","","","","","","","","","","","","","","","","","529.3706","529.3706","529.3706","1344","1344","1344"
"387148","","","","","","","","","","","","","401.7301","401.7301","401.7301","1961","1961","1961","","","","","","","","","","","",""
"387634","-75.60976","-75.60976","-75.60976","2057","2057","2057","","","","","","","","","","","","","","","","","","","","","","","",""
"387682","","","","","","","634.61536","634.61536","634.61536","2047","2047","2047","","","","","","","","","","","","","","","","","",""
"387786","","","","","","","","","","","","","","","","","","","81.18467","81.18467","81.18467","1962","1962","1962","","","","","",""
"387803","","","","","","","","","","","","","","","","","","","","","","","","","221.875","221.875","221.875","1345","1345","1345"
"388149","","","","","","","","","","","","","457.4913","457.4913","457.4913","1962","1962","1962","","","","","","","","","","","",""
"388635","-78.723404","-78.723404","-78.723404","2058","2058","2058","","","","","","","","","","","","","","","","","","","","","","","",""
"388683","","","","","","","487.4126","487.4126","487.4126","2048","2048","2048","","","","","","","","","","","","","","","","","",""
"388787","","","","","","","","","","","","","","","","","","","368.0851","368.0851","368.0851","1963","1963","1963","","","","","",""
"388804","","","","","","","","","","","","","","","","","","","","","","","","","283.05084","283.05084","283.05084","1346","1346","1346"
"389150","","","","","","","","","","","","","385.8156","385.8156","385.8156","1980","1980","1980","","","","","","","","","","","",""
"389636","-77.1987","-77.1987","-77.1987","2077","2077","2077","","","","","","","","","","","","","","","","","","","","","","","",""
"389684","","","","","","","250","250","250","2067","2067","2067","","","","","","","","","","","","","","","","","",""
"389788","","","","","","","","","","","","","","","","","","","193.1596","193.1596","193.1596","1981","1981","1981","","","","","",""
"389805","","","","","","","","","","","","","","","","","","","","","","","","","514.64966","514.64966","514.64966","1357","1357","1357"
"390151","","","","","","","","","","","","","404.886","404.886","404.886","1981","1981","1981","","","","","","","","","","","",""
"390471","","","","","","","","","","","","","","","","","","","4.5618706","4.5618706","4.5618706","1982","1982","1982","","","","","",""
"390637","-82.01439","-82.01439","-82.01439","2078","2078","2078","","","","","","","","","","","","","","","","","","","","","","","",""
"390685","","","","","","","835.5932","835.5932","835.5932","2068","2068","2068","","","","","","","","","","","","","","","","","",""
"390806","","","","","","","","","","","","","","","","","","","","","","","","","193.57799","193.57799","193.57799","1358","1358","1358"
"391152","","","","","","","","","","","","","464.7482","464.7482","464.7482","1982","1982","1982","","","","","","","","","","","",""
"391472","","","","","","","","","","","","","","","","","","","14.391144","14.391144","14.391144","1983","1983","1983","","","","","",""
"391638","-74.16974","-74.16974","-74.16974","2079","2079","2079","","","","","","","","","","","","","","","","","","","","","","","",""
"391686","","","","","","","571.97455","571.97455","571.97455","2069","2069","2069","","","","","","","","","","","","","","","","","",""
"391807","","","","","","","","","","","","","","","","","","","","","","","","","202.18068","202.18068","202.18068","1359","1359","1359"
"392153","","","","","","","","","","","","","460.88562","460.88562","460.88562","1983","1983","1983","","","","","","","","","","","",""
"392473","","","","","","","","","","","","","","","","","","","148.40764","148.40764","148.40764","1984","1984","1984","","","","","",""
"392639","-52.229298","-52.229298","-52.229298","2080","2080","2080","","","","","","","","","","","","","","","","","","","","","","","",""
"392687","","","","","","","474.92355","474.92355","474.92355","2070","2070","2070","","","","","","","","","","","","","","","","","",""
"392808","","","","","","","","","","","","","","","","","","","","","","","","","407.5188","407.5188","407.5188","1360","1360","1360"
"393154","","","","","","","","","","","","","578.34393","578.34393","578.34393","1984","1984","1984","","","","","","","","","","","",""
"393474","","","","","","","","","","","","","","","","","","","106.521736","106.521736","106.521736","2002","2002","2002","","","","","",""
"393640","-67.391304","-67.391304","-67.391304","2099","2099","2099","","","","","","","","","","","","","","","","","","","","","","","",""
"393688","","","","","","","769.1589","769.1589","769.1589","2089","2089","2089","","","","","","","","","","","","","","","","","",""
"393809","","","","","","","","","","","","","","","","","","","","","","","","","653.9936","653.9936","653.9936","1371","1371","1371"
"394155","","","","","","","","","","","","","744.2029","744.2029","744.2029","2002","2002","2002","","","","","","","","","","","",""
"394475","","","","","","","","","","","","","","","","","","","152.4917","152.4917","152.4917","2003","2003","2003","","","","","",""
"394641","-60.13289","-60.13289","-60.13289","2100","2100","2100","","","","","","","","","","","","","","","","","","","","","","","",""
"394689","","","","","","","847.3684","847.3684","847.3684","2090","2090","2090","","","","","","","","","","","","","","","","","",""
"394810","","","","","","","","","","","","","","","","","","","","","","","","","384.42908","384.42908","384.42908","1372","1372","1372"
"395156","","","","","","","","","","","","","491.36212","491.36212","491.36212","2003","2003","2003","","","","","","","","","","","",""
"395476","","","","","","","","","","","","","","","","","","","-0.3215434","-0.3215434","-0.3215434","2004","2004","2004","","","","","",""
"395642","-77.49196","-77.49196","-77.49196","2101","2101","2101","","","","","","","","","","","","","","","","","","","","","","","",""
"395690","","","","","","","647.6038","647.6038","647.6038","2091","2091","2091","","","","","","","","","","","","","","","","","",""
"395811","","","","","","","","","","","","","","","","","","","","","","","","","802.439","802.439","802.439","1373","1373","1373"
"396157","","","","","","","","","","","","","408.03857","408.03857","408.03857","2004","2004","2004","","","","","","","","","","","",""
"396477","","","","","","","","","","","","","","","","","","","41.89189","41.89189","41.89189","2005","2005","2005","","","","","",""
"396643","-72.97298","-72.97298","-72.97298","2102","2102","2102","","","","","","","","","","","","","","","","","","","","","","","",""
"396691","","","","","","","723.5294","723.5294","723.5294","2092","2092","2092","","","","","","","","","","","","","","","","","",""
"396812","","","","","","","","","","","","","","","","","","","","","","","","","329.078","329.078","329.078","1374","1374","1374"
"397158","","","","","","","","","","","","","545.27026","545.27026","545.27026","2005","2005","2005","","","","","","","","","","","",""
"397478","","","","","","","","","","","","","","","","","","","273.08868","273.08868","273.08868","2023","2023","2023","","","","","",""
"397644","-78.59327","-78.59327","-78.59327","2121","2121","2121","","","","","","","","","","","","","","","","","","","","","","","",""
"397692","","","","","","","237.9791","237.9791","237.9791","2111","2111","2111","","","","","","","","","","","","","","","","","",""
"397813","","","","","","","","","","","","","","","","","","","","","","","","","479.80457","479.80457","479.80457","1385","1385","1385"
"398159","","","","","","","","","","","","","202.75229","202.75229","202.75229","2023","2023","2023","","","","","","","","","","","",""
"398479","","","","","","","","","","","","","","","","","","","197.1246","197.1246","197.1246","2024","2024","2024","","","","","",""
"398645","-64.85623","-64.85623","-64.85623","2122","2122","2122","","","","","","","","","","","","","","","","","","","","","","","",""
"398693","","","","","","","676.59576","676.59576","676.59576","2112","2112","2112","","","","","","","","","","","","","","","","","",""
"398814","","","","","","","","","","","","","","","","","","","","","","","","","299.28058","299.28058","299.28058","1386","1386","1386"
"399160","","","","","","","","","","","","","554.9521","554.9521","554.9521","2024","2024","2024","","","","","","","","","","","",""
"399480","","","","","","","","","","","","","","","","","","","52.63158","52.63158","52.63158","2025","2025","2025","","","","","",""
"399646","-73.68421","-73.68421","-73.68421","2123","2123","2123","","","","","","","","","","","","","","","","","","","","","","","",""
"399694","","","","","","","828.33875","828.33875","828.33875","2113","2113","2113","","","","","","","","","","","","","","","","","",""
"399815","","","","","","","","","","","","","","","","","","","","","","","","","464.57565","464.57565","464.57565","1387","1387","1387"
"400161","","","","","","","","","","","","","392.10526","392.10526","392.10526","2025","2025","2025","","","","","","","","","","","",""
"400481","","","","","","","","","","","","","","","","","","","64.12214","64.12214","64.12214","2026","2026","2026","","","","","",""
"400647","-61.83206","-61.83206","-61.83206","2124","2124","2124","","","","","","","","","","","","","","","","","","","","","","","",""
"400695","","","","","","","288.4892","288.4892","288.4892","2114","2114","2114","","","","","","","","","","","","","","","","","",""
"400816","","","","","","","","","","","","","","","","","","","","","","","","","489.17197","489.17197","489.17197","1388","1388","1388"
"401162","","","","","","","","","","","","","369.46564","369.46564","369.46564","2026","2026","2026","","","","","","","","","","","",""
"401482","","","","","","","","","","","","","","","","","","","123.72881","123.72881","123.72881","2044","2044","2044","","","","","",""
"401648","-83.05085","-83.05085","-83.05085","2143","2143","2143","","","","","","","","","","","","","","","","","","","","","","","",""
"401696","","","","","","","353.87454","353.87454","353.87454","2133","2133","2133","","","","","","","","","","","","","","","","","",""
"401817","","","","","","","","","","","","","","","","","","","","","","","","","653.62317","653.62317","653.62317","1399","1399","1399"
"402163","","","","","","","","","","","","","120.33898","120.33898","120.33898","2044","2044","2044","","","","","","","","","","","",""
"402483","","","","","","","","","","","","","","","","","","","39.44223","39.44223","39.44223","2045","2045","2045","","","","","",""
"402649","-76.09562","-76.09562","-76.09562","2144","2144","2144","","","","","","","","","","","","","","","","","","","","","","","",""
"402697","","","","","","","326.7516","326.7516","326.7516","2134","2134","2134","","","","","","","","","","","","","","","","","",""
"402818","","","","","","","","","","","","","","","","","","","","","","","","","770.4319","770.4319","770.4319","1400","1400","1400"
"403164","","","","","","","","","","","","","493.6255","493.6255","493.6255","2045","2045","2045","","","","","","","","","","","",""
"403484","","","","","","","","","","","","","","","","","","","104.15225","104.15225","104.15225","2046","2046","2046","","","","","",""
"403650","-3.1141868","-3.1141868","-3.1141868","2145","2145","2145","","","","","","","","","","","","","","","","","","","","","","","",""
"403698","","","","","","","479.71014","479.71014","479.71014","2135","2135","2135","","","","","","","","","","","","","","","","","",""
"403819","","","","","","","","","","","","","","","","","","","","","","","","","308.36014","308.36014","308.36014","1401","1401","1401"
"404165","","","","","","","","","","","","","69.55017","69.55017","69.55017","2046","2046","2046","","","","","","","","","","","",""
"404485","","","","","","","","","","","","","","","","","","","256.58914","256.58914","256.58914","2047","2047","2047","","","","","",""
"404651","-80.620155","-80.620155","-80.620155","2146","2146","2146","","","","","","","","","","","","","","","","","","","","","","","",""
"404699","","","","","","","521.26245","521.26245","521.26245","2136","2136","2136","","","","","","","","","","","","","","","","","",""
"404820","","","","","","","","","","","","","","","","","","","","","","","","","764.86487","764.86487","764.86487","1402","1402","1402"
"405166","","","","","","","","","","","","","543.4108","543.4108","543.4108","2047","2047","2047","","","","","","","","","","","",""
"405486","","","","","","","","","","","","","","","","","","","233.33333","233.33333","233.33333","2048","2048","2048","","","","","",""
"405652","-82.07885","-82.07885","-82.07885","2165","2165","2165","","","","","","","","","","","","","","","","","","","","","","","",""
"405700","","","","","","","379.09967","379.09967","379.09967","2155","2155","2155","","","","","","","","","","","","","","","","","",""
"405821","","","","","","","","","","","","","","","","","","","","","","","","","588.07336","588.07336","588.07336","1413","1413","1413"
"406167","","","","","","","","","","","","","348.0287","348.0287","348.0287","2065","2065","2065","","","","","","","","","","","",""
"406487","","","","","","","","","","","","","","","","","","","471.42856","471.42856","471.42856","2066","2066","2066","","","","","",""
"406653","-69.92481","-69.92481","-69.92481","2166","2166","2166","","","","","","","","","","","","","","","","","","","","","","","",""
"406701","","","","","","","180.40541","180.40541","180.40541","2156","2156","2156","","","","","","","","","","","","","","","","","",""
"406822","","","","","","","","","","","","","","","","","","","","","","","","","564.53674","564.53674","564.53674","1414","1414","1414"
"407168","","","","","","","","","","","","","565.4135","565.4135","565.4135","2066","2066","2066","","","","","","","","","","","",""
"407488","","","","","","","","","","","","","","","","","","","396.66666","396.66666","396.66666","2067","2067","2067","","","","","",""
"407654","-70","-70","-70","2167","2167","2167","","","","","","","","","","","","","","","","","","","","","","","",""
"407702","","","","","","","630.88684","630.88684","630.88684","2157","2157","2157","","","","","","","","","","","","","","","","","",""
"407823","","","","","","","","","","","","","","","","","","","","","","","","","300","300","300","1415","1415","1415"
"408169","","","","","","","","","","","","","406.66666","406.66666","406.66666","2067","2067","2067","","","","","","","","","","","",""
"408489","","","","","","","","","","","","","","","","","","","227.06767","227.06767","227.06767","2068","2068","2068","","","","","",""
"408655","-77.44361","-77.44361","-77.44361","2168","2168","2168","","","","","","","","","","","","","","","","","","","","","","","",""
"408703","","","","","","","784.984","784.984","784.984","2158","2158","2158","","","","","","","","","","","","","","","","","",""
"408824","","","","","","","","","","","","","","","","","","","","","","","","","510.687","510.687","510.687","1416","1416","1416"
"409170","","","","","","","","","","","","","821.0526","821.0526","821.0526","2068","2068","2068","","","","","","","","","","","",""
"409490","","","","","","","","","","","","","","","","","","","231.03448","231.03448","231.03448","2069","2069","2069","","","","","",""
"409656","-72.413795","-72.413795","-72.413795","2187","2187","2187","","","","","","","","","","","","","","","","","","","","","","","",""
"409704","","","","","","","384.21054","384.21054","384.21054","2177","2177","2177","","","","","","","","","","","","","","","","","",""
"409825","","","","","","","","","","","","","","","","","","","","","","","","","764.4068","764.4068","764.4068","1427","1427","1427"
"410171","","","","","","","","","","","","","668.9655","668.9655","668.9655","2086","2086","2086","","","","","","","","","","","",""
"410491","","","","","","","","","","","","","","","","","","","65.46763","65.46763","65.46763","2087","2087","2087","","","","","",""
"410657","-67.6259","-67.6259","-67.6259","2188","2188","2188","","","","","","","","","","","","","","","","","","","","","","","",""
"410705","","","","","","","487.78625","487.78625","487.78625","2178","2178","2178","","","","","","","","","","","","","","","","","",""
"410826","","","","","","","","","","","","","","","","","","","","","","","","","374.10358","374.10358","374.10358","1428","1428","1428"
"411172","","","","","","","","","","","","","335.2518","335.2518","335.2518","2087","2087","2087","","","","","","","","","","","",""
"411492","","","","","","","","","","","","","","","","","","","108.191124","108.191124","108.191124","2088","2088","2088","","","","","",""
"411658","-76.109215","-76.109215","-76.109215","2189","2189","2189","","","","","","","","","","","","","","","","","","","","","","","",""
"411706","","","","","","","791.52545","791.52545","791.52545","2179","2179","2179","","","","","","","","","","","","","","","","","",""
"411827","","","","","","","","","","","","","","","","","","","","","","","","","287.54324","287.54324","287.54324","1429","1429","1429"
"412173","","","","","","","","","","","","","265.1877","265.1877","265.1877","2088","2088","2088","","","","","","","","","","","",""
"412493","","","","","","","","","","","","","","","","","","","244.2029","244.2029","244.2029","2089","2089","2089","","","","","",""
"412659","-71.014496","-71.014496","-71.014496","2190","2190","2190","","","","","","","","","","","","","","","","","","","","","","","",""
"412707","","","","","","","378.08765","378.08765","378.08765","2180","2180","2180","","","","","","","","","","","","","","","","","",""
"412828","","","","","","","","","","","","","","","","","","","","","","","","","853.48834","853.48834","853.48834","1430","1430","1430"
"413053","","","","","","","","","","","","","-17.510145","-17.510145","-17.510145","2089","2089","2089","","","","","","","","","","","",""
"413494","","","","","","","","","","","","","","","","","","","185.33333","185.33333","185.33333","2090","2090","2090","","","","","",""
"413660","-86.666664","-86.666664","-86.666664","2191","2191","2191","","","","","","","","","","","","","","","","","","","","","","","",""
"413708","","","","","","","412.11072","412.11072","412.11072","2199","2199","2199","","","","","","","","","","","","","","","","","",""
"413829","","","","","","","","","","","","","","","","","","","","","","","","","713.62006","713.62006","713.62006","1441","1441","1441"
"414054","","","","","","","","","","","","","86.666664","86.666664","86.666664","2107","2107","2107","","","","","","","","","","","",""
"414495","","","","","","","","","","","","","","","","","","","389.20862","389.20862","389.20862","2108","2108","2108","","","","","",""
"414661","-74.820145","-74.820145","-74.820145","2210","2210","2210","","","","","","","","","","","","","","","","","","","","","","","",""
"414709","","","","","","","880.6202","880.6202","880.6202","2200","2200","2200","","","","","","","","","","","","","","","","","",""
"414830","","","","","","","","","","","","","","","","","","","","","","","","","377.4436","377.4436","377.4436","1442","1442","1442"
"415055","","","","","","","","","","","","","540.2878","540.2878","540.2878","2108","2108","2108","","","","","","","","","","","",""
"415163","","","","","","","","","","","","","","","","","","","36.14914","36.14914","36.14914","2109","2109","2109","","","","","",""
"415662","-31.271477","-31.271477","-31.271477","2211","2211","2211","","","","","","","","","","","","","","","","","","","","","","","",""
"415710","","","","","","","387.4552","387.4552","387.4552","2201","2201","2201","","","","","","","","","","","","","","","","","",""
"415831","","","","","","","","","","","","","","","","","","","","","","","","","510","510","510","1443","1443","1443"
"415960","","","","","","","","","","","","","","","","","","","-108.07143","-108.07143","-108.07143","2110","2110","2110","","","","","",""
"416056","","","","","","","","","","","","","243.64261","243.64261","243.64261","2109","2109","2109","","","","","","","","","","","",""
"416663","-77.44361","-77.44361","-77.44361","2212","2212","2212","","","","","","","","","","","","","","","","","","","","","","","",""
"416711","","","","","","","666.9173","666.9173","666.9173","2202","2202","2202","","","","","","","","","","","","","","","","","",""
"416832","","","","","","","","","","","","","","","","","","","","","","","","","636.8421","636.8421","636.8421","1444","1444","1444"
"416961","","","","","","","","","","","","","","","","","","","-33.09859","-33.09859","-33.09859","2111","2111","2111","","","","","",""
"417057","","","","","","","","","","","","","279.69925","279.69925","279.69925","2110","2110","2110","","","","","","","","","","","",""
"417664","-78.87324","-78.87324","-78.87324","2213","2213","2213","","","","","","","","","","","","","","","","","","","","","","","",""
"417712","","","","","","","273.33334","273.33334","273.33334","2203","2203","2203","","","","","","","","","","","","","","","","","",""
"417833","","","","","","","","","","","","","","","","","","","","","","","","","365.51724","365.51724","365.51724","1455","1455","1455"
"417962","","","","","","","","","","","","","","","","","","","500.67114","500.67114","500.67114","2129","2129","2129","","","","","",""
"418058","","","","","","","","","","","","","61.971832","61.971832","61.971832","2128","2128","2128","","","","","","","","","","","",""
"418665","-26.174496","-26.174496","-26.174496","2232","2232","2232","","","","","","","","","","","","","","","","","","","","","","","",""
"418713","","","","","","","501.50375","501.50375","501.50375","2222","2222","2222","","","","","","","","","","","","","","","","","",""
"418834","","","","","","","","","","","","","","","","","","","","","","","","","590.64746","590.64746","590.64746","1456","1456","1456"
"418963","","","","","","","","","","","","","","","","","","","333.69174","333.69174","333.69174","2130","2130","2130","","","","","",""
"419059","","","","","","","","","","","","","400","400","400","2129","2129","2129","","","","","","","","","","","",""
"419666","-67.741936","-67.741936","-67.741936","2233","2233","2233","","","","","","","","","","","","","","","","","","","","","","","",""
"419714","","","","","","","537.931","537.931","537.931","2223","2223","2223","","","","","","","","","","","","","","","","","",""
"419835","","","","","","","","","","","","","","","","","","","","","","","","","753.2423","753.2423","753.2423","1457","1457","1457"
"419964","","","","","","","","","","","","","","","","","","","250.19455","250.19455","250.19455","2131","2131","2131","","","","","",""
"420060","","","","","","","","","","","","","251.25449","251.25449","251.25449","2130","2130","2130","","","","","","","","","","","",""
"420667","-72.76265","-72.76265","-72.76265","2234","2234","2234","","","","","","","","","","","","","","","","","","","","","","","",""
"420715","","","","","","","259.71222","259.71222","259.71222","2224","2224","2224","","","","","","","","","","","","","","","","","",""
"420836","","","","","","","","","","","","","","","","","","","","","","","","","592.029","592.029","592.029","1458","1458","1458"
"420965","","","","","","","","","","","","","","","","","","","392.1875","392.1875","392.1875","2132","2132","2132","","","","","",""
"421061","","","","","","","","","","","","","833.8521","833.8521","833.8521","2131","2131","2131","","","","","","","","","","","",""
"421668","-72.65625","-72.65625","-72.65625","2235","2235","2235","","","","","","","","","","","","","","","","","","","","","","","",""
"421716","","","","","","","514.3345","514.3345","514.3345","2225","2225","2225","","","","","","","","","","","","","","","","","",""
"421837","","","","","","","","","","","","","","","","","","","","","","","","","508","508","508","1459","1459","1459"
"421966","","","","","","","","","","","","","","","","","","","225","225","225","2150","2150","2150","","","","","",""
"422062","","","","","","","","","","","","","579.6875","579.6875","579.6875","2149","2149","2149","","","","","","","","","","","",""
"422669","-75","-75","-75","2254","2254","2254","","","","","","","","","","","","","","","","","","","","","","","",""
"422717","","","","","","","88.4058","88.4058","88.4058","2244","2244","2244","","","","","","","","","","","","","","","","","",""
"422838","","","","","","","","","","","","","","","","","","","","","","","","","281.29495","281.29495","281.29495","1470","1470","1470"
"422967","","","","","","","","","","","","","","","","","","","290.8046","290.8046","290.8046","2151","2151","2151","","","","","",""
"423063","","","","","","","","","","","","","600","600","600","2150","2150","2150","","","","","","","","","","","",""
"423670","-27.203066","-27.203066","-27.203066","2255","2255","2255","","","","","","","","","","","","","","","","","","","","","","","",""
"423718","","","","","","","601.3333","601.3333","601.3333","2245","2245","2245","","","","","","","","","","","","","","","","","",""
"423839","","","","","","","","","","","","","","","","","","","","","","","","","700.68726","700.68726","700.68726","1471","1471","1471"
"423968","","","","","","","","","","","","","","","","","","","345.65216","345.65216","345.65216","2152","2152","2152","","","","","",""
"424064","","","","","","","","","","","","","340.61304","340.61304","340.61304","2151","2151","2151","","","","","","","","","","","",""
"424671","-74.63768","-74.63768","-74.63768","2256","2256","2256","","","","","","","","","","","","","","","","","","","","","","","",""
"424719","","","","","","","889.2086","889.2086","889.2086","2246","2246","2246","","","","","","","","","","","","","","","","","",""
"424840","","","","","","","","","","","","","","","","","","","","","","","","","294.73685","294.73685","294.73685","1472","1472","1472"
"424969","","","","","","","","","","","","","","","","","","","191.81494","191.81494","191.81494","2153","2153","2153","","","","","",""
"425065","","","","","","","","","","","","","349.27536","349.27536","349.27536","2152","2152","2152","","","","","","","","","","","",""
"425672","-75.08897","-75.08897","-75.08897","2257","2257","2257","","","","","","","","","","","","","","","","","","","","","","","",""
"425720","","","","","","","869.07214","869.07214","869.07214","2247","2247","2247","","","","","","","","","","","","","","","","","",""
"425841","","","","","","","","","","","","","","","","","","","","","","","","","329.57745","329.57745","329.57745","1473","1473","1473"
"425970","","","","","","","","","","","","","","","","","","","38.61386","38.61386","38.61386","2154","2154","2154","","","","","",""
"426066","","","","","","","","","","","","","277.2242","277.2242","277.2242","2170","2170","2170","","","","","","","","","","","",""
"426673","-73.59736","-73.59736","-73.59736","2276","2276","2276","","","","","","","","","","","","","","","","","","","","","","","",""
"426721","","","","","","","599.2481","599.2481","599.2481","2266","2266","2266","","","","","","","","","","","","","","","","","",""
"426842","","","","","","","","","","","","","","","","","","","","","","","","","738.92615","738.92615","738.92615","1484","1484","1484"
"426971","","","","","","","","","","","","","","","","","","","316.9884","316.9884","316.9884","2172","2172","2172","","","","","",""
"427067","","","","","","","","","","","","","649.1749","649.1749","649.1749","2171","2171","2171","","","","","","","","","","","",""
"427674","-72.97298","-72.97298","-72.97298","2277","2277","2277","","","","","","","","","","","","","","","","","","","","","","","",""
"427722","","","","","","","558.4507","558.4507","558.4507","2267","2267","2267","","","","","","","","","","","","","","","","","",""
"427843","","","","","","","","","","","","","","","","","","","","","","","","","523.6559","523.6559","523.6559","1485","1485","1485"
"427972","","","","","","","","","","","","","","","","","","","193.41318","193.41318","193.41318","2173","2173","2173","","","","","",""
"428068","","","","","","","","","","","","","552.50964","552.50964","552.50964","2172","2172","2172","","","","","","","","","","","",""
"428675","-76.047905","-76.047905","-76.047905","2278","2278","2278","","","","","","","","","","","","","","","","","","","","","","","",""
"428723","","","","","","","400","400","400","2268","2268","2268","","","","","","","","","","","","","","","","","",""
"428844","","","","","","","","","","","","","","","","","","","","","","","","","822.179","822.179","822.179","1486","1486","1486"
"428973","","","","","","","","","","","","","","","","","","","332.9897","332.9897","332.9897","2174","2174","2174","","","","","",""
"429069","","","","","","","","","","","","","268.26346","268.26346","268.26346","2173","2173","2173","","","","","","","","","","","",""
"429676","-79.38145","-79.38145","-79.38145","2279","2279","2279","","","","","","","","","","","","","","","","","","","","","","","",""
"429724","","","","","","","251.25449","251.25449","251.25449","2269","2269","2269","","","","","","","","","","","","","","","","","",""
"429845","","","","","","","","","","","","","","","","","","","","","","","","","595.3125","595.3125","595.3125","1487","1487","1487"
"429876","","","","","","","","","","","","","","","","","","","15.596203","15.596203","15.596203","2175","2175","2175","","","","","",""
"430070","","","","","","","","","","","","","171.47766","171.47766","171.47766","2174","2174","2174","","","","","","","","","","","",""
"430266","","","","","","","","","","","","","","","","","","","44.079376","44.079376","44.079376","2193","2193","2193","","","","","",""
"430677","-43.037975","-43.037975","-43.037975","2298","2298","2298","","","","","","","","","","","","","","","","","","","","","","","",""
"430725","","","","","","","857.1984","857.1984","857.1984","2288","2288","2288","","","","","","","","","","","","","","","","","",""
"430846","","","","","","","","","","","","","","","","","","","","","","","","","889.2857","889.2857","889.2857","1498","1498","1498"
"431071","","","","","","","","","","","","","257.59494","257.59494","257.59494","2192","2192","2192","","","","","","","","","","","",""
"431267","","","","","","","","","","","","","","","","","","","166.90392","166.90392","166.90392","2194","2194","2194","","","","","",""
"431678","-72.76265","-72.76265","-72.76265","2299","2299","2299","","","","","","","","","","","","","","","","","","","","","","","",""
"431726","","","","","","","216.40625","216.40625","216.40625","2289","2289","2289","","","","","","","","","","","","","","","","","",""
"431847","","","","","","","","","","","","","","","","","","","","","","","","","631.8008","631.8008","631.8008","1499","1499","1499"
"432072","","","","","","","","","","","","","495.33075","495.33075","495.33075","2193","2193","2193","","","","","","","","","","","",""
"432268","","","","","","","","","","","","","","","","","","","276.3066","276.3066","276.3066","2195","2195","2195","","","","","",""
"432524","","","","","","","","","","","","","","","","","","","8.150489","8.150489","8.150489","2196","2196","2196","","","","","",""
"432679","-71.53025","-71.53025","-71.53025","2300","2300","2300","","","","","","","","","","","","","","","","","","","","","","","",""
"432682","","","","","","","904.5","904.5","904.5","2290","2290","2290","","","","","","","","","","","","","","","","","",""
"432848","","","","","","","","","","","","","","","","","","","","","","","","","860.1449","860.1449","860.1449","1500","1500","1500"
"433073","","","","","","","","","","","","","330.60498","330.60498","330.60498","2194","2194","2194","","","","","","","","","","","",""
"433416","","","","","","","","","","","","","","","","","","","94.870964","94.870964","94.870964","2197","2197","2197","","","","","",""
"433680","-82.5784","-82.5784","-82.5784","2301","2301","2301","","","","","","","","","","","","","","","","","","","","","","","",""
"433683","","","","","","","716.092","716.092","716.092","2291","2291","2291","","","","","","","","","","","","","","","","","",""
"433849","","","","","","","","","","","","","","","","","","","","","","","","","444.48398","444.48398","444.48398","1501","1501","1501"
"434074","","","","","","","","","","","","","405.22647","405.22647","405.22647","2195","2195","2195","","","","","","","","","","","",""
"434417","","","","","","","","","","","","","","","","","","","235.61644","235.61644","235.61644","2215","2215","2215","","","","","",""
"434681","-83.713356","-83.713356","-83.713356","2320","2320","2320","","","","","","","","","","","","","","","","","","","","","","","",""
"434684","","","","","","","309.4203","309.4203","309.4203","2310","2310","2310","","","","","","","","","","","","","","","","","",""
"434850","","","","","","","","","","","","","","","","","","","","","","","","","751.48517","751.48517","751.48517","1512","1512","1512"
"435075","","","","","","","","","","","","","404.886","404.886","404.886","2213","2213","2213","","","","","","","","","","","",""
"435418","","","","","","","","","","","","","","","","","","","103.00752","103.00752","103.00752","2216","2216","2216","","","","","",""
"435682","-51.612904","-51.612904","-51.612904","2321","2321","2321","","","","","","","","","","","","","","","","","","","","","","","",""
"435685","","","","","","","682.91815","682.91815","682.91815","2311","2311","2311","","","","","","","","","","","","","","","","","",""
"435851","","","","","","","","","","","","","","","","","","","","","","","","","691.5058","691.5058","691.5058","1513","1513","1513"
"436076","","","","","","","","","","","","","264.51614","264.51614","264.51614","2214","2214","2214","","","","","","","","","","","",""
"436419","","","","","","","","","","","","","","","","","","","280.47137","280.47137","280.47137","2217","2217","2217","","","","","",""
"436683","-69.178085","-69.178085","-69.178085","2322","2322","2322","","","","","","","","","","","","","","","","","","","","","","","",""
"436686","","","","","","","230.033","230.033","230.033","2312","2312","2312","","","","","","","","","","","","","","","","","",""
"436852","","","","","","","","","","","","","","","","","","","","","","","","","447.9042","447.9042","447.9042","1514","1514","1514"
"437077","","","","","","","","","","","","","451.36987","451.36987","451.36987","2215","2215","2215","","","","","","","","","","","",""
"437420","","","","","","","","","","","","","","","","","","","182.82828","182.82828","182.82828","2218","2218","2218","","","","","",""
"437684","-81.20301","-81.20301","-81.20301","2323","2323","2323","","","","","","","","","","","","","","","","","","","","","","","",""
"437687","","","","","","","355.59845","355.59845","355.59845","2313","2313","2313","","","","","","","","","","","","","","","","","",""
"437853","","","","","","","","","","","","","","","","","","","","","","","","","401.7182","401.7182","401.7182","1515","1515","1515"
"438078","","","","","","","","","","","","","279.69925","279.69925","279.69925","2216","2216","2216","","","","","","","","","","","",""
"438421","","","","","","","","","","","","","","","","","","","126.11465","126.11465","126.11465","2236","2236","2236","","","","","",""
"438685","-62.962963","-62.962963","-62.962963","2342","2342","2342","","","","","","","","","","","","","","","","","","","","","","","",""
"438688","","","","","","","262.27545","262.27545","262.27545","2332","2332","2332","","","","","","","","","","","","","","","","","",""
"438854","","","","","","","","","","","","","","","","","","","","","","","","","292.40506","292.40506","292.40506","1526","1526","1526"
"439079","","","","","","","","","","","","","283.83838","283.83838","283.83838","2234","2234","2234","","","","","","","","","","","",""
"439422","","","","","","","","","","","","","","","","","","","285.57993","285.57993","285.57993","2237","2237","2237","","","","","",""
"439686","-76.43098","-76.43098","-76.43098","2343","2343","2343","","","","","","","","","","","","","","","","","","","","","","","",""
"439689","","","","","","","659.4502","659.4502","659.4502","2333","2333","2333","","","","","","","","","","","","","","","","","",""
"439855","","","","","","","","","","","","","","","","","","","","","","","","","779.37744","779.37744","779.37744","1527","1527","1527"
"440080","","","","","","","","","","","","","283.83838","283.83838","283.83838","2235","2235","2235","","","","","","","","","","","",""
"440423","","","","","","","","","","","","","","","","","","","285.159","285.159","285.159","2238","2238","2238","","","","","",""
"440687","-74.52229","-74.52229","-74.52229","2344","2344","2344","","","","","","","","","","","","","","","","","","","","","","","",""
"440690","","","","","","","355.6962","355.6962","355.6962","2334","2334","2334","","","","","","","","","","","","","","","","","",""
"440856","","","","","","","","","","","","","","","","","","","","","","","","","213.16727","213.16727","213.16727","1528","1528","1528"
"441081","","","","","","","","","","","","","364.96814","364.96814","364.96814","2236","2236","2236","","","","","","","","","","","",""
"441424","","","","","","","","","","","","","","","","","","","84.210526","84.210526","84.210526","2239","2239","2239","","","","","",""
"441619","","","","","","","907.2","907.2","907.2","2335","2335","2335","","","","","","","","","","","","","","","","","",""
"441688","-81.19122","-81.19122","-81.19122","2345","2345","2345","","","","","","","","","","","","","","","","","","","","","","","",""
"441857","","","","","","","","","","","","","","","","","","","","","","","","","579.4425","579.4425","579.4425","1529","1529","1529"
"441981","","","","","","","","","","","","","","","","","","","-95.42933","-95.42933","-95.42933","2240","2240","2240","","","","","",""
"442082","","","","","","","","","","","","","530.09406","530.09406","530.09406","2237","2237","2237","","","","","","","","","","","",""
"442335","","","","","","","","","","","","","","","","","","","-67.82411","-67.82411","-67.82411","2241","2241","2241","","","","","",""
"442620","","","","","","","650.8897","650.8897","650.8897","2354","2354","2354","","","","","","","","","","","","","","","","","",""
"442689","-57.59717","-57.59717","-57.59717","2364","2364","2364","","","","","","","","","","","","","","","","","","","","","","","",""
"442858","","","","","","","","","","","","","","","","","","","","","","","","","430.9446","430.9446","430.9446","1540","1540","1540"
"443083","","","","","","","","","","","","","839.9293","839.9293","839.9293","2255","2255","2255","","","","","","","","","","","",""
"443336","","","","","","","","","","","","","","","","","","","321.72525","321.72525","321.72525","2259","2259","2259","","","","","",""
"443621","","","","","","","562.02094","562.02094","562.02094","2355","2355","2355","","","","","","","","","","","","","","","","","",""
"443690","-13.533834","-13.533834","-13.533834","2365","2365","2365","","","","","","","","","","","","","","","","","","","","","","","",""
"443859","","","","","","","","","","","","","","","","","","","","","","","","","519.35486","519.35486","519.35486","1541","1541","1541"
"444084","","","","","","","","","","","","","403.7594","403.7594","403.7594","2256","2256","2256","","","","","","","","","","","",""
"444337","","","","","","","","","","","","","","","","","","","441.98474","441.98474","441.98474","2260","2260","2260","","","","","",""
"444622","","","","","","","277.85016","277.85016","277.85016","2356","2356","2356","","","","","","","","","","","","","","","","","",""
"444691","-78.798584","-78.798584","-78.798584","2366","2366","2366","","","","","","","","","","","","","","","","","","","","","","","",""
"444860","","","","","","","","","","","","","","","","","","","","","","","","","215.0685","215.0685","215.0685","1542","1542","1542"
"445085","","","","","","","","","","","","","497.17316","497.17316","497.17316","2257","2257","2257","","","","","","","","","","","",""
"445338","","","","","","","","","","","","","","","","","","","131.51126","131.51126","131.51126","2261","2261","2261","","","","","",""
"445623","","","","","","","480.64517","480.64517","480.64517","2357","2357","2357","","","","","","","","","","","","","","","","","",""
"445692","-78.723404","-78.723404","-78.723404","2367","2367","2367","","","","","","","","","","","","","","","","","","","","","","","",""
"445861","","","","","","","","","","","","","","","","","","","","","","","","","433.8346","433.8346","433.8346","1543","1543","1543"
"446086","","","","","","","","","","","","","570.21277","570.21277","570.21277","2258","2258","2258","","","","","","","","","","","",""
"446339","","","","","","","","","","","","","","","","","","","227.06767","227.06767","227.06767","2262","2262","2262","","","","","",""
"446624","","","","","","","252.73973","252.73973","252.73973","2376","2376","2376","","","","","","","","","","","","","","","","","",""
"446693","-32.90735","-32.90735","-32.90735","2386","2386","2386","","","","","","","","","","","","","","","","","","","","","","","",""
"446862","","","","","","","","","","","","","","","","","","","","","","","","","553.19867","553.19867","553.19867","1554","1554","1554"
"447087","","","","","","","","","","","","","222.6837","222.6837","222.6837","2276","2276","2276","","","","","","","","","","","",""
"447340","","","","","","","","","","","","","","","","","","","220.42253","220.42253","220.42253","2280","2280","2280","","","","","",""
"447625","","","","","","","287.21805","287.21805","287.21805","2377","2377","2377","","","","","","","","","","","","","","","","","",""
"447694","-77.099236","-77.099236","-77.099236","2387","2387","2387","","","","","","","","","","","","","","","","","","","","","","","",""
"447863","","","","","","","","","","","","","","","","","","","","","","","","","51.515152","51.515152","51.515152","1555","1555","1555"
"448088","","","","","","","","","","","","","808.397","808.397","808.397","2277","2277","2277","","","","","","","","","","","",""
"448341","","","","","","","","","","","","","","","","","","","342.62296","342.62296","342.62296","2281","2281","2281","","","","","",""
"448626","","","","","","","590.2357","590.2357","590.2357","2378","2378","2378","","","","","","","","","","","","","","","","","",""
"448695","-80.7074","-80.7074","-80.7074","2388","2388","2388","","","","","","","","","","","","","","","","","","","","","","","",""
"448864","","","","","","","","","","","","","","","","","","","","","","","","","556.05096","556.05096","556.05096","1556","1556","1556"
"449089","","","","","","","","","","","","","218.32797","218.32797","218.32797","2278","2278","2278","","","","","","","","","","","",""
"449342","","","","","","","","","","","","","","","","","","","235.79337","235.79337","235.79337","2282","2282","2282","","","","","",""
"449627","","","","","","","795.6229","795.6229","795.6229","2379","2379","2379","","","","","","","","","","","","","","","","","",""
"449696","-77.44361","-77.44361","-77.44361","2389","2389","2389","","","","","","","","","","","","","","","","","","","","","","","",""
"449865","","","","","","","","","","","","","","","","","","","","","","","","","282.44513","282.44513","282.44513","1557","1557","1557"
"450090","","","","","","","","","","","","","437.594","437.594","437.594","2279","2279","2279","","","","","","","","","","","",""
"450343","","","","","","","","","","","","","","","","","","","177.39726","177.39726","177.39726","2283","2283","2283","","","","","",""
"450628","","","","","","","527.38855","527.38855","527.38855","2398","2398","2398","","","","","","","","","","","","","","","","","",""
"450697","-57.74648","-57.74648","-57.74648","2408","2408","2408","","","","","","","","","","","","","","","","","","","","","","","",""
"450801","","","","","","","","","","","","","","","","","","","-52.74286","-52.74286","-52.74286","2301","2301","2301","","","","","",""
"450866","","","","","","","","","","","","","","","","","","","","","","","","","415.90106","415.90106","415.90106","1568","1568","1568"
"451091","","","","","","","","","","","","","294.3662","294.3662","294.3662","2297","2297","2297","","","","","","","","","","","",""
"451497","","","","","","","","","","","","","","","","","","","-0.26053414","-0.26053414","-0.26053414","2302","2302","2302","","","","","",""
"451629","","","","","","","533.2288","533.2288","533.2288","2399","2399","2399","","","","","","","","","","","","","","","","","",""
"451698","-57.37705","-57.37705","-57.37705","2409","2409","2409","","","","","","","","","","","","","","","","","","","","","","","",""
"451867","","","","","","","","","","","","","","","","","","","","","","","","","557.8947","557.8947","557.8947","1569","1569","1569"
"452092","","","","","","","","","","","","","132.78688","132.78688","132.78688","2298","2298","2298","","","","","","","","","","","",""
"452498","","","","","","","","","","","","","","","","","","","252.94118","252.94118","252.94118","2303","2303","2303","","","","","",""
"452630","","","","","","","836.39575","836.39575","836.39575","2400","2400","2400","","","","","","","","","","","","","","","","","",""
"452699","-63.099632","-63.099632","-63.099632","2410","2410","2410","","","","","","","","","","","","","","","","","","","","","","","",""
"452868","","","","","","","","","","","","","","","","","","","","","","","","","242.75618","242.75618","242.75618","1570","1570","1570"
"453093","","","","","","","","","","","","","328.04428","328.04428","328.04428","2299","2299","2299","","","","","","","","","","","",""
"453188","","","","","","","","","","","","","","","","","","","-67.35072","-67.35072","-67.35072","2304","2304","2304","","","","","",""
"453631","","","","","","","463.90976","463.90976","463.90976","2401","2401","2401","","","","","","","","","","","","","","","","","",""
"453700","-82.87671","-82.87671","-82.87671","2411","2411","2411","","","","","","","","","","","","","","","","","","","","","","","",""
"453869","","","","","","","","","","","","","","","","","","","","","","","","","846.80853","846.80853","846.80853","1571","1571","1571"
"454094","","","","","","","","","","","","","276.71234","276.71234","276.71234","2300","2300","2300","","","","","","","","","","","",""
"454189","","","","","","","","","","","","","","","","","","","48.01444","48.01444","48.01444","2305","2305","2305","","","","","",""
"454632","","","","","","","274.55832","274.55832","274.55832","2402","2402","2402","","","","","","","","","","","","","","","","","",""
"454701","-82.14286","-82.14286","-82.14286","2430","2430","2430","","","","","","","","","","","","","","","","","","","","","","","",""
"454870","","","","","","","","","","","","","","","","","","","","","","","","","299.36102","299.36102","299.36102","1582","1582","1582"
"455095","","","","","","","","","","","","","310.7143","310.7143","310.7143","2318","2318","2318","","","","","","","","","","","",""
"455190","","","","","","","","","","","","","","","","","","","209.27835","209.27835","209.27835","2323","2323","2323","","","","","",""
"455633","","","","","","","442.5532","442.5532","442.5532","2421","2421","2421","","","","","","","","","","","","","","","","","",""
"455702","-85.16321","-85.16321","-85.16321","2431","2431","2431","","","","","","","","","","","","","","","","","","","","","","","",""
"455871","","","","","","","","","","","","","","","","","","","","","","","","","319.84732","319.84732","319.84732","1583","1583","1583"
"456096","","","","","","","","","","","","","18.694363","18.694363","18.694363","2319","2319","2319","","","","","","","","","","","",""
"456191","","","","","","","","","","","","","","","","","","","212.5","212.5","212.5","2324","2324","2324","","","","","",""
"456634","","","","","","","331.3099","331.3099","331.3099","2422","2422","2422","","","","","","","","","","","","","","","","","",""
"456703","-80.39216","-80.39216","-80.39216","2432","2432","2432","","","","","","","","","","","","","","","","","","","","","","","",""
"456773","","","","","","","","","","","","","","","","","","","","","","","","","-148.19936","-148.19936","-148.19936","1584","1584","1584"
"457097","","","","","","","","","","","","","288.8889","288.8889","288.8889","2320","2320","2320","","","","","","","","","","","",""
"457192","","","","","","","","","","","","","","","","","","","31.274132","31.274132","31.274132","2325","2325","2325","","","","","",""
"457635","","","","","","","838.9313","838.9313","838.9313","2423","2423","2423","","","","","","","","","","","","","","","","","",""
"457704","-71.014496","-71.014496","-71.014496","2433","2433","2433","","","","","","","","","","","","","","","","","","","","","","","",""
"457774","","","","","","","","","","","","","","","","","","","","","","","","","753.3835","753.3835","753.3835","1585","1585","1585"
"458098","","","","","","","","","","","","","468.84058","468.84058","468.84058","2321","2321","2321","","","","","","","","","","","",""
"458193","","","","","","","","","","","","","","","","","","","246.80135","246.80135","246.80135","2326","2326","2326","","","","","",""
"458636","","","","","","","237.62057","237.62057","237.62057","2424","2424","2424","","","","","","","","","","","","","","","","","",""
"458705","-81.949455","-81.949455","-81.949455","2434","2434","2434","","","","","","","","","","","","","","","","","","","","","","","",""
"458775","","","","","","","","","","","","","","","","","","","","","","","","","269.71832","269.71832","269.71832","1596","1596","1596"
"459099","","","","","","","","","","","","","289.8917","289.8917","289.8917","2339","2339","2339","","","","","","","","","","","",""
"459194","","","","","","","","","","","","","","","","","","","198.4127","198.4127","198.4127","2344","2344","2344","","","","","",""
"459637","","","","","","","768.4211","768.4211","768.4211","2443","2443","2443","","","","","","","","","","","","","","","","","",""
"459706","-72.50859","-72.50859","-72.50859","2453","2453","2453","","","","","","","","","","","","","","","","","","","","","","","",""
"459776","","","","","","","","","","","","","","","","","","","","","","","","","172.13115","172.13115","172.13115","1597","1597","1597"
"460100","","","","","","","","","","","","","405.15463","405.15463","405.15463","2340","2340","2340","","","","","","","","","","","",""
"460195","","","","","","","","","","","","","","","","","","","263.36337","263.36337","263.36337","2345","2345","2345","","","","","",""
"460638","","","","","","","516.1972","516.1972","516.1972","2444","2444","2444","","","","","","","","","","","","","","","","","",""
"460707","-68.75","-68.75","-68.75","2454","2454","2454","","","","","","","","","","","","","","","","","","","","","","","",""
"460777","","","","","","","","","","","","","","","","","","","","","","","","","390.7749","390.7749","390.7749","1598","1598","1598"
"461101","","","","","","","","","","","","","545.8333","545.8333","545.8333","2341","2341","2341","","","","","","","","","","","",""
"461196","","","","","","","","","","","","","","","","","","","310.49384","310.49384","310.49384","2346","2346","2346","","","","","",""
"461639","","","","","","","536.06555","536.06555","536.06555","2445","2445","2445","","","","","","","","","","","","","","","","","",""
"461708","-65.25097","-65.25097","-65.25097","2455","2455","2455","","","","","","","","","","","","","","","","","","","","","","","",""
"461778","","","","","","","","","","","","","","","","","","","","","","","","","615.7534","615.7534","615.7534","1599","1599","1599"
"462102","","","","","","","","","","","","","201.1583","201.1583","201.1583","2342","2342","2342","","","","","","","","","","","",""
"462197","","","","","","","","","","","","","","","","","","","-7.120743","-7.120743","-7.120743","2347","2347","2347","","","","","",""
"462640","","","","","","","213.65314","213.65314","213.65314","2446","2446","2446","","","","","","","","","","","","","","","","","",""
"462709","-79.79798","-79.79798","-79.79798","2456","2456","2456","","","","","","","","","","","","","","","","","","","","","","","",""
"462779","","","","","","","","","","","","","","","","","","","","","","","","","639.2857","639.2857","639.2857","1600","1600","1600"
"462890","","","","","","","","","","","","","","","","","","","7.1452107","7.1452107","7.1452107","2365","2365","2365","","","","","",""
"463103","","","","","","","","","","","","","162.62627","162.62627","162.62627","2360","2360","2360","","","","","","","","","","","",""
"463641","","","","","","","721.9178","721.9178","721.9178","2465","2465","2465","","","","","","","","","","","","","","","","","",""
"463710","-58.73016","-58.73016","-58.73016","2475","2475","2475","","","","","","","","","","","","","","","","","","","","","","","",""
"463780","","","","","","","","","","","","","","","","","","","","","","","","","532.0475","532.0475","532.0475","1611","1611","1611"
"463891","","","","","","","","","","","","","","","","","","","154.23729","154.23729","154.23729","2366","2366","2366","","","","","",""
"464104","","","","","","","","","","","","","220.63492","220.63492","220.63492","2361","2361","2361","","","","","","","","","","","",""
"464642","","","","","","","392.85715","392.85715","392.85715","2466","2466","2466","","","","","","","","","","","","","","","","","",""
"464711","-81.98198","-81.98198","-81.98198","2476","2476","2476","","","","","","","","","","","","","","","","","","","","","","","",""
"464781","","","","","","","","","","","","","","","","","","","","","","","","","279.08496","279.08496","279.08496","1612","1612","1612"
"464892","","","","","","","","","","","","","","","","","","","286.2816","286.2816","286.2816","2367","2367","2367","","","","","",""
"465105","","","","","","","","","","","","","287.3874","287.3874","287.3874","2362","2362","2362","","","","","","","","","","","",""
"465196","","","","","","","","","","","","","","","","","","","-73.057144","-73.057144","-73.057144","2368","2368","2368","","","","","",""
"465643","","","","","","","101.78042","101.78042","101.78042","2467","2467","2467","","","","","","","","","","","","","","","","","",""
"465669","","","","","","","","","","","","","","","","","","","-82.69322","-82.69322","-82.69322","2369","2369","2369","","","","","",""
"465712","-75.30864","-75.30864","-75.30864","2477","2477","2477","","","","","","","","","","","","","","","","","","","","","","","",""
"465782","","","","","","","","","","","","","","","","","","","","","","","","","831.1594","831.1594","831.1594","1613","1613","1613"
"466106","","","","","","","","","","","","","313.58026","313.58026","313.58026","2363","2363","2363","","","","","","","","","","","",""
"466644","","","","","","","537.2549","537.2549","537.2549","2468","2468","2468","","","","","","","","","","","","","","","","","",""
"466670","","","","","","","","","","","","","","","","","","","308.08823","308.08823","308.08823","2370","2370","2370","","","","","",""
"466713","-65.944275","-65.944275","-65.944275","2478","2478","2478","","","","","","","","","","","","","","","","","","","","","","","",""
"466783","","","","","","","","","","","","","","","","","","","","","","","","","835.01807","835.01807","835.01807","1614","1614","1614"
"467107","","","","","","","","","","","","","225.0774","225.0774","225.0774","2381","2381","2381","","","","","","","","","","","",""
"467645","","","","","","","566.6667","566.6667","566.6667","2487","2487","2487","","","","","","","","","","","","","","","","","",""
"467649","","","","","","","","","","","","","","","","","","","","","","","","","136.62405","136.62405","136.62405","1625","1625","1625"
"467671","","","","","","","","","","","","","","","","","","","178.16902","178.16902","178.16902","2388","2388","2388","","","","","",""
"467714","-65.51724","-65.51724","-65.51724","2497","2497","2497","","","","","","","","","","","","","","","","","","","","","","","",""
"468064","","","","","","","","","","","","","","","","","","","-5.994198","-5.994198","-5.994198","2389","2389","2389","","","","","",""
"468108","","","","","","","","","","","","","64.75096","64.75096","64.75096","2382","2382","2382","","","","","","","","","","","",""
"468646","","","","","","","199.63899","199.63899","199.63899","2488","2488","2488","","","","","","","","","","","","","","","","","",""
"468650","","","","","","","","","","","","","","","","","","","","","","","","","587.5","587.5","587.5","1626","1626","1626"
"468715","-83.05085","-83.05085","-83.05085","2498","2498","2498","","","","","","","","","","","","","","","","","","","","","","","",""
"469065","","","","","","","","","","","","","","","","","","","252.94118","252.94118","252.94118","2390","2390","2390","","","","","",""
"469109","","","","","","","","","","","","","462.71185","462.71185","462.71185","2383","2383","2383","","","","","","","","","","","",""
"469647","","","","","","","288.31616","288.31616","288.31616","2489","2489","2489","","","","","","","","","","","","","","","","","",""
"469651","","","","","","","","","","","","","","","","","","","","","","","","","316.9884","316.9884","316.9884","1627","1627","1627"
"469716","-63.89892","-63.89892","-63.89892","2499","2499","2499","","","","","","","","","","","","","","","","","","","","","","","",""
"470066","","","","","","","","","","","","","","","","","","","211.41869","211.41869","211.41869","2391","2391","2391","","","","","",""
"470110","","","","","","","","","","","","","246.5704","246.5704","246.5704","2384","2384","2384","","","","","","","","","","","",""
"470648","","","","","","","504.16666","504.16666","504.16666","2490","2490","2490","","","","","","","","","","","","","","","","","",""
"470652","","","","","","","","","","","","","","","","","","","","","","","","","536.36365","536.36365","536.36365","1628","1628","1628"
"470717","-78.57143","-78.57143","-78.57143","2500","2500","2500","","","","","","","","","","","","","","","","","","","","","","","",""
"470852","","","","","","","","","","","","","","","","","","","-117.58919","-117.58919","-117.58919","2392","2392","2392","","","","","",""
"471111","","","","","","","","","","","","","271.42856","271.42856","271.42856","2402","2402","2402","","","","","","","","","","","",""
"471649","","","","","","","390.3475","390.3475","390.3475","2509","2509","2509","","","","","","","","","","","","","","","","","",""
"471653","","","","","","","","","","","","","","","","","","","","","","","","","493.6508","493.6508","493.6508","1639","1639","1639"
"471718","-55.932205","-55.932205","-55.932205","2519","2519","2519","","","","","","","","","","","","","","","","","","","","","","","",""
"471853","","","","","","","","","","","","","","","","","","","210.97562","210.97562","210.97562","2410","2410","2410","","","","","",""
"472112","","","","","","","","","","","","","259.32202","259.32202","259.32202","2403","2403","2403","","","","","","","","","","","",""
"472650","","","","","","","452.18854","452.18854","452.18854","2510","2510","2510","","","","","","","","","","","","","","","","","",""
"472654","","","","","","","","","","","","","","","","","","","","","","","","","584.6847","584.6847","584.6847","1640","1640","1640"
"472719","-77.94118","-77.94118","-77.94118","2520","2520","2520","","","","","","","","","","","","","","","","","","","","","","","",""
"472854","","","","","","","","","","","","","","","","","","","41.935482","41.935482","41.935482","2411","2411","2411","","","","","",""
"473113","","","","","","","","","","","","","267.64706","267.64706","267.64706","2404","2404","2404","","","","","","","","","","","",""
"473651","","","","","","","49.20635","49.20635","49.20635","2511","2511","2511","","","","","","","","","","","","","","","","","",""
"473655","","","","","","","","","","","","","","","","","","","","","","","","","372.22223","372.22223","372.22223","1641","1641","1641"
"473720","-82.39436","-82.39436","-82.39436","2521","2521","2521","","","","","","","","","","","","","","","","","","","","","","","",""
"473855","","","","","","","","","","","","","","","","","","","276.3441","276.3441","276.3441","2412","2412","2412","","","","","",""
"474114","","","","","","","","","","","","","202.8169","202.8169","202.8169","2405","2405","2405","","","","","","","","","","","",""
"474652","","","","","","","686.7868","686.7868","686.7868","2512","2512","2512","","","","","","","","","","","","","","","","","",""
"474656","","","","","","","","","","","","","","","","","","","","","","","","","352.0124","352.0124","352.0124","1642","1642","1642"
"474721","-28.327644","-28.327644","-28.327644","2522","2522","2522","","","","","","","","","","","","","","","","","","","","","","","",""
"474856","","","","","","","","","","","","","","","","","","","537.73584","537.73584","537.73584","2413","2413","2413","","","","","",""
"475115","","","","","","","","","","","","","118.43003","118.43003","118.43003","2406","2406","2406","","","","","","","","","","","",""
"475588","","","","","","","","","","","","","","","","","","","","","","","","","331.9042","331.9042","331.9042","1653","1653","1653"
"475653","","","","","","","239.50618","239.50618","239.50618","2531","2531","2531","","","","","","","","","","","","","","","","","",""
"475722","-77.94118","-77.94118","-77.94118","2541","2541","2541","","","","","","","","","","","","","","","","","","","","","","","",""
"475857","","","","","","","","","","","","","","","","","","","103.00752","103.00752","103.00752","2431","2431","2431","","","","","",""
"476116","","","","","","","","","","","","","223.52942","223.52942","223.52942","2424","2424","2424","","","","","","","","","","","",""
"476589","","","","","","","","","","","","","","","","","","","","","","","","","744.0678","744.0678","744.0678","1654","1654","1654"
"476654","","","","","","","243.65324","243.65324","243.65324","2532","2532","2532","","","","","","","","","","","","","","","","","",""
"476723","-75.77855","-75.77855","-75.77855","2542","2542","2542","","","","","","","","","","","","","","","","","","","","","","","",""
"476858","","","","","","","","","","","","","","","","","","","224.23209","224.23209","224.23209","2432","2432","2432","","","","","",""
"477117","","","","","","","","","","","","","370.58823","370.58823","370.58823","2425","2425","2425","","","","","","","","","","","",""
"477590","","","","","","","","","","","","","","","","","","","","","","","","","394.58484","394.58484","394.58484","1655","1655","1655"
"477655","","","","","","","436.39847","436.39847","436.39847","2533","2533","2533","","","","","","","","","","","","","","","","","",""
"477724","-79.72973","-79.72973","-79.72973","2543","2543","2543","","","","","","","","","","","","","","","","","","","","","","","",""
"477859","","","","","","","","","","","","","","","","","","","153.47223","153.47223","153.47223","2433","2433","2433","","","","","",""
"478118","","","","","","","","","","","","","197.2973","197.2973","197.2973","2426","2426","2426","","","","","","","","","","","",""
"478591","","","","","","","","","","","","","","","","","","","","","","","","","521.4286","521.4286","521.4286","1656","1656","1656"
"478656","","","","","","","130.50847","130.50847","130.50847","2534","2534","2534","","","","","","","","","","","","","","","","","",""
"478725","-75.60976","-75.60976","-75.60976","2544","2544","2544","","","","","","","","","","","","","","","","","","","","","","","",""
"478860","","","","","","","","","","","","","","","","","","","37.123745","37.123745","37.123745","2434","2434","2434","","","","","",""
"479119","","","","","","","","","","","","","207.92683","207.92683","207.92683","2427","2427","2427","","","","","","","","","","","",""
"479592","","","","","","","","","","","","","","","","","","","","","","","","","313.55933","313.55933","313.55933","1667","1667","1667"
"479657","","","","","","","798.917","798.917","798.917","2553","2553","2553","","","","","","","","","","","","","","","","","",""
"479726","-83.870964","-83.870964","-83.870964","2563","2563","2563","","","","","","","","","","","","","","","","","","","","","","","",""
"479861","","","","","","","","","","","","","","","","","","","312.37112","312.37112","312.37112","2452","2452","2452","","","","","",""
"480120","","","","","","","","","","","","","77.41936","77.41936","77.41936","2445","2445","2445","","","","","","","","","","","",""
"480593","","","","","","","","","","","","","","","","","","","","","","","","","455.14706","455.14706","455.14706","1668","1668","1668"
"480658","","","","","","","346.42856","346.42856","346.42856","2554","2554","2554","","","","","","","","","","","","","","","","","",""
"480727","-71.326164","-71.326164","-71.326164","2564","2564","2564","","","","","","","","","","","","","","","","","","","","","","","",""
"480862","","","","","","","","","","","","","","","","","","","-30.481283","-30.481283","-30.481283","2453","2453","2453","","","","","",""
"481121","","","","","","","","","","","","","459.13977","459.13977","459.13977","2446","2446","2446","","","","","","","","","","","",""
"481594","","","","","","","","","","","","","","","","","","","","","","","","","685.21124","685.21124","685.21124","1669","1669","1669"
"481659","","","","","","","720.339","720.339","720.339","2555","2555","2555","","","","","","","","","","","","","","","","","",""
"481728","-77.35849","-77.35849","-77.35849","2565","2565","2565","","","","","","","","","","","","","","","","","","","","","","","",""
"481863","","","","","","","","","","","","","","","","","","","352.89856","352.89856","352.89856","2454","2454","2454","","","","","",""
"482122","","","","","","","","","","","","","224.5283","224.5283","224.5283","2447","2447","2447","","","","","","","","","","","",""
"482595","","","","","","","","","","","","","","","","","","","","","","","","","196.92833","196.92833","196.92833","1670","1670","1670"
"482660","","","","","","","297.05884","297.05884","297.05884","2556","2556","2556","","","","","","","","","","","","","","","","","",""
"482729","-66.16541","-66.16541","-66.16541","2566","2566","2566","","","","","","","","","","","","","","","","","","","","","","","",""
"482864","","","","","","","","","","","","","","","","","","","225.75757","225.75757","225.75757","2455","2455","2455","","","","","",""
"483123","","","","","","","","","","","","","57.894737","57.894737","57.894737","2448","2448","2448","","","","","","","","","","","",""
"483596","","","","","","","","","","","","","","","","","","","","","","","","","521.32355","521.32355","521.32355","1681","1681","1681"
"483661","","","","","","","417.60562","417.60562","417.60562","2575","2575","2575","","","","","","","","","","","","","","","","","",""
"483730","-21.501707","-21.501707","-21.501707","2585","2585","2585","","","","","","","","","","","","","","","","","","","","","","","",""
"483865","","","","","","","","","","","","","","","","","","","46.031746","46.031746","46.031746","2473","2473","2473","","","","","",""
"483896","","","","","","","","","","","","","7.200341","7.200341","7.200341","2466","2466","2466","","","","","","","","","","","",""
"484597","","","","","","","","","","","","","","","","","","","","","","","","","457.0934","457.0934","457.0934","1682","1682","1682"
"484662","","","","","","","108.191124","108.191124","108.191124","2576","2576","2576","","","","","","","","","","","","","","","","","",""
"484731","-75.69444","-75.69444","-75.69444","2586","2586","2586","","","","","","","","","","","","","","","","","","","","","","","",""
"484866","","","","","","","","","","","","","","","","","","","36.690647","36.690647","36.690647","2474","2474","2474","","","","","",""
"484897","","","","","","","","","","","","","268.05554","268.05554","268.05554","2467","2467","2467","","","","","","","","","","","",""
"485598","","","","","","","","","","","","","","","","","","","","","","","","","234.45946","234.45946","234.45946","1683","1683","1683"
"485663","","","","","","","260.29413","260.29413","260.29413","2577","2577","2577","","","","","","","","","","","","","","","","","",""
"485732","-73.24415","-73.24415","-73.24415","2587","2587","2587","","","","","","","","","","","","","","","","","","","","","","","",""
"485867","","","","","","","","","","","","","","","","","","","411.2782","411.2782","411.2782","2475","2475","2475","","","","","",""
"485898","","","","","","","","","","","","","30.434782","30.434782","30.434782","2468","2468","2468","","","","","","","","","","","",""
"486599","","","","","","","","","","","","","","","","","","","","","","","","","345.12195","345.12195","345.12195","1684","1684","1684"
"486664","","","","","","","401.7301","401.7301","401.7301","2578","2578","2578","","","","","","","","","","","","","","","","","",""
"486733","-72.50859","-72.50859","-72.50859","2588","2588","2588","","","","","","","","","","","","","","","","","","","","","","","",""
"486868","","","","","","","","","","","","","","","","","","","169.38776","169.38776","169.38776","2476","2476","2476","","","","","",""
"486899","","","","","","","","","","","","","308.93472","308.93472","308.93472","2469","2469","2469","","","","","","","","","","","",""
"487600","","","","","","","","","","","","","","","","","","","","","","","","","58.064518","58.064518","58.064518","1695","1695","1695"
"487665","","","","","","","440.54053","440.54053","440.54053","2597","2597","2597","","","","","","","","","","","","","","","","","",""
"487734","-73.26203","-73.26203","-73.26203","2607","2607","2607","","","","","","","","","","","","","","","","","","","","","","","",""
"487869","","","","","","","","","","","","","","","","","","","171.34146","171.34146","171.34146","2494","2494","2494","","","","","",""
"487900","","","","","","","","","","","","","180.74866","180.74866","180.74866","2487","2487","2487","","","","","","","","","","","",""
"488601","","","","","","","","","","","","","","","","","","","","","","","","","667.0251","667.0251","667.0251","1696","1696","1696"
"488666","","","","","","","366.4634","366.4634","366.4634","2598","2598","2598","","","","","","","","","","","","","","","","","",""
"488735","-74.63768","-74.63768","-74.63768","2608","2608","2608","","","","","","","","","","","","","","","","","","","","","","","",""
"488870","","","","","","","","","","","","","","","","","","","238.87044","238.87044","238.87044","2495","2495","2495","","","","","",""
"488901","","","","","","","","","","","","","345.65216","345.65216","345.65216","2488","2488","2488","","","","","","","","","","","",""
"489602","","","","","","","","","","","","","","","","","","","","","","","","","333.96225","333.96225","333.96225","1697","1697","1697"
"489667","","","","","","","167.74193","167.74193","167.74193","2599","2599","2599","","","","","","","","","","","","","","","","","",""
"489736","-77.27273","-77.27273","-77.27273","2609","2609","2609","","","","","","","","","","","","","","","","","","","","","","","",""
"489871","","","","","","","","","","","","","","","","","","","197.57785","197.57785","197.57785","2496","2496","2496","","","","","",""
"489902","","","","","","","","","","","","","422.72726","422.72726","422.72726","2489","2489","2489","","","","","","","","","","","",""
"490603","","","","","","","","","","","","","","","","","","","","","","","","","527.8195","527.8195","527.8195","1698","1698","1698"
"490668","","","","","","","193.90681","193.90681","193.90681","2600","2600","2600","","","","","","","","","","","","","","","","","",""
"490737","-58.73016","-58.73016","-58.73016","2610","2610","2610","","","","","","","","","","","","","","","","","","","","","","","",""
"490872","","","","","","","","","","","","","","","","","","","412.63538","412.63538","412.63538","2497","2497","2497","","","","","",""
"490903","","","","","","","","","","","","","36.50794","36.50794","36.50794","2490","2490","2490","","","","","","","","","","","",""
"491604","","","","","","","","","","","","","","","","","","","","","","","","","732.7645","732.7645","732.7645","1709","1709","1709"
"491669","","","","","","","239.62263","239.62263","239.62263","2619","2619","2619","","","","","","","","","","","","","","","","","",""
"491738","-78.41727","-78.41727","-78.41727","2629","2629","2629","","","","","","","","","","","","","","","","","","","","","","","",""
"491873","","","","","","","","","","","","","","","","","","","158.99281","158.99281","158.99281","2515","2515","2515","","","","","",""
"491904","","","","","","","","","","","","","356.83453","356.83453","356.83453","2508","2508","2508","","","","","","","","","","","",""
"492605","","","","","","","","","","","","","","","","","","","","","","","","","674.30554","674.30554","674.30554","1710","1710","1710"
"492670","","","","","","","354.8872","354.8872","354.8872","2620","2620","2620","","","","","","","","","","","","","","","","","",""
"492739","-81.20301","-81.20301","-81.20301","2630","2630","2630","","","","","","","","","","","","","","","","","","","","","","","",""
"492874","","","","","","","","","","","","","","","","","","","254.47762","254.47762","254.47762","2516","2516","2516","","","","","",""
"492905","","","","","","","","","","","","","426.3158","426.3158","426.3158","2509","2509","2509","","","","","","","","","","","",""
"493606","","","","","","","","","","","","","","","","","","","","","","","","","846.4883","846.4883","846.4883","1711","1711","1711"
"493671","","","","","","","155.9727","155.9727","155.9727","2621","2621","2621","","","","","","","","","","","","","","","","","",""
"493740","-51.02041","-51.02041","-51.02041","2631","2631","2631","","","","","","","","","","","","","","","","","","","","","","","",""
"493875","","","","","","","","","","","","","","","","","","","16.719242","16.719242","16.719242","2517","2517","2517","","","","","",""
"493906","","","","","","","","","","","","","324.4898","324.4898","324.4898","2510","2510","2510","","","","","","","","","","","",""
"494607","","","","","","","","","","","","","","","","","","","","","","","","","889.69073","889.69073","889.69073","1712","1712","1712"
"494672","","","","","","","170.83333","170.83333","170.83333","2622","2622","2622","","","","","","","","","","","","","","","","","",""
"494741","-72.560974","-72.560974","-72.560974","2632","2632","2632","","","","","","","","","","","","","","","","","","","","","","","",""
"494876","","","","","","","","","","","","","","","","","","","239.86928","239.86928","239.86928","2518","2518","2518","","","","","",""
"494907","","","","","","","","","","","","","320.73172","320.73172","320.73172","2511","2511","2511","","","","","","","","","","","",""
"495608","","","","","","","","","","","","","","","","","","","","","","","","","707.48663","707.48663","707.48663","1713","1713","1713"
"495673","","","","","","","234.44817","234.44817","234.44817","2641","2641","2641","","","","","","","","","","","","","","","","","",""
"495742","-66.77741","-66.77741","-66.77741","2651","2651","2651","","","","","","","","","","","","","","","","","","","","","","","",""
"495877","","","","","","","","","","","","","","","","","","","316.35687","316.35687","316.35687","2536","2536","2536","","","","","",""
"495908","","","","","","","","","","","","","365.11627","365.11627","365.11627","2529","2529","2529","","","","","","","","","","","",""
"496609","","","","","","","","","","","","","","","","","","","","","","","","","302.17392","302.17392","302.17392","1724","1724","1724"
"496674","","","","","","","508.24744","508.24744","508.24744","2642","2642","2642","","","","","","","","","","","","","","","","","",""
"496743","-58.47751","-58.47751","-58.47751","2652","2652","2652","","","","","","","","","","","","","","","","","","","","","","","",""
"496878","","","","","","","","","","","","","","","","","","","-11.439115","-11.439115","-11.439115","2537","2537","2537","","","","","",""
"496909","","","","","","","","","","","","","574.7405","574.7405","574.7405","2530","2530","2530","","","","","","","","","","","",""
"497610","","","","","","","","","","","","","","","","","","","","","","","","","324.24243","324.24243","324.24243","1725","1725","1725"
"497675","","","","","","","132.62032","132.62032","132.62032","2643","2643","2643","","","","","","","","","","","","","","","","","",""
"497744","-81.949455","-81.949455","-81.949455","2653","2653","2653","","","","","","","","","","","","","","","","","","","","","","","",""
"497879","","","","","","","","","","","","","","","","","","","334.48276","334.48276","334.48276","2538","2538","2538","","","","","",""
"497910","","","","","","","","","","","","","55.234657","55.234657","55.234657","2531","2531","2531","","","","","","","","","","","",""
"498611","","","","","","","","","","","","","","","","","","","","","","","","","455.55554","455.55554","455.55554","1726","1726","1726"
"498676","","","","","","","403.6232","403.6232","403.6232","2644","2644","2644","","","","","","","","","","","","","","","","","",""
"498745","-60.431656","-60.431656","-60.431656","2654","2654","2654","","","","","","","","","","","","","","","","","","","","","","","",""
"498880","","","","","","","","","","","","","","","","","","","55.47703","55.47703","55.47703","2539","2539","2539","","","","","",""
"498911","","","","","","","","","","","","","313.66907","313.66907","313.66907","2532","2532","2532","","","","","","","","","","","",""
"499612","","","","","","","","","","","","","","","","","","","","","","","","","439.56836","439.56836","439.56836","1727","1727","1727"
"499677","","","","","","","339.39395","339.39395","339.39395","2645","2645","2645","","","","","","","","","","","","","","","","","",""
"499746","-77.61194","-77.61194","-77.61194","2673","2673","2673","","","","","","","","","","","","","","","","","","","","","","","",""
"499881","","","","","","","","","","","","","","","","","","","357.14285","357.14285","357.14285","2557","2557","2557","","","","","",""
"499912","","","","","","","","","","","","","288.0597","288.0597","288.0597","2550","2550","2550","","","","","","","","","","","",""
"500613","","","","","","","","","","","","","","","","","","","","","","","","","249.62405","249.62405","249.62405","1738","1738","1738"
"500678","","","","","","","112.69841","112.69841","112.69841","2664","2664","2664","","","","","","","","","","","","","","","","","",""
"500747","-65.29968","-65.29968","-65.29968","2674","2674","2674","","","","","","","","","","","","","","","","","","","","","","","",""
"500882","","","","","","","","","","","","","","","","","","","250.55351","250.55351","250.55351","2558","2558","2558","","","","","",""
"500913","","","","","","","","","","","","","354.25867","354.25867","354.25867","2551","2551","2551","","","","","","","","","","","",""
"501614","","","","","","","","","","","","","","","","","","","","","","","","","316.32654","316.32654","316.32654","1739","1739","1739"
"501679","","","","","","","212.94965","212.94965","212.94965","2665","2665","2665","","","","","","","","","","","","","","","","","",""
"501748","-64.052284","-64.052284","-64.052284","2675","2675","2675","","","","","","","","","","","","","","","","","","","","","","","",""
"501883","","","","","","","","","","","","","","","","","","","580.78174","580.78174","580.78174","2559","2559","2559","","","","","",""
"501914","","","","","","","","","","","","","752.94116","752.94116","752.94116","2552","2552","2552","","","","","","","","","","","",""
"502615","","","","","","","","","","","","","","","","","","","","","","","","","646.95123","646.95123","646.95123","1740","1740","1740"
"502680","","","","","","","524.0602","524.0602","524.0602","2666","2666","2666","","","","","","","","","","","","","","","","","",""
"502749","-66.54275","-66.54275","-66.54275","2676","2676","2676","","","","","","","","","","","","","","","","","","","","","","","",""
"502884","","","","","","","","","","","","","","","","","","","233.33333","233.33333","233.33333","2560","2560","2560","","","","","",""
"502915","","","","","","","","","","","","","450.18588","450.18588","450.18588","2553","2553","2553","","","","","","","","","","","",""
"503616","","","","","","","","","","","","","","","","","","","","","","","","","574.4186","574.4186","574.4186","1741","1741","1741"
"503681","","","","","","","222.44897","222.44897","222.44897","2667","2667","2667","","","","","","","","","","","","","","","","","",""
"503750","-59.409595","-59.409595","-59.409595","2677","2677","2677","","","","","","","","","","","","","","","","","","","","","","","",""
"503885","","","","","","","","","","","","","","","","","","","262.71185","262.71185","262.71185","2578","2578","2578","","","","","",""
"503916","","","","","","","","","","","","","324.35425","324.35425","324.35425","2571","2571","2571","","","","","","","","","","","",""
"504617","","","","","","","","","","","","","","","","","","","","","","","","","813.4948","813.4948","813.4948","1752","1752","1752"
"504682","","","","","","","52.439026","52.439026","52.439026","2686","2686","2686","","","","","","","","","","","","","","","","","",""
"504751","-72.413795","-72.413795","-72.413795","2696","2696","2696","","","","","","","","","","","","","","","","","","","","","","","",""
"504886","","","","","","","","","","","","","","","","","","","322.68042","322.68042","322.68042","2579","2579","2579","","","","","",""
"504917","","","","","","","","","","","","","272.4138","272.4138","272.4138","2572","2572","2572","","","","","","","","","","","",""
"505618","","","","","","","","","","","","","","","","","","","","","","","","","524.5487","524.5487","524.5487","1753","1753","1753"
"505683","","","","","","","368.43854","368.43854","368.43854","2687","2687","2687","","","","","","","","","","","","","","","","","",""
"505752","-61.13074","-61.13074","-61.13074","2697","2697","2697","","","","","","","","","","","","","","","","","","","","","","","",""
"505887","","","","","","","","","","","","","","","","","","","690.8745","690.8745","690.8745","2580","2580","2580","","","","","",""
"505918","","","","","","","","","","","","","101.41343","101.41343","101.41343","2573","2573","2573","","","","","","","","","","","",""
"506619","","","","","","","","","","","","","","","","","","","","","","","","","403.59714","403.59714","403.59714","1754","1754","1754"
"506684","","","","","","","353.2872","353.2872","353.2872","2688","2688","2688","","","","","","","","","","","","","","","","","",""
"506753","-82.14286","-82.14286","-82.14286","2698","2698","2698","","","","","","","","","","","","","","","","","","","","","","","",""
"506888","","","","","","","","","","","","","","","","","","","537.28815","537.28815","537.28815","2581","2581","2581","","","","","",""
"506919","","","","","","","","","","","","","246.42857","246.42857","246.42857","2574","2574","2574","","","","","","","","","","","",""
"507620","","","","","","","","","","","","","","","","","","","","","","","","","467.16418","467.16418","467.16418","1755","1755","1755"
"507685","","","","","","","293.5018","293.5018","293.5018","2689","2689","2689","","","","","","","","","","","","","","","","","",""
"507754","-66.789665","-66.789665","-66.789665","2699","2699","2699","","","","","","","","","","","","","","","","","","","","","","","",""
"507889","","","","","","","","","","","","","","","","","","","351.03857","351.03857","351.03857","2582","2582","2582","","","","","",""
"507920","","","","","","","","","","","","","412.91513","412.91513","412.91513","2592","2592","2592","","","","","","","","","","","",""
"508621","","","","","","","","","","","","","","","","","","","","","","","","","379.49527","379.49527","379.49527","1766","1766","1766"
"508686","","","","","","","504.31656","504.31656","504.31656","2708","2708","2708","","","","","","","","","","","","","","","","","",""
"508755","-64.16938","-64.16938","-64.16938","2718","2718","2718","","","","","","","","","","","","","","","","","","","","","","","",""
"508890","","","","","","","","","","","","","","","","","","","146.0064","146.0064","146.0064","2600","2600","2600","","","","","",""
"508921","","","","","","","","","","","","","382.0847","382.0847","382.0847","2593","2593","2593","","","","","","","","","","","",""
"509622","","","","","","","","","","","","","","","","","","","","","","","","","527.451","527.451","527.451","1767","1767","1767"
"509687","","","","","","","437.31345","437.31345","437.31345","2709","2709","2709","","","","","","","","","","","","","","","","","",""
"509756","-68.25397","-68.25397","-68.25397","2719","2719","2719","","","","","","","","","","","","","","","","","","","","","","","",""
"509891","","","","","","","","","","","","","","","","","","","199.03537","199.03537","199.03537","2601","2601","2601","","","","","",""
"509922","","","","","","","","","","","","","569.84125","569.84125","569.84125","2594","2594","2594","","","","","","","","","","","",""
"510486","","","","","","","","","","","","","-40.945763","-40.945763","-40.945763","2595","2595","2595","","","","","","","","","","","",""
"510623","","","","","","","","","","","","","","","","","","","","","","","","","468.77322","468.77322","468.77322","1768","1768","1768"
"510688","","","","","","","363.7224","363.7224","363.7224","2710","2710","2710","","","","","","","","","","","","","","","","","",""
"510757","-66.10169","-66.10169","-66.10169","2720","2720","2720","","","","","","","","","","","","","","","","","","","","","","","",""
"510892","","","","","","","","","","","","","","","","","","","286.66666","286.66666","286.66666","2602","2602","2602","","","","","",""
"511487","","","","","","","","","","","","","247.07904","247.07904","247.07904","2596","2596","2596","","","","","","","","","","","",""
"511624","","","","","","","","","","","","","","","","","","","","","","","","","881.5498","881.5498","881.5498","1769","1769","1769"
"511689","","","","","","","112.418304","112.418304","112.418304","2711","2711","2711","","","","","","","","","","","","","","","","","",""
"511758","-69.07217","-69.07217","-69.07217","2721","2721","2721","","","","","","","","","","","","","","","","","","","","","","","",""
"511893","","","","","","","","","","","","","","","","","","","170.83333","170.83333","170.83333","2603","2603","2603","","","","","",""
"512488","","","","","","","","","","","","","379.08746","379.08746","379.08746","2614","2614","2614","","","","","","","","","","","",""
"512625","","","","","","","","","","","","","","","","","","","","","","","","","613.7931","613.7931","613.7931","1780","1780","1780"
"512690","","","","","","","149.07063","149.07063","149.07063","2730","2730","2730","","","","","","","","","","","","","","","","","",""
"512759","-39.163498","-39.163498","-39.163498","2740","2740","2740","","","","","","","","","","","","","","","","","","","","","","","",""
"512894","","","","","","","","","","","","","","","","","","","70.818504","70.818504","70.818504","2621","2621","2621","","","","","",""
"513489","","","","","","","","","","","","","171.18645","171.18645","171.18645","2615","2615","2615","","","","","","","","","","","",""
"513626","","","","","","","","","","","","","","","","","","","","","","","","","804.5936","804.5936","804.5936","1781","1781","1781"
"513691","","","","","","","195.20296","195.20296","195.20296","2731","2731","2731","","","","","","","","","","","","","","","","","",""
"513760","-72.881355","-72.881355","-72.881355","2741","2741","2741","","","","","","","","","","","","","","","","","","","","","","","",""
"513895","","","","","","","","","","","","","","","","","","","305.69394","305.69394","305.69394","2622","2622","2622","","","","","",""
"514490","","","","","","","","","","","","","291.6914","291.6914","291.6914","2616","2616","2616","","","","","","","","","","","",""
"514627","","","","","","","","","","","","","","","","","","","","","","","","","275","275","275","1782","1782","1782"
"514692","","","","","","","348.27585","348.27585","348.27585","2732","2732","2732","","","","","","","","","","","","","","","","","",""
"514761","-76.26113","-76.26113","-76.26113","2742","2742","2742","","","","","","","","","","","","","","","","","","","","","","","",""
"514896","","","","","","","","","","","","","","","","","","","288.8889","288.8889","288.8889","2623","2623","2623","","","","","",""
"515491","","","","","","","","","","","","","363.2588","363.2588","363.2588","2617","2617","2617","","","","","","","","","","","",""
"515628","","","","","","","","","","","","","","","","","","","","","","","","","641.6974","641.6974","641.6974","1783","1783","1783"
"515693","","","","","","","51.943462","51.943462","51.943462","2733","2733","2733","","","","","","","","","","","","","","","","","",""
"515762","-42.492012","-42.492012","-42.492012","2743","2743","2743","","","","","","","","","","","","","","","","","","","","","","","",""
"515897","","","","","","","","","","","","","","","","","","","206.12245","206.12245","206.12245","2624","2624","2624","","","","","",""
"516492","","","","","","","","","","","","","314.791","314.791","314.791","2635","2635","2635","","","","","","","","","","","",""
"516629","","","","","","","","","","","","","","","","","","","","","","","","","417.9153","417.9153","417.9153","1794","1794","1794"
"516694","","","","","","","396.42856","396.42856","396.42856","2752","2752","2752","","","","","","","","","","","","","","","","","",""
"516763","15.755627","15.755627","15.755627","2762","2762","2762","","","","","","","","","","","","","","","","","","","","","","","",""
"516898","","","","","","","","","","","","","","","","","","","289.70587","289.70587","289.70587","2642","2642","2642","","","","","",""
"517493","","","","","","","","","","","","","316.66666","316.66666","316.66666","2636","2636","2636","","","","","","","","","","","",""
"517630","","","","","","","","","","","","","","","","","","","","","","","","","830.15875","830.15875","830.15875","1795","1795","1795"
"517695","","","","","","","523.6162","523.6162","523.6162","2753","2753","2753","","","","","","","","","","","","","","","","","",""
"517764","-40","-40","-40","2763","2763","2763","","","","","","","","","","","","","","","","","","","","","","","",""
"517899","","","","","","","","","","","","","","","","","","","704.5113","704.5113","704.5113","2643","2643","2643","","","","","",""
"518494","","","","","","","","","","","","","-20.13889","-20.13889","-20.13889","2637","2637","2637","","","","","","","","","","","",""
"518631","","","","","","","","","","","","","","","","","","","","","","","","","540.678","540.678","540.678","1796","1796","1796"
"518696","","","","","","","287.62216","287.62216","287.62216","2754","2754","2754","","","","","","","","","","","","","","","","","",""
"518765","-51.38889","-51.38889","-51.38889","2764","2764","2764","","","","","","","","","","","","","","","","","","","","","","","",""
"518900","","","","","","","","","","","","","","","","","","","141.15756","141.15756","141.15756","2644","2644","2644","","","","","",""
"519495","","","","","","","","","","","","","558.363","558.363","558.363","2638","2638","2638","","","","","","","","","","","",""
"519632","","","","","","","","","","","","","","","","","","","","","","","","","631.95874","631.95874","631.95874","1797","1797","1797"
"519697","","","","","","","436.50793","436.50793","436.50793","2755","2755","2755","","","","","","","","","","","","","","","","","",""
"519766","-43.060497","-43.060497","-43.060497","2765","2765","2765","","","","","","","","","","","","","","","","","","","","","","","",""
"519901","","","","","","","","","","","","","","","","","","","226.9962","226.9962","226.9962","2645","2645","2645","","","","","",""
"520496","","","","","","","","","","","","","366.19217","366.19217","366.19217","2656","2656","2656","","","","","","","","","","","",""
"520633","","","","","","","","","","","","","","","","","","","","","","","","","892.39545","892.39545","892.39545","1808","1808","1808"
"520698","","","","","","","472.88135","472.88135","472.88135","2774","2774","2774","","","","","","","","","","","","","","","","","",""
"520767","-82.206406","-82.206406","-82.206406","2784","2784","2784","","","","","","","","","","","","","","","","","","","","","","","",""
"520902","","","","","","","","","","","","","","","","","","","392.30768","392.30768","392.30768","2663","2663","2663","","","","","",""
"521497","","","","","","","","","","","","","472.91666","472.91666","472.91666","2657","2657","2657","","","","","","","","","","","",""
"521634","","","","","","","","","","","","","","","","","","","","","","","","","327.11865","327.11865","327.11865","1809","1809","1809"
"521699","","","","","","","284.87973","284.87973","284.87973","2775","2775","2775","","","","","","","","","","","","","","","","","",""
"521768","-75.69444","-75.69444","-75.69444","2785","2785","2785","","","","","","","","","","","","","","","","","","","","","","","",""
"521903","","","","","","","","","","","","","","","","","","","406.3291","406.3291","406.3291","2664","2664","2664","","","","","",""
"522498","","","","","","","","","","","","","253.7415","253.7415","253.7415","2658","2658","2658","","","","","","","","","","","",""
"522635","","","","","","","","","","","","","","","","","","","","","","","","","196.7359","196.7359","196.7359","1810","1810","1810"
"522700","","","","","","","413.30798","413.30798","413.30798","2776","2776","2776","","","","","","","","","","","","","","","","","",""
"522769","-4.7619047","-4.7619047","-4.7619047","2786","2786","2786","","","","","","","","","","","","","","","","","","","","","","","",""
"522904","","","","","","","","","","","","","","","","","","","214.39394","214.39394","214.39394","2665","2665","2665","","","","","",""
"523499","","","","","","","","","","","","","525","525","525","2659","2659","2659","","","","","","","","","","","",""
"523636","","","","","","","","","","","","","","","","","","","","","","","","","407.9872","407.9872","407.9872","1811","1811","1811"
"523701","","","","","","","388.1356","388.1356","388.1356","2777","2777","2777","","","","","","","","","","","","","","","","","",""
"523770","-74.26471","-74.26471","-74.26471","2787","2787","2787","","","","","","","","","","","","","","","","","","","","","","","",""
"523905","","","","","","","","","","","","","","","","","","","135.69023","135.69023","135.69023","2666","2666","2666","","","","","",""
"524500","","","","","","","","","","","","","358.6466","358.6466","358.6466","2677","2677","2677","","","","","","","","","","","",""
"524637","","","","","","","","","","","","","","","","","","","","","","","","","774.5981","774.5981","774.5981","1822","1822","1822"
"524702","","","","","","","256.0831","256.0831","256.0831","2796","2796","2796","","","","","","","","","","","","","","","","","",""
"524771","-21.052631","-21.052631","-21.052631","2806","2806","2806","","","","","","","","","","","","","","","","","","","","","","","",""
"524906","","","","","","","","","","","","","","","","","","","270.9091","270.9091","270.9091","2684","2684","2684","","","","","",""
"525501","","","","","","","","","","","","","578.4566","578.4566","578.4566","2678","2678","2678","","","","","","","","","","","",""
"525638","","","","","","","","","","","","","","","","","","","","","","","","","290","290","290","1823","1823","1823"
"525703","","","","","","","289.77637","289.77637","289.77637","2797","2797","2797","","","","","","","","","","","","","","","","","",""
"525772","-71.0611","-71.0611","-71.0611","2807","2807","2807","","","","","","","","","","","","","","","","","","","","","","","",""
"525907","","","","","","","","","","","","","","","","","","","376.01477","376.01477","376.01477","2685","2685","2685","","","","","",""
"526502","","","","","","","","","","","","","234.60075","234.60075","234.60075","2679","2679","2679","","","","","","","","","","","",""
"526639","","","","","","","","","","","","","","","","","","","","","","","","","209.02777","209.02777","209.02777","1824","1824","1824"
"526704","","","","","","","398.39227","398.39227","398.39227","2798","2798","2798","","","","","","","","","","","","","","","","","",""
"526773","-35.361217","-35.361217","-35.361217","2808","2808","2808","","","","","","","","","","","","","","","","","","","","","","","",""
"526908","","","","","","","","","","","","","","","","","","","240.57971","240.57971","240.57971","2686","2686","2686","","","","","",""
"527503","","","","","","","","","","","","","500","500","500","2680","2680","2680","","","","","","","","","","","",""
"527640","","","","","","","","","","","","","","","","","","","","","","","","","476.51245","476.51245","476.51245","1825","1825","1825"
"527705","","","","","","","336.66666","336.66666","336.66666","2799","2799","2799","","","","","","","","","","","","","","","","","",""
"527774","-69.23077","-69.23077","-69.23077","2809","2809","2809","","","","","","","","","","","","","","","","","","","","","","","",""
"527909","","","","","","","","","","","","","","","","","","","256.1644","256.1644","256.1644","2687","2687","2687","","","","","",""
"528504","","","","","","","","","","","","","298.7342","298.7342","298.7342","2698","2698","2698","","","","","","","","","","","",""
"528641","","","","","","","","","","","","","","","","","","","","","","","","","757.65125","757.65125","757.65125","1836","1836","1836"
"528706","","","","","","","469.44446","469.44446","469.44446","2818","2818","2818","","","","","","","","","","","","","","","","","",""
"528775","-77.8481","-77.8481","-77.8481","2828","2828","2828","","","","","","","","","","","","","","","","","","","","","","","",""
"528910","","","","","","","","","","","","","","","","","","","250.34013","250.34013","250.34013","2705","2705","2705","","","","","",""
"529505","","","","","","","","","","","","","517.42426","517.42426","517.42426","2699","2699","2699","","","","","","","","","","","",""
"529642","","","","","","","","","","","","","","","","","","","","","","","","","219.44444","219.44444","219.44444","1837","1837","1837"
"529707","","","","","","","558.363","558.363","558.363","2819","2819","2819","","","","","","","","","","","","","","","","","",""
"529776","-69.69697","-69.69697","-69.69697","2829","2829","2829","","","","","","","","","","","","","","","","","","","","","","","",""
"529911","","","","","","","","","","","","","","","","","","","303.33334","303.33334","303.33334","2706","2706","2706","","","","","",""
"530506","","","","","","","","","","","","","203.0303","203.0303","203.0303","2700","2700","2700","","","","","","","","","","","",""
"530643","","","","","","","","","","","","","","","","","","","","","","","","","362.58502","362.58502","362.58502","1838","1838","1838"
"530708","","","","","","","398.22064","398.22064","398.22064","2820","2820","2820","","","","","","","","","","","","","","","","","",""
"530777","-79.79798","-79.79798","-79.79798","2830","2830","2830","","","","","","","","","","","","","","","","","","","","","","","",""
"530912","","","","","","","","","","","","","","","","","","","107.95107","107.95107","107.95107","2707","2707","2707","","","","","",""
"531507","","","","","","","","","","","","","310.9091","310.9091","310.9091","2701","2701","2701","","","","","","","","","","","",""
"531644","","","","","","","","","","","","","","","","","","","","","","","","","786.0294","786.0294","786.0294","1839","1839","1839"
"531709","","","","","","","202.08333","202.08333","202.08333","2821","2821","2821","","","","","","","","","","","","","","","","","",""
"531778","-78.181816","-78.181816","-78.181816","2831","2831","2831","","","","","","","","","","","","","","","","","","","","","","","",""
"531913","","","","","","","","","","","","","","","","","","","735.2941","735.2941","735.2941","2708","2708","2708","","","","","",""
"532508","","","","","","","","","","","","","667.52765","667.52765","667.52765","2719","2719","2719","","","","","","","","","","","",""
"532645","","","","","","","","","","","","","","","","","","","","","","","","","264.66165","264.66165","264.66165","1850","1850","1850"
"532710","","","","","","","263.9456","263.9456","263.9456","2840","2840","2840","","","","","","","","","","","","","","","","","",""
"532779","-63.099632","-63.099632","-63.099632","2850","2850","2850","","","","","","","","","","","","","","","","","","","","","","","",""
"532914","","","","","","","","","","","","","","","","","","","54.362415","54.362415","54.362415","2726","2726","2726","","","","","",""
"533509","","","","","","","","","","","","","374.6377","374.6377","374.6377","2720","2720","2720","","","","","","","","","","","",""
"533525","","","","","","","278.25882","278.25882","278.25882","2841","2841","2841","","","","","","","","","","","","","","","","","",""
"533646","","","","","","","","","","","","","","","","","","","","","","","","","851.7685","851.7685","851.7685","1851","1851","1851"
"533780","-78.26087","-78.26087","-78.26087","2851","2851","2851","","","","","","","","","","","","","","","","","","","","","","","",""
"533915","","","","","","","","","","","","","","","","","","","124.13793","124.13793","124.13793","2727","2727","2727","","","","","",""
"534510","","","","","","","","","","","","","406.8493","406.8493","406.8493","2721","2721","2721","","","","","","","","","","","",""
"534526","","","","","","","550.3759","550.3759","550.3759","2842","2842","2842","","","","","","","","","","","","","","","","","",""
"534647","","","","","","","","","","","","","","","","","","","","","","","","","827.75665","827.75665","827.75665","1852","1852","1852"
"534781","-34.931507","-34.931507","-34.931507","2852","2852","2852","","","","","","","","","","","","","","","","","","","","","","","",""
"534916","","","","","","","","","","","","","","","","","","","315.73035","315.73035","315.73035","2728","2728","2728","","","","","",""
"535511","","","","","","","","","","","","","573.46936","573.46936","573.46936","2722","2722","2722","","","","","","","","","","","",""
"535527","","","","","","","80.06431","80.06431","80.06431","2843","2843","2843","","","","","","","","","","","","","","","","","",""
"535648","","","","","","","","","","","","","","","","","","","","","","","","","880.7692","880.7692","880.7692","1853","1853","1853"
"535782","-79.591835","-79.591835","-79.591835","2853","2853","2853","","","","","","","","","","","","","","","","","","","","","","","",""
"535917","","","","","","","","","","","","","","","","","","","325.74258","325.74258","325.74258","2729","2729","2729","","","","","",""
"536512","","","","","","","","","","","","","763.3333","763.3333","763.3333","2723","2723","2723","","","","","","","","","","","",""
"536528","","","","","","","356.27377","356.27377","356.27377","2844","2844","2844","","","","","","","","","","","","","","","","","",""
"536649","","","","","","","","","","","","","","","","","","","","","","","","","409.49368","409.49368","409.49368","1864","1864","1864"
"536783","-80","-80","-80","2872","2872","2872","","","","","","","","","","","","","","","","","","","","","","","",""
"536918","","","","","","","","","","","","","","","","","","","50.877193","50.877193","50.877193","2747","2747","2747","","","","","",""
"537513","","","","","","","","","","","","","514.6789","514.6789","514.6789","2741","2741","2741","","","","","","","","","","","",""
"537529","","","","","","","407.69232","407.69232","407.69232","2863","2863","2863","","","","","","","","","","","","","","","","","",""
"537650","","","","","","","","","","","","","","","","","","","","","","","","","846.9697","846.9697","846.9697","1865","1865","1865"
"537784","-84.70948","-84.70948","-84.70948","2873","2873","2873","","","","","","","","","","","","","","","","","","","","","","","",""
"537919","","","","","","","","","","","","","","","","","","","-40.199337","-40.199337","-40.199337","2748","2748","2748","","","","","",""
"538514","","","","","","","","","","","","","598.03925","598.03925","598.03925","2742","2742","2742","","","","","","","","","","","",""
"538530","","","","","","","507.59494","507.59494","507.59494","2864","2864","2864","","","","","","","","","","","","","","","","","",""
"538651","","","","","","","","","","","","","","","","","","","","","","","","","832.6599","832.6599","832.6599","1866","1866","1866"
"538785","-80.39216","-80.39216","-80.39216","2874","2874","2874","","","","","","","","","","","","","","","","","","","","","","","",""
"538920","","","","","","","","","","","","","","","","","","","322.53522","322.53522","322.53522","2749","2749","2749","","","","","",""
"539196","","","","","","","","","","","","","-16.993288","-16.993288","-16.993288","2743","2743","2743","","","","","","","","","","","",""
"539531","","","","","","","365.9091","365.9091","365.9091","2865","2865","2865","","","","","","","","","","","","","","","","","",""
"539652","","","","","","","","","","","","","","","","","","","","","","","","","758.1818","758.1818","758.1818","1867","1867","1867"
"539786","-36.24161","-36.24161","-36.24161","2875","2875","2875","","","","","","","","","","","","","","","","","","","","","","","",""
"539921","","","","","","","","","","","","","","","","","","","395.0495","395.0495","395.0495","2750","2750","2750","","","","","",""
"540197","","","","","","","","","","","","","106.89655","106.89655","106.89655","2744","2744","2744","","","","","","","","","","","",""
"540532","","","","","","","273.73737","273.73737","273.73737","2866","2866","2866","","","","","","","","","","","","","","","","","",""
"540653","","","","","","","","","","","","","","","","","","","","","","","","","331.7343","331.7343","331.7343","1868","1868","1868"
"540787","-72.413795","-72.413795","-72.413795","2894","2894","2894","","","","","","","","","","","","","","","","","","","","","","","",""
"540922","","","","","","","","","","","","","","","","","","","330.46356","330.46356","330.46356","2768","2768","2768","","","","","",""
"541198","","","","","","","","","","","","","450.5618","450.5618","450.5618","2762","2762","2762","","","","","","","","","","","",""
"541533","","","","","","","260","260","260","2885","2885","2885","","","","","","","","","","","","","","","","","",""
"541654","","","","","","","","","","","","","","","","","","","","","","","","","852.89856","852.89856","852.89856","1879","1879","1879"
"541788","-73.78277","-73.78277","-73.78277","2895","2895","2895","","","","","","","","","","","","","","","","","","","","","","","",""
"541923","","","","","","","","","","","","","","","","","","","65.54054","65.54054","65.54054","2769","2769","2769","","","","","",""
"542199","","","","","","","","","","","","","375.24753","375.24753","375.24753","2763","2763","2763","","","","","","","","","","","",""
"542534","","","","","","","239.4834","239.4834","239.4834","2886","2886","2886","","","","","","","","","","","","","","","","","",""
"542655","","","","","","","","","","","","","","","","","","","","","","","","","581.50684","581.50684","581.50684","1880","1880","1880"
"542789","-43.89439","-43.89439","-43.89439","2896","2896","2896","","","","","","","","","","","","","","","","","","","","","","","",""
"542924","","","","","","","","","","","","","","","","","","","262.63736","262.63736","262.63736","2770","2770","2770","","","","","",""
"543200","","","","","","","","","","","","","559.6491","559.6491","559.6491","2764","2764","2764","","","","","","","","","","","",""
"543535","","","","","","","262.31885","262.31885","262.31885","2887","2887","2887","","","","","","","","","","","","","","","","","",""
"543656","","","","","","","","","","","","","","","","","","","","","","","","","260.54422","260.54422","260.54422","1881","1881","1881"
"543790","-50.877193","-50.877193","-50.877193","2897","2897","2897","","","","","","","","","","","","","","","","","","","","","","","",""
"543925","","","","","","","","","","","","","","","","","","","242.28188","242.28188","242.28188","2771","2771","2771","","","","","",""
"544201","","","","","","","","","","","","","311.96014","311.96014","311.96014","2765","2765","2765","","","","","","","","","","","",""
"544536","","","","","","","293.8356","293.8356","293.8356","2888","2888","2888","","","","","","","","","","","","","","","","","",""
"544657","","","","","","","","","","","","","","","","","","","","","","","","","226.66667","226.66667","226.66667","1882","1882","1882"
"544791","-83.3887","-83.3887","-83.3887","2916","2916","2916","","","","","","","","","","","","","","","","","","","","","","","",""
"544926","","","","","","","","","","","","","","","","","","","314.92538","314.92538","314.92538","2789","2789","2789","","","","","",""
"545202","","","","","","","","","","","","","364.78873","364.78873","364.78873","2783","2783","2783","","","","","","","","","","","",""
"545537","","","","","","","447.61905","447.61905","447.61905","2907","2907","2907","","","","","","","","","","","","","","","","","",""
"545658","","","","","","","","","","","","","","","","","","","","","","","","","325.07645","325.07645","325.07645","1893","1893","1893"
"545792","-78.87324","-78.87324","-78.87324","2917","2917","2917","","","","","","","","","","","","","","","","","","","","","","","",""
"545927","","","","","","","","","","","","","","","","","","","198.30508","198.30508","198.30508","2790","2790","2790","","","","","",""
"546203","","","","","","","","","","","","","391.74918","391.74918","391.74918","2784","2784","2784","","","","","","","","","","","",""
"546538","","","","","","","33.333332","33.333332","33.333332","2908","2908","2908","","","","","","","","","","","","","","","","","",""
"546659","","","","","","","","","","","","","","","","","","","","","","","","","868.62744","868.62744","868.62744","1894","1894","1894"
"546793","-83.49835","-83.49835","-83.49835","2918","2918","2918","","","","","","","","","","","","","","","","","","","","","","","",""
"546928","","","","","","","","","","","","","","","","","","","346.60193","346.60193","346.60193","2791","2791","2791","","","","","",""
"547204","","","","","","","","","","","","","270.86093","270.86093","270.86093","2785","2785","2785","","","","","","","","","","","",""
"547539","","","","","","","199.69418","199.69418","199.69418","2909","2909","2909","","","","","","","","","","","","","","","","","",""
"547660","","","","","","","","","","","","","","","","","","","","","","","","","866.44293","866.44293","866.44293","1895","1895","1895"
"547794","2.6490066","2.6490066","2.6490066","2919","2919","2919","","","","","","","","","","","","","","","","","","","","","","","",""
"547929","","","","","","","","","","","","","","","","","","","162.41135","162.41135","162.41135","2792","2792","2792","","","","","",""
"548205","","","","","","","","","","","","","52.027027","52.027027","52.027027","2786","2786","2786","","","","","","","","","","","",""
"548498","","","","","","","255.2804","255.2804","255.2804","2910","2910","2910","","","","","","","","","","","","","","","","","",""
"548661","","","","","","","","","","","","","","","","","","","","","","","","","303.44827","303.44827","303.44827","1896","1896","1896"
"548795","-79.72973","-79.72973","-79.72973","2920","2920","2920","","","","","","","","","","","","","","","","","","","","","","","",""
"548930","","","","","","","","","","","","","","","","","","","8.303249","8.303249","8.303249","2810","2810","2810","","","","","",""
"549206","","","","","","","","","","","","","357.87546","357.87546","357.87546","2804","2804","2804","","","","","","","","","","","",""
"549499","","","","","","","151.67786","151.67786","151.67786","2929","2929","2929","","","","","","","","","","","","","","","","","",""
"549662","","","","","","","","","","","","","","","","","","","","","","","","","371.91013","371.91013","371.91013","1907","1907","1907"
"549796","-74.35897","-74.35897","-74.35897","2939","2939","2939","","","","","","","","","","","","","","","","","","","","","","","",""
"549931","","","","","","","","","","","","","","","","","","","527.451","527.451","527.451","2811","2811","2811","","","","","",""
"550207","","","","","","","","","","","","","359.73154","359.73154","359.73154","2805","2805","2805","","","","","","","","","","","",""
"550500","","","","","","","331.0345","331.0345","331.0345","2930","2930","2930","","","","","","","","","","","","","","","","","",""
"550663","","","","","","","","","","","","","","","","","","","","","","","","","312.54126","312.54126","312.54126","1908","1908","1908"
"550725","","","","","","","","","","","","","","","","","","","183.8137","183.8137","183.8137","2812","2812","2812","","","","","",""
"550797","-79.86577","-79.86577","-79.86577","2940","2940","2940","","","","","","","","","","","","","","","","","","","","","","","",""
"551208","","","","","","","","","","","","","213.43283","213.43283","213.43283","2806","2806","2806","","","","","","","","","","","",""
"551501","","","","","","","353.18353","353.18353","353.18353","2931","2931","2931","","","","","","","","","","","","","","","","","",""
"551664","","","","","","","","","","","","","","","","","","","","","","","","","875.4386","875.4386","875.4386","1909","1909","1909"
"551726","","","","","","","","","","","","","","","","","","","298.55072","298.55072","298.55072","2813","2813","2813","","","","","",""
"551798","-85.07462","-85.07462","-85.07462","2941","2941","2941","","","","","","","","","","","","","","","","","","","","","","","",""
"552209","","","","","","","","","","","","","866.1017","866.1017","866.1017","2807","2807","2807","","","","","","","","","","","",""
"552502","","","","","","","335.64355","335.64355","335.64355","2932","2932","2932","","","","","","","","","","","","","","","","","",""
"552665","","","","","","","","","","","","","","","","","","","","","","","","","860.1329","860.1329","860.1329","1910","1910","1910"
"552727","","","","","","","","","","","","","","","","","","","34.680134","34.680134","34.680134","2814","2814","2814","","","","","",""
"552799","-83.05085","-83.05085","-83.05085","2942","2942","2942","","","","","","","","","","","","","","","","","","","","","","","",""
"553210","","","","","","","","","","","","","275.40454","275.40454","275.40454","2825","2825","2825","","","","","","","","","","","",""
"553503","","","","","","","278.94736","278.94736","278.94736","2951","2951","2951","","","","","","","","","","","","","","","","","",""
"553666","","","","","","","","","","","","","","","","","","","","","","","","","815.493","815.493","815.493","1921","1921","1921"
"553728","","","","","","","","","","","","","","","","","","","85.18519","85.18519","85.18519","2832","2832","2832","","","","","",""
"553800","-61.165047","-61.165047","-61.165047","2961","2961","2961","","","","","","","","","","","","","","","","","","","","","","","",""
"554211","","","","","","","","","","","","","790.0709","790.0709","790.0709","2826","2826","2826","","","","","","","","","","","",""
"554504","","","","","","","278.73755","278.73755","278.73755","2952","2952","2952","","","","","","","","","","","","","","","","","",""
"554667","","","","","","","","","","","","","","","","","","","","","","","","","569.967","569.967","569.967","1922","1922","1922"
"554729","","","","","","","","","","","","","","","","","","","443.47827","443.47827","443.47827","2833","2833","2833","","","","","",""
"554801","-64.53901","-64.53901","-64.53901","2962","2962","2962","","","","","","","","","","","","","","","","","","","","","","","",""
"555212","","","","","","","","","","","","","694.2238","694.2238","694.2238","2827","2827","2827","","","","","","","","","","","",""
"555505","","","","","","","410.5634","410.5634","410.5634","2953","2953","2953","","","","","","","","","","","","","","","","","",""
"555668","","","","","","","","","","","","","","","","","","","","","","","","","323.84106","323.84106","323.84106","1923","1923","1923"
"555730","","","","","","","","","","","","","","","","","","","305.5944","305.5944","305.5944","2834","2834","2834","","","","","",""
"555802","-78.33935","-78.33935","-78.33935","2963","2963","2963","","","","","","","","","","","","","","","","","","","","","","","",""
"556213","","","","","","","","","","","","","298.6928","298.6928","298.6928","2828","2828","2828","","","","","","","","","","","",""
"556506","","","","","","","322.44223","322.44223","322.44223","2954","2954","2954","","","","","","","","","","","","","","","","","",""
"556669","","","","","","","","","","","","","","","","","","","","","","","","","845.9459","845.9459","845.9459","1924","1924","1924"
"556731","","","","","","","","","","","","","","","","","","","61.99377","61.99377","61.99377","2835","2835","2835","","","","","",""
"556803","-80.39216","-80.39216","-80.39216","2964","2964","2964","","","","","","","","","","","","","","","","","","","","","","","",""
"557214","","","","","","","","","","","","","263.0137","263.0137","263.0137","2846","2846","2846","","","","","","","","","","","",""
"557507","","","","","","","65.56291","65.56291","65.56291","2973","2973","2973","","","","","","","","","","","","","","","","","",""
"557670","","","","","","","","","","","","","","","","","","","","","","","","","845.05493","845.05493","845.05493","1935","1935","1935"
"557732","","","","","","","","","","","","","","","","","","","324.24243","324.24243","324.24243","2853","2853","2853","","","","","",""
"557804","-76.0274","-76.0274","-76.0274","2983","2983","2983","","","","","","","","","","","","","","","","","","","","","","","",""
"558215","","","","","","","","","","","","","400","400","400","2847","2847","2847","","","","","","","","","","","",""
"558508","","","","","","","65.54054","65.54054","65.54054","2974","2974","2974","","","","","","","","","","","","","","","","","",""
"558671","","","","","","","","","","","","","","","","","","","","","","","","","205.36913","205.36913","205.36913","1936","1936","1936"
"558733","","","","","","","","","","","","","","","","","","","-78.49462","-78.49462","-78.49462","2854","2854","2854","","","","","",""
"558805","-78.26087","-78.26087","-78.26087","2984","2984","2984","","","","","","","","","","","","","","","","","","","","","","","",""
"559216","","","","","","","","","","","","","347.81146","347.81146","347.81146","2848","2848","2848","","","","","","","","","","","",""
"559509","","","","","","","533.69965","533.69965","533.69965","2975","2975","2975","","","","","","","","","","","","","","","","","",""
"559672","","","","","","","","","","","","","","","","","","","","","","","","","735.8209","735.8209","735.8209","1937","1937","1937"
"559734","","","","","","","","","","","","","","","","","","","453.11356","453.11356","453.11356","2855","2855","2855","","","","","",""
"559806","-46.127945","-46.127945","-46.127945","2985","2985","2985","","","","","","","","","","","","","","","","","","","","","","","",""
"560027","","","","","","","","","","","","","-22.650843","-22.650843","-22.650843","2849","2849","2849","","","","","","","","","","","",""
"560510","","","","","","","228.85905","228.85905","228.85905","2976","2976","2976","","","","","","","","","","","","","","","","","",""
"560673","","","","","","","","","","","","","","","","","","","","","","","","","825.4237","825.4237","825.4237","1938","1938","1938"
"560735","","","","","","","","","","","","","","","","","","","207.94702","207.94702","207.94702","2856","2856","2856","","","","","",""
"560807","-66.32996","-66.32996","-66.32996","2986","2986","2986","","","","","","","","","","","","","","","","","","","","","","","",""
"561028","","","","","","","","","","","","","595.65216","595.65216","595.65216","2850","2850","2850","","","","","","","","","","","",""
"561511","","","","","","","240.29851","240.29851","240.29851","2995","2995","2995","","","","","","","","","","","","","","","","","",""
"561674","","","","","","","","","","","","","","","","","","","","","","","","","767.3139","767.3139","767.3139","1949","1949","1949"
"561723","","","","","","","","","","","","","243.28741","243.28741","243.28741","2868","2868","2868","","","","","","","","","","","",""
"561736","","","","","","","","","","","","","","","","","","","112.328766","112.328766","112.328766","2874","2874","2874","","","","","",""
"561808","-78.26087","-78.26087","-78.26087","3005","3005","3005","","","","","","","","","","","","","","","","","","","","","","","",""
"562512","","","","","","","279.661","279.661","279.661","2996","2996","2996","","","","","","","","","","","","","","","","","",""
"562530","","","","","","","","","","","","","-18.506231","-18.506231","-18.506231","2869","2869","2869","","","","","","","","","","","",""
"562675","","","","","","","","","","","","","","","","","","","","","","","","","318.43973","318.43973","318.43973","1950","1950","1950"
"562737","","","","","","","","","","","","","","","","","","","253.84616","253.84616","253.84616","2875","2875","2875","","","","","",""
"562809","-51.04895","-51.04895","-51.04895","3006","3006","3006","","","","","","","","","","","","","","","","","","","","","","","",""
"563513","","","","","","","281.877","281.877","281.877","2997","2997","2997","","","","","","","","","","","","","","","","","",""
"563531","","","","","","","","","","","","","607.0707","607.0707","607.0707","2870","2870","2870","","","","","","","","","","","",""
"563676","","","","","","","","","","","","","","","","","","","","","","","","","546.2094","546.2094","546.2094","1951","1951","1951"
"563738","","","","","","","","","","","","","","","","","","","137.35408","137.35408","137.35408","2876","2876","2876","","","","","",""
"563810","-65.732086","-65.732086","-65.732086","3007","3007","3007","","","","","","","","","","","","","","","","","","","","","","","",""
"564514","","","","","","","818.4397","818.4397","818.4397","2998","2998","2998","","","","","","","","","","","","","","","","","",""
"564532","","","","","","","","","","","","","419.71326","419.71326","419.71326","2871","2871","2871","","","","","","","","","","","",""
"564677","","","","","","","","","","","","","","","","","","","","","","","","","517.64703","517.64703","517.64703","1952","1952","1952"
"564739","","","","","","","","","","","","","","","","","","","275","275","275","2877","2877","2877","","","","","",""
"564811","-59.59596","-59.59596","-59.59596","3008","3008","3008","","","","","","","","","","","","","","","","","","","","","","","",""
"565515","","","","","","","261.01083","261.01083","261.01083","3017","3017","3017","","","","","","","","","","","","","","","","","",""
"565533","","","","","","","","","","","","","475.09158","475.09158","475.09158","2889","2889","2889","","","","","","","","","","","",""
"565678","","","","","","","","","","","","","","","","","","","","","","","","","828.0822","828.0822","828.0822","1963","1963","1963"
"565740","","","","","","","","","","","","","","","","","","","271.95123","271.95123","271.95123","2895","2895","2895","","","","","",""
"565812","-53.405018","-53.405018","-53.405018","3027","3027","3027","","","","","","","","","","","","","","","","","","","","","","","",""
"566187","","","","","","","","","","","","","0.3629139","0.3629139","0.3629139","2890","2890","2890","","","","","","","","","","","",""
"566516","","","","","","","540.5229","540.5229","540.5229","3018","3018","3018","","","","","","","","","","","","","","","","","",""
"566679","","","","","","","","","","","","","","","","","","","","","","","","","247.82608","247.82608","247.82608","1964","1964","1964"
"566741","","","","","","","","","","","","","","","","","","","343.33334","343.33334","343.33334","2896","2896","2896","","","","","",""
"566813","2.5641026","2.5641026","2.5641026","3028","3028","3028","","","","","","","","","","","","","","","","","","","","","","","",""
"566976","","","","","","","","","","","","","-24.59041","-24.59041","-24.59041","2891","2891","2891","","","","","","","","","","","",""
"567517","","","","","","","269.863","269.863","269.863","3019","3019","3019","","","","","","","","","","","","","","","","","",""
"567680","","","","","","","","","","","","","","","","","","","","","","","","","64.98316","64.98316","64.98316","1965","1965","1965"
"567742","","","","","","","","","","","","","","","","","","","377.8157","377.8157","377.8157","2897","2897","2897","","","","","",""
"567814","-33.774834","-33.774834","-33.774834","3029","3029","3029","","","","","","","","","","","","","","","","","","","","","","","",""
"567977","","","","","","","","","","","","","607.6923","607.6923","607.6923","2892","2892","2892","","","","","","","","","","","",""
"568518","","","","","","","211.59421","211.59421","211.59421","3020","3020","3020","","","","","","","","","","","","","","","","","",""
"568681","","","","","","","","","","","","","","","","","","","","","","","","","48.148148","48.148148","48.148148","1966","1966","1966"
"568743","","","","","","","","","","","","","","","","","","","272.23975","272.23975","272.23975","2898","2898","2898","","","","","",""
"568815","-72.60274","-72.60274","-72.60274","3030","3030","3030","","","","","","","","","","","","","","","","","","","","","","","",""
"568978","","","","","","","","","","","","","94.55253","94.55253","94.55253","2893","2893","2893","","","","","","","","","","","",""
"569519","","","","","","","408.4175","408.4175","408.4175","3039","3039","3039","","","","","","","","","","","","","","","","","",""
"569682","","","","","","","","","","","","","","","","","","","","","","","","","436.23187","436.23187","436.23187","1977","1977","1977"
"569744","","","","","","","","","","","","","","","","","","","228.41328","228.41328","228.41328","2916","2916","2916","","","","","",""
"569816","-23.076923","-23.076923","-23.076923","3049","3049","3049","","","","","","","","","","","","","","","","","","","","","","","",""
"569979","","","","","","","","","","","","","319.11765","319.11765","319.11765","2911","2911","2911","","","","","","","","","","","",""
"570520","","","","","","","431.98654","431.98654","431.98654","3040","3040","3040","","","","","","","","","","","","","","","","","",""
"570683","","","","","","","","","","","","","","","","","","","","","","","","","637.76227","637.76227","637.76227","1978","1978","1978"
"570745","","","","","","","","","","","","","","","","","","","231.03448","231.03448","231.03448","2917","2917","2917","","","","","",""
"570817","-53.307392","-53.307392","-53.307392","3050","3050","3050","","","","","","","","","","","","","","","","","","","","","","","",""
"570980","","","","","","","","","","","","","241.46341","241.46341","241.46341","2912","2912","2912","","","","","","","","","","","",""
"571521","","","","","","","378.26086","378.26086","378.26086","3041","3041","3041","","","","","","","","","","","","","","","","","",""
"571684","","","","","","","","","","","","","","","","","","","","","","","","","495.01556","495.01556","495.01556","1979","1979","1979"
"571746","","","","","","","","","","","","","","","","","","","-15.451895","-15.451895","-15.451895","2918","2918","2918","","","","","",""
"571818","-11.764706","-11.764706","-11.764706","3051","3051","3051","","","","","","","","","","","","","","","","","","","","","","","",""
"571981","","","","","","","","","","","","","420","420","420","2913","2913","2913","","","","","","","","","","","",""
"572522","","","","","","","204.1958","204.1958","204.1958","3042","3042","3042","","","","","","","","","","","","","","","","","",""
"572685","","","","","","","","","","","","","","","","","","","","","","","","","825.9259","825.9259","825.9259","1980","1980","1980"
"572747","","","","","","","","","","","","","","","","","","","71.42857","71.42857","71.42857","2919","2919","2919","","","","","",""
"572819","-78.65854","-78.65854","-78.65854","3052","3052","3052","","","","","","","","","","","","","","","","","","","","","","","",""
"572982","","","","","","","","","","","","","152.55972","152.55972","152.55972","2914","2914","2914","","","","","","","","","","","",""
"573523","","","","","","","233.33333","233.33333","233.33333","3061","3061","3061","","","","","","","","","","","","","","","","","",""
"573544","","","","","","","","","","","","","","","","","","","","","","","","","914.2","914.2","914.2","1991","1991","1991"
"573748","","","","","","","","","","","","","","","","","","","248.99329","248.99329","248.99329","2937","2937","2937","","","","","",""
"573820","-53.333332","-53.333332","-53.333332","3071","3071","3071","","","","","","","","","","","","","","","","","","","","","","","",""
"573983","","","","","","","","","","","","","212.30284","212.30284","212.30284","2932","2932","2932","","","","","","","","","","","",""
"574524","","","","","","","324.24243","324.24243","324.24243","3062","3062","3062","","","","","","","","","","","","","","","","","",""
"574545","","","","","","","","","","","","","","","","","","","","","","","","","852.381","852.381","852.381","1992","1992","1992"
"574749","","","","","","","","","","","","","","","","","","","380","380","380","2938","2938","2938","","","","","",""
"574821","-59.04437","-59.04437","-59.04437","3072","3072","3072","","","","","","","","","","","","","","","","","","","","","","","",""
"574984","","","","","","","","","","","","","346.49448","346.49448","346.49448","2933","2933","2933","","","","","","","","","","","",""
"575525","","","","","","","265.5914","265.5914","265.5914","3063","3063","3063","","","","","","","","","","","","","","","","","",""
"575546","","","","","","","","","","","","","","","","","","","","","","","","","605.29803","605.29803","605.29803","1993","1993","1993"
"575750","","","","","","","","","","","","","","","","","","","354.54544","354.54544","354.54544","2939","2939","2939","","","","","",""
"575822","-33.753944","-33.753944","-33.753944","3073","3073","3073","","","","","","","","","","","","","","","","","","","","","","","",""
"575985","","","","","","","","","","","","","362.06897","362.06897","362.06897","2934","2934","2934","","","","","","","","","","","",""
"575988","-90.56974","-90.56974","-90.56974","3074","3074","3074","","","","","","","","","","","","","","","","","","","","","","","",""
"576526","","","","","","","273.62637","273.62637","273.62637","3064","3064","3064","","","","","","","","","","","","","","","","","",""
"576547","","","","","","","","","","","","","","","","","","","","","","","","","704.7945","704.7945","704.7945","1994","1994","1994"
"576751","","","","","","","","","","","","","","","","","","","473.77048","473.77048","473.77048","2940","2940","2940","","","","","",""
"576986","","","","","","","","","","","","","252.76968","252.76968","252.76968","2935","2935","2935","","","","","","","","","","","",""
"576989","-72.413795","-72.413795","-72.413795","3075","3075","3075","","","","","","","","","","","","","","","","","","","","","","","",""
"577221","","","","","","","","","","","","","","","","","","","","","","","","","932.7","932.7","932.7","1995","1995","1995"
"577527","","","","","","","49.006622","49.006622","49.006622","3065","3065","3065","","","","","","","","","","","","","","","","","",""
"577752","","","","","","","","","","","","","","","","","","","378.11447","378.11447","378.11447","2958","2958","2958","","","","","",""
"577987","","","","","","","","","","","","","246.42857","246.42857","246.42857","2953","2953","2953","","","","","","","","","","","",""
"577990","-82.507286","-82.507286","-82.507286","3094","3094","3094","","","","","","","","","","","","","","","","","","","","","","","",""
"578222","","","","","","","","","","","","","","","","","","","","","","","","","814.3969","814.3969","814.3969","2006","2006","2006"
"578528","","","","","","","355.47946","355.47946","355.47946","3084","3084","3084","","","","","","","","","","","","","","","","","",""
"578753","","","","","","","","","","","","","","","","","","","184.17267","184.17267","184.17267","2959","2959","2959","","","","","",""
"578988","","","","","","","","","","","","","809.396","809.396","809.396","2954","2954","2954","","","","","","","","","","","",""
"578991","-64.28571","-64.28571","-64.28571","3095","3095","3095","","","","","","","","","","","","","","","","","","","","","","","",""
"579223","","","","","","","","","","","","","","","","","","","","","","","","","708.82355","708.82355","708.82355","2007","2007","2007"
"579529","","","","","","","684.61536","684.61536","684.61536","3085","3085","3085","","","","","","","","","","","","","","","","","",""
"579754","","","","","","","","","","","","","","","","","","","455.98456","455.98456","455.98456","2960","2960","2960","","","","","",""
"579906","","","","","","","","","","","","","908.3","908.3","908.3","2955","2955","2955","","","","","","","","","","","",""
"579992","-76.51007","-76.51007","-76.51007","3096","3096","3096","","","","","","","","","","","","","","","","","","","","","","","",""
"580224","","","","","","","","","","","","","","","","","","","","","","","","","275","275","275","2008","2008","2008"
"580530","","","","","","","538.1323","538.1323","538.1323","3086","3086","3086","","","","","","","","","","","","","","","","","",""
"580755","","","","","","","","","","","","","","","","","","","521.32355","521.32355","521.32355","2961","2961","2961","","","","","",""
"580907","","","","","","","","","","","","","435.35355","435.35355","435.35355","2956","2956","2956","","","","","","","","","","","",""
"580993","-74.545456","-74.545456","-74.545456","3097","3097","3097","","","","","","","","","","","","","","","","","","","","","","","",""
"581225","","","","","","","","","","","","","","","","","","","","","","","","","883.3333","883.3333","883.3333","2009","2009","2009"
"581337","","","","","","","","","","","","","","","","","","","270.09366","270.09366","270.09366","2962","2962","2962","","","","","",""
"581531","","","","","","","565.44116","565.44116","565.44116","3087","3087","3087","","","","","","","","","","","","","","","","","",""
"581908","","","","","","","","","","","","","450.81967","450.81967","450.81967","2974","2974","2974","","","","","","","","","","","",""
"581994","-79.79798","-79.79798","-79.79798","3116","3116","3116","","","","","","","","","","","","","","","","","","","","","","","",""
"582226","","","","","","","","","","","","","","","","","","","","","","","","","261.77475","261.77475","261.77475","2020","2020","2020"
"582338","","","","","","","","","","","","","","","","","","","34.86842","34.86842","34.86842","2980","2980","2980","","","","","",""
"582532","","","","","","","180.48781","180.48781","180.48781","3106","3106","3106","","","","","","","","","","","","","","","","","",""
"582909","","","","","","","","","","","","","27.946129","27.946129","27.946129","2975","2975","2975","","","","","","","","","","","",""
"582995","-57.37705","-57.37705","-57.37705","3117","3117","3117","","","","","","","","","","","","","","","","","","","","","","","",""
"583227","","","","","","","","","","","","","","","","","","","","","","","","","322.71292","322.71292","322.71292","2021","2021","2021"
"583339","","","","","","","","","","","","","","","","","","","469.8925","469.8925","469.8925","2981","2981","2981","","","","","",""
"583533","","","","","","","333.33334","333.33334","333.33334","3107","3107","3107","","","","","","","","","","","","","","","","","",""
"583910","","","","","","","","","","","","","846.04315","846.04315","846.04315","2976","2976","2976","","","","","","","","","","","",""
"583996","-66.32996","-66.32996","-66.32996","3118","3118","3118","","","","","","","","","","","","","","","","","","","","","","","",""
"584152","-68.63741","-68.63741","-68.63741","3119","3119","3119","","","","","","","","","","","","","","","","","","","","","","","",""
"584228","","","","","","","","","","","","","","","","","","","","","","","","","401.84503","401.84503","401.84503","2022","2022","2022"
"584340","","","","","","","","","","","","","","","","","","","105.5336","105.5336","105.5336","2982","2982","2982","","","","","",""
"584534","","","","","","","258.3618","258.3618","258.3618","3108","3108","3108","","","","","","","","","","","","","","","","","",""
"584911","","","","","","","","","","","","","401.9305","401.9305","401.9305","2977","2977","2977","","","","","","","","","","","",""
"585153","-57.528957","-57.528957","-57.528957","3120","3120","3120","","","","","","","","","","","","","","","","","","","","","","","",""
"585229","","","","","","","","","","","","","","","","","","","","","","","","","262.06897","262.06897","262.06897","2023","2023","2023"
"585341","","","","","","","","","","","","","","","","","","","391.80328","391.80328","391.80328","2983","2983","2983","","","","","",""
"585535","","","","","","","243.84859","243.84859","243.84859","3109","3109","3109","","","","","","","","","","","","","","","","","",""
"585912","","","","","","","","","","","","","333.82352","333.82352","333.82352","2995","2995","2995","","","","","","","","","","","",""
"586154","-66.911766","-66.911766","-66.911766","3139","3139","3139","","","","","","","","","","","","","","","","","","","","","","","",""
"586230","","","","","","","","","","","","","","","","","","","","","","","","","133.23615","133.23615","133.23615","2034","2034","2034"
"586342","","","","","","","","","","","","","","","","","","","289.10507","289.10507","289.10507","3001","3001","3001","","","","","",""
"586536","","","","","","","578.9668","578.9668","578.9668","3128","3128","3128","","","","","","","","","","","","","","","","","",""
"586913","","","","","","","","","","","","","813.04346","813.04346","813.04346","2996","2996","2996","","","","","","","","","","","",""
"587155","-63.2107","-63.2107","-63.2107","3140","3140","3140","","","","","","","","","","","","","","","","","","","","","","","",""
"587231","","","","","","","","","","","","","","","","","","","","","","","","","364.2857","364.2857","364.2857","2035","2035","2035"
"587343","","","","","","","","","","","","","","","","","","","312.21375","312.21375","312.21375","3002","3002","3002","","","","","",""
"587537","","","","","","","203.44827","203.44827","203.44827","3129","3129","3129","","","","","","","","","","","","","","","","","",""
"587914","","","","","","","","","","","","","475.6579","475.6579","475.6579","2997","2997","2997","","","","","","","","","","","",""
"588156","-50.657894","-50.657894","-50.657894","3141","3141","3141","","","","","","","","","","","","","","","","","","","","","","","",""
"588232","","","","","","","","","","","","","","","","","","","","","","","","","618.1208","618.1208","618.1208","2036","2036","2036"
"588344","","","","","","","","","","","","","","","","","","","275.86206","275.86206","275.86206","3003","3003","3003","","","","","",""
"588538","","","","","","","337.31778","337.31778","337.31778","3130","3130","3130","","","","","","","","","","","","","","","","","",""
"588915","","","","","","","","","","","","","530.8244","530.8244","530.8244","2998","2998","2998","","","","","","","","","","","",""
"589157","7.5268817","7.5268817","7.5268817","3142","3142","3142","","","","","","","","","","","","","","","","","","","","","","","",""
"589233","","","","","","","","","","","","","","","","","","","","","","","","","354.54544","354.54544","354.54544","2037","2037","2037"
"589345","","","","","","","","","","","","","","","","","","","493.75","493.75","493.75","3004","3004","3004","","","","","",""
"589539","","","","","","","96.42857","96.42857","96.42857","3131","3131","3131","","","","","","","","","","","","","","","","","",""
"589916","","","","","","","","","","","","","46.24506","46.24506","46.24506","3016","3016","3016","","","","","","","","","","","",""
"590158","-56.52174","-56.52174","-56.52174","3161","3161","3161","","","","","","","","","","","","","","","","","","","","","","","",""
"590234","","","","","","","","","","","","","","","","","","","","","","","","","798.9899","798.9899","798.9899","2048","2048","2048"
"590346","","","","","","","","","","","","","","","","","","","36.212624","36.212624","36.212624","3022","3022","3022","","","","","",""
"590359","-87.11311","-87.11311","-87.11311","3162","3162","3162","","","","","","","","","","","","","","","","","","","","","","","",""
"590540","","","","","","","181.8792","181.8792","181.8792","3150","3150","3150","","","","","","","","","","","","","","","","","",""
"590917","","","","","","","","","","","","","529.5082","529.5082","529.5082","3017","3017","3017","","","","","","","","","","","",""
"591235","","","","","","","","","","","","","","","","","","","","","","","","","772.13116","772.13116","772.13116","2049","2049","2049"
"591347","","","","","","","","","","","","","","","","","","","210.12659","210.12659","210.12659","3023","3023","3023","","","","","",""
"591360","-41.634243","-41.634243","-41.634243","3163","3163","3163","","","","","","","","","","","","","","","","","","","","","","","",""
"591541","","","","","","","729.0909","729.0909","729.0909","3151","3151","3151","","","","","","","","","","","","","","","","","",""
"591918","","","","","","","","","","","","","246.3035","246.3035","246.3035","3018","3018","3018","","","","","","","","","","","",""
"592236","","","","","","","","","","","","","","","","","","","","","","","","","452.18854","452.18854","452.18854","2050","2050","2050"
"592348","","","","","","","","","","","","","","","","","","","207.43243","207.43243","207.43243","3024","3024","3024","","","","","",""
"592361","-73.28244","-73.28244","-73.28244","3164","3164","3164","","","","","","","","","","","","","","","","","","","","","","","",""
"592542","","","","","","","267.00336","267.00336","267.00336","3152","3152","3152","","","","","","","","","","","","","","","","","",""
"592647","-87.02069","-87.02069","-87.02069","3165","3165","3165","","","","","","","","","","","","","","","","","","","","","","","",""
"592919","","","","","","","","","","","","","323.66412","323.66412","323.66412","3019","3019","3019","","","","","","","","","","","",""
"593237","","","","","","","","","","","","","","","","","","","","","","","","","623.0216","623.0216","623.0216","2051","2051","2051"
"593349","","","","","","","","","","","","","","","","","","","340.39734","340.39734","340.39734","3025","3025","3025","","","","","",""
"593543","","","","","","","349.18033","349.18033","349.18033","3153","3153","3153","","","","","","","","","","","","","","","","","",""
"593648","-72.65625","-72.65625","-72.65625","3166","3166","3166","","","","","","","","","","","","","","","","","","","","","","","",""
"593836","-92.02193","-92.02193","-92.02193","3167","3167","3167","","","","","","","","","","","","","","","","","","","","","","","",""
"593920","","","","","","","","","","","","","555.1724","555.1724","555.1724","3020","3020","3020","","","","","","","","","","","",""
"594238","","","","","","","","","","","","","","","","","","","","","","","","","374.90347","374.90347","374.90347","2062","2062","2062"
"594350","","","","","","","","","","","","","","","","","","","302.82684","302.82684","302.82684","3043","3043","3043","","","","","",""
"594544","","","","","","","192.92929","192.92929","192.92929","3172","3172","3172","","","","","","","","","","","","","","","","","",""
"594837","-81.01266","-81.01266","-81.01266","3186","3186","3186","","","","","","","","","","","","","","","","","","","","","","","",""
"594921","","","","","","","","","","","","","87.5","87.5","87.5","3038","3038","3038","","","","","","","","","","","",""
"595239","","","","","","","","","","","","","","","","","","","","","","","","","863.2353","863.2353","863.2353","2063","2063","2063"
"595351","","","","","","","","","","","","","","","","","","","198.61111","198.61111","198.61111","3044","3044","3044","","","","","",""
"595545","","","","","","","500.71942","500.71942","500.71942","3173","3173","3173","","","","","","","","","","","","","","","","","",""
"595838","-35.81081","-35.81081","-35.81081","3187","3187","3187","","","","","","","","","","","","","","","","","","","","","","","",""
"595922","","","","","","","","","","","","","288.7043","288.7043","288.7043","3039","3039","3039","","","","","","","","","","","",""
"596240","","","","","","","","","","","","","","","","","","","","","","","","","378.26086","378.26086","378.26086","2064","2064","2064"
"596352","","","","","","","","","","","","","","","","","","","527.65955","527.65955","527.65955","3045","3045","3045","","","","","",""
"596546","","","","","","","502.3166","502.3166","502.3166","3174","3174","3174","","","","","","","","","","","","","","","","","",""
"596839","-53.642384","-53.642384","-53.642384","3188","3188","3188","","","","","","","","","","","","","","","","","","","","","","","",""
"596923","","","","","","","","","","","","","96.20253","96.20253","96.20253","3040","3040","3040","","","","","","","","","","","",""
"597241","","","","","","","","","","","","","","","","","","","","","","","","","656.5789","656.5789","656.5789","2065","2065","2065"
"597353","","","","","","","","","","","","","","","","","","","388.1356","388.1356","388.1356","3046","3046","3046","","","","","",""
"597547","","","","","","","69.117645","69.117645","69.117645","3175","3175","3175","","","","","","","","","","","","","","","","","",""
"597840","-61.13074","-61.13074","-61.13074","3189","3189","3189","","","","","","","","","","","","","","","","","","","","","","","",""
"597924","","","","","","","","","","","","","764.86487","764.86487","764.86487","3041","3041","3041","","","","","","","","","","","",""
"598242","","","","","","","","","","","","","","","","","","","","","","","","","373.1183","373.1183","373.1183","2076","2076","2076"
"598354","","","","","","","","","","","","","","","","","","","316.38226","316.38226","316.38226","3064","3064","3064","","","","","",""
"598548","","","","","","","475.25082","475.25082","475.25082","3194","3194","3194","","","","","","","","","","","","","","","","","",""
"598841","-65.27778","-65.27778","-65.27778","3208","3208","3208","","","","","","","","","","","","","","","","","","","","","","","",""
"598925","","","","","","","","","","","","","49.006622","49.006622","49.006622","3059","3059","3059","","","","","","","","","","","",""
"599243","","","","","","","","","","","","","","","","","","","","","","","","","848.6166","848.6166","848.6166","2077","2077","2077"
"599355","","","","","","","","","","","","","","","","","","","400","400","400","3065","3065","3065","","","","","",""
"599549","","","","","","","288.1579","288.1579","288.1579","3195","3195","3195","","","","","","","","","","","","","","","","","",""
"599842","-53.90071","-53.90071","-53.90071","3209","3209","3209","","","","","","","","","","","","","","","","","","","","","","","",""
"599926","","","","","","","","","","","","","846.99646","846.99646","846.99646","3060","3060","3060","","","","","","","","","","","",""
"600244","","","","","","","","","","","","","","","","","","","","","","","","","565.5738","565.5738","565.5738","2078","2078","2078"
"600356","","","","","","","","","","","","","","","","","","","407.04227","407.04227","407.04227","3066","3066","3066","","","","","",""
"600550","","","","","","","512.9032","512.9032","512.9032","3196","3196","3196","","","","","","","","","","","","","","","","","",""
"600843","-79.66102","-79.66102","-79.66102","3210","3210","3210","","","","","","","","","","","","","","","","","","","","","","","",""
"600927","","","","","","","","","","","","","243.75","243.75","243.75","3061","3061","3061","","","","","","","","","","","",""
"601245","","","","","","","","","","","","","","","","","","","","","","","","","207.39299","207.39299","207.39299","2079","2079","2079"
"601357","","","","","","","","","","","","","","","","","","","292.15686","292.15686","292.15686","3067","3067","3067","","","","","",""
"601551","","","","","","","89.72332","89.72332","89.72332","3197","3197","3197","","","","","","","","","","","","","","","","","",""
"601844","-62.457336","-62.457336","-62.457336","3211","3211","3211","","","","","","","","","","","","","","","","","","","","","","","",""
"601928","","","","","","","","","","","","","392.9078","392.9078","392.9078","3062","3062","3062","","","","","","","","","","","",""
"602246","","","","","","","","","","","","","","","","","","","","","","","","","850.38165","850.38165","850.38165","2090","2090","2090"
"602358","","","","","","","","","","","","","","","","","","","237.30159","237.30159","237.30159","3085","3085","3085","","","","","",""
"602368","","","","","","","175.87704","175.87704","175.87704","3216","3216","3216","","","","","","","","","","","","","","","","","",""
"602845","-49.64029","-49.64029","-49.64029","3230","3230","3230","","","","","","","","","","","","","","","","","","","","","","","",""
"602929","","","","","","","","","","","","","205.08475","205.08475","205.08475","3080","3080","3080","","","","","","","","","","","",""
"603247","","","","","","","","","","","","","","","","","","","","","","","","","579.31036","579.31036","579.31036","2091","2091","2091"
"603359","","","","","","","","","","","","","","","","","","","266.10168","266.10168","266.10168","3086","3086","3086","","","","","",""
"603369","","","","","","","242.41245","242.41245","242.41245","3217","3217","3217","","","","","","","","","","","","","","","","","",""
"603846","-71.830986","-71.830986","-71.830986","3231","3231","3231","","","","","","","","","","","","","","","","","","","","","","","",""
"603930","","","","","","","","","","","","","521.1604","521.1604","521.1604","3081","3081","3081","","","","","","","","","","","",""
"604248","","","","","","","","","","","","","","","","","","","","","","","","","696.875","696.875","696.875","2092","2092","2092"
"604360","","","","","","","","","","","","","","","","","","","432.64606","432.64606","432.64606","3087","3087","3087","","","","","",""
"604370","","","","","","","358.01526","358.01526","358.01526","3218","3218","3218","","","","","","","","","","","","","","","","","",""
"604847","-54.248367","-54.248367","-54.248367","3232","3232","3232","","","","","","","","","","","","","","","","","","","","","","","",""
"604931","","","","","","","","","","","","","748.92084","748.92084","748.92084","3082","3082","3082","","","","","","","","","","","",""
"605249","","","","","","","","","","","","","","","","","","","","","","","","","378.4053","378.4053","378.4053","2093","2093","2093"
"605361","","","","","","","","","","","","","","","","","","","350.31055","350.31055","350.31055","3088","3088","3088","","","","","",""
"605371","","","","","","","103.44827","103.44827","103.44827","3219","3219","3219","","","","","","","","","","","","","","","","","",""
"605848","-80.15873","-80.15873","-80.15873","3233","3233","3233","","","","","","","","","","","","","","","","","","","","","","","",""
"605917","","","","","","","","","","","","","901.5","901.5","901.5","3083","3083","3083","","","","","","","","","","","",""
"606250","","","","","","","","","","","","","","","","","","","","","","","","","827.2152","827.2152","827.2152","2104","2104","2104"
"606362","","","","","","","","","","","","","","","","","","","238.60759","238.60759","238.60759","3106","3106","3106","","","","","",""
"606372","","","","","","","423.4375","423.4375","423.4375","3238","3238","3238","","","","","","","","","","","","","","","","","",""
"606849","-59.322033","-59.322033","-59.322033","3252","3252","3252","","","","","","","","","","","","","","","","","","","","","","","",""
"606918","","","","","","","","","","","","","236.6013","236.6013","236.6013","3101","3101","3101","","","","","","","","","","","",""
"607251","","","","","","","","","","","","","","","","","","","","","","","","","734.4595","734.4595","734.4595","2105","2105","2105"
"607363","","","","","","","","","","","","","","","","","","","427.13177","427.13177","427.13177","3107","3107","3107","","","","","",""
"607373","","","","","","","195.68106","195.68106","195.68106","3239","3239","3239","","","","","","","","","","","","","","","","","",""
"607850","-79.38145","-79.38145","-79.38145","3253","3253","3253","","","","","","","","","","","","","","","","","","","","","","","",""
"607919","","","","","","","","","","","","","245.2381","245.2381","245.2381","3102","3102","3102","","","","","","","","","","","",""
"608168","","","","","","","","","","","","","","","","","","","","","","","","","268.7649","268.7649","268.7649","2106","2106","2106"
"608364","","","","","","","","","","","","","","","","","","","323.33334","323.33334","323.33334","3108","3108","3108","","","","","",""
"608374","","","","","","","238.60759","238.60759","238.60759","3240","3240","3240","","","","","","","","","","","","","","","","","",""
"608851","-13.043478","-13.043478","-13.043478","3254","3254","3254","","","","","","","","","","","","","","","","","","","","","","","",""
"608920","","","","","","","","","","","","","296.61017","296.61017","296.61017","3103","3103","3103","","","","","","","","","","","",""
"609169","","","","","","","","","","","","","","","","","","","","","","","","","624.38165","624.38165","624.38165","2107","2107","2107"
"609365","","","","","","","","","","","","","","","","","","","333.89832","333.89832","333.89832","3109","3109","3109","","","","","",""
"609375","","","","","","","271.6216","271.6216","271.6216","3241","3241","3241","","","","","","","","","","","","","","","","","",""
"609852","-77.8481","-77.8481","-77.8481","3255","3255","3255","","","","","","","","","","","","","","","","","","","","","","","",""
"609921","","","","","","","","","","","","","326.11685","326.11685","326.11685","3104","3104","3104","","","","","","","","","","","",""
"610170","","","","","","","","","","","","","","","","","","","","","","","","","379.16666","379.16666","379.16666","2108","2108","2108"
"610366","","","","","","","","","","","","","","","","","","","92.59259","92.59259","92.59259","3127","3127","3127","","","","","",""
"610376","","","","","","","274.17218","274.17218","274.17218","3260","3260","3260","","","","","","","","","","","","","","","","","",""
"610853","-68.99225","-68.99225","-68.99225","3274","3274","3274","","","","","","","","","","","","","","","","","","","","","","","",""
"610922","","","","","","","","","","","","","195.03105","195.03105","195.03105","3122","3122","3122","","","","","","","","","","","",""
"611004","","","","","","","","","","","","","","","","","","","23.496775","23.496775","23.496775","3128","3128","3128","","","","","",""
"611171","","","","","","","","","","","","","","","","","","","","","","","","","743.9716","743.9716","743.9716","2119","2119","2119"
"611377","","","","","","","504.2403","504.2403","504.2403","3261","3261","3261","","","","","","","","","","","","","","","","","",""
"611854","-50","-50","-50","3275","3275","3275","","","","","","","","","","","","","","","","","","","","","","","",""
"611923","","","","","","","","","","","","","263.92404","263.92404","263.92404","3123","3123","3123","","","","","","","","","","","",""
"612005","","","","","","","","","","","","","","","","","","","208.82353","208.82353","208.82353","3129","3129","3129","","","","","",""
"612172","","","","","","","","","","","","","","","","","","","","","","","","","459.32202","459.32202","459.32202","2120","2120","2120"
"612378","","","","","","","240.27777","240.27777","240.27777","3262","3262","3262","","","","","","","","","","","","","","","","","",""
"612855","-38.98305","-38.98305","-38.98305","3276","3276","3276","","","","","","","","","","","","","","","","","","","","","","","",""
"612924","","","","","","","","","","","","","473.6434","473.6434","473.6434","3124","3124","3124","","","","","","","","","","","",""
"613006","","","","","","","","","","","","","","","","","","","742.1053","742.1053","742.1053","3130","3130","3130","","","","","",""
"613173","","","","","","","","","","","","","","","","","","","","","","","","","538.2253","538.2253","538.2253","2121","2121","2121"
"613379","","","","","","","449.6454","449.6454","449.6454","3263","3263","3263","","","","","","","","","","","","","","","","","",""
"613856","-37.037037","-37.037037","-37.037037","3277","3277","3277","","","","","","","","","","","","","","","","","","","","","","","",""
"613925","","","","","","","","","","","","","580","580","580","3125","3125","3125","","","","","","","","","","","",""
"614007","","","","","","","","","","","","","","","","","","","283.83838","283.83838","283.83838","3131","3131","3131","","","","","",""
"614174","","","","","","","","","","","","","","","","","","","","","","","","","176.97842","176.97842","176.97842","2122","2122","2122"
"614349","","","","","","","209.97966","209.97966","209.97966","3264","3264","3264","","","","","","","","","","","","","","","","","",""
"614857","-80.645164","-80.645164","-80.645164","3296","3296","3296","","","","","","","","","","","","","","","","","","","","","","","",""
"614926","","","","","","","","","","","","","391.52542","391.52542","391.52542","3143","3143","3143","","","","","","","","","","","",""
"615008","","","","","","","","","","","","","","","","","","","222.58064","222.58064","222.58064","3149","3149","3149","","","","","",""
"615175","","","","","","","","","","","","","","","","","","","","","","","","","266.19717","266.19717","266.19717","2133","2133","2133"
"615350","","","","","","","312.96927","312.96927","312.96927","3283","3283","3283","","","","","","","","","","","","","","","","","",""
"615858","5.882353","5.882353","5.882353","3297","3297","3297","","","","","","","","","","","","","","","","","","","","","","","",""
"615927","","","","","","","","","","","","","540.7407","540.7407","540.7407","3144","3144","3144","","","","","","","","","","","",""
"616009","","","","","","","","","","","","","","","","","","","155.7377","155.7377","155.7377","3150","3150","3150","","","","","",""
"616176","","","","","","","","","","","","","","","","","","","","","","","","","318.30066","318.30066","318.30066","2134","2134","2134"
"616351","","","","","","","148.20143","148.20143","148.20143","3284","3284","3284","","","","","","","","","","","","","","","","","",""
"616859","-47.36842","-47.36842","-47.36842","3298","3298","3298","","","","","","","","","","","","","","","","","","","","","","","",""
"616928","","","","","","","","","","","","","67.741936","67.741936","67.741936","3145","3145","3145","","","","","","","","","","","",""
"617010","","","","","","","","","","","","","","","","","","","125.9887","125.9887","125.9887","3151","3151","3151","","","","","",""
"617177","","","","","","","","","","","","","","","","","","","","","","","","","800.79364","800.79364","800.79364","2135","2135","2135"
"617352","","","","","","","375.3521","375.3521","375.3521","3285","3285","3285","","","","","","","","","","","","","","","","","",""
"617598","","","","","","","","","","","","","-46.211765","-46.211765","-46.211765","3146","3146","3146","","","","","","","","","","","",""
"617860","-49.49495","-49.49495","-49.49495","3299","3299","3299","","","","","","","","","","","","","","","","","","","","","","","",""
"618011","","","","","","","","","","","","","","","","","","","232.10332","232.10332","232.10332","3152","3152","3152","","","","","",""
"618178","","","","","","","","","","","","","","","","","","","","","","","","","401.69492","401.69492","401.69492","2136","2136","2136"
"618353","","","","","","","475.1634","475.1634","475.1634","3286","3286","3286","","","","","","","","","","","","","","","","","",""
"618599","","","","","","","","","","","","","752.6316","752.6316","752.6316","3164","3164","3164","","","","","","","","","","","",""
"618861","-78.49462","-78.49462","-78.49462","3318","3318","3318","","","","","","","","","","","","","","","","","","","","","","","",""
"619012","","","","","","","","","","","","","","","","","","","239.16084","239.16084","239.16084","3170","3170","3170","","","","","",""
"619179","","","","","","","","","","","","","","","","","","","","","","","","","360.4811","360.4811","360.4811","2147","2147","2147"
"619354","","","","","","","229.36508","229.36508","229.36508","3305","3305","3305","","","","","","","","","","","","","","","","","",""
"619600","","","","","","","","","","","","","391.5825","391.5825","391.5825","3165","3165","3165","","","","","","","","","","","",""
"619862","-77.04918","-77.04918","-77.04918","3319","3319","3319","","","","","","","","","","","","","","","","","","","","","","","",""
"620013","","","","","","","","","","","","","","","","","","","405.70343","405.70343","405.70343","3171","3171","3171","","","","","",""
"620180","","","","","","","","","","","","","","","","","","","","","","","","","663.97516","663.97516","663.97516","2148","2148","2148"
"620355","","","","","","","388.1356","388.1356","388.1356","3306","3306","3306","","","","","","","","","","","","","","","","","",""
"620601","","","","","","","","","","","","","434.05017","434.05017","434.05017","3166","3166","3166","","","","","","","","","","","",""
"620863","-68.92655","-68.92655","-68.92655","3320","3320","3320","","","","","","","","","","","","","","","","","","","","","","","",""
"621014","","","","","","","","","","","","","","","","","","","608.7087","608.7087","608.7087","3172","3172","3172","","","","","",""
"621181","","","","","","","","","","","","","","","","","","","","","","","","","646.83545","646.83545","646.83545","2149","2149","2149"
"621356","","","","","","","295.189","295.189","295.189","3307","3307","3307","","","","","","","","","","","","","","","","","",""
"621602","","","","","","","","","","","","","532.78687","532.78687","532.78687","3167","3167","3167","","","","","","","","","","","",""
"621864","-22.509226","-22.509226","-22.509226","3321","3321","3321","","","","","","","","","","","","","","","","","","","","","","","",""
"622015","","","","","","","","","","","","","","","","","","","306.25","306.25","306.25","3173","3173","3173","","","","","",""
"622182","","","","","","","","","","","","","","","","","","","","","","","","","349.6124","349.6124","349.6124","2150","2150","2150"
"622357","","","","","","","132.91925","132.91925","132.91925","3308","3308","3308","","","","","","","","","","","","","","","","","",""
"622603","","","","","","","","","","","","","174.0113","174.0113","174.0113","3185","3185","3185","","","","","","","","","","","",""
"622865","-72.02797","-72.02797","-72.02797","3340","3340","3340","","","","","","","","","","","","","","","","","","","","","","","",""
"622936","","","","","","","","","","","","","25.571587","25.571587","25.571587","3186","3186","3186","","","","","","","","","","","",""
"623016","","","","","","","","","","","","","","","","","","","427.97202","427.97202","427.97202","3191","3191","3191","","","","","",""
"623183","","","","","","","","","","","","","","","","","","","","","","","","","390","390","390","2161","2161","2161"
"623358","","","","","","","314.55698","314.55698","314.55698","3327","3327","3327","","","","","","","","","","","","","","","","","",""
"623866","29.277567","29.277567","29.277567","3341","3341","3341","","","","","","","","","","","","","","","","","","","","","","","",""
"623937","","","","","","","","","","","","","288.11188","288.11188","288.11188","3187","3187","3187","","","","","","","","","","","",""
"624017","","","","","","","","","","","","","","","","","","","647.44025","647.44025","647.44025","3192","3192","3192","","","","","",""
"624184","","","","","","","","","","","","","","","","","","","","","","","","","377.9661","377.9661","377.9661","2162","2162","2162"
"624359","","","","","","","272.09302","272.09302","272.09302","3328","3328","3328","","","","","","","","","","","","","","","","","",""
"624867","-39.93994","-39.93994","-39.93994","3342","3342","3342","","","","","","","","","","","","","","","","","","","","","","","",""
"624938","","","","","","","","","","","","","48.288975","48.288975","48.288975","3188","3188","3188","","","","","","","","","","","",""
"625018","","","","","","","","","","","","","","","","","","","128.125","128.125","128.125","3193","3193","3193","","","","","",""
"625185","","","","","","","","","","","","","","","","","","","","","","","","","862.96295","862.96295","862.96295","2163","2163","2163"
"625360","","","","","","","113.333336","113.333336","113.333336","3329","3329","3329","","","","","","","","","","","","","","","","","",""
"625868","-27.083334","-27.083334","-27.083334","3343","3343","3343","","","","","","","","","","","","","","","","","","","","","","","",""
"625939","","","","","","","","","","","","","653.7538","653.7538","653.7538","3189","3189","3189","","","","","","","","","","","",""
"626019","","","","","","","","","","","","","","","","","","","525.8993","525.8993","525.8993","3194","3194","3194","","","","","",""
"626186","","","","","","","","","","","","","","","","","","","","","","","","","754.8387","754.8387","754.8387","2164","2164","2164"
"626361","","","","","","","540.678","540.678","540.678","3330","3330","3330","","","","","","","","","","","","","","","","","",""
"626869","-82.51748","-82.51748","-82.51748","3362","3362","3362","","","","","","","","","","","","","","","","","","","","","","","",""
"626940","","","","","","","","","","","","","184.72223","184.72223","184.72223","3207","3207","3207","","","","","","","","","","","",""
"627020","","","","","","","","","","","","","","","","","","","164.0845","164.0845","164.0845","3212","3212","3212","","","","","",""
"627187","","","","","","","","","","","","","","","","","","","","","","","","","232.35294","232.35294","232.35294","2175","2175","2175"
"627362","","","","","","","200","200","200","3349","3349","3349","","","","","","","","","","","","","","","","","",""
"627870","-69.28328","-69.28328","-69.28328","3363","3363","3363","","","","","","","","","","","","","","","","","","","","","","","",""
"627941","","","","","","","","","","","","","386.01398","386.01398","386.01398","3208","3208","3208","","","","","","","","","","","",""
"628021","","","","","","","","","","","","","","","","","","","162.5","162.5","162.5","3213","3213","3213","","","","","",""
"628188","","","","","","","","","","","","","","","","","","","","","","","","","415.78946","415.78946","415.78946","2176","2176","2176"
"628363","","","","","","","93.548386","93.548386","93.548386","3350","3350","3350","","","","","","","","","","","","","","","","","",""
"628871","-75","-75","-75","3364","3364","3364","","","","","","","","","","","","","","","","","","","","","","","",""
"628942","","","","","","","","","","","","","684.9829","684.9829","684.9829","3209","3209","3209","","","","","","","","","","","",""
"629022","","","","","","","","","","","","","","","","","","","412.42236","412.42236","412.42236","3214","3214","3214","","","","","",""
"629189","","","","","","","","","","","","","","","","","","","","","","","","","644.1077","644.1077","644.1077","2177","2177","2177"
"629364","","","","","","","11.764706","11.764706","11.764706","3351","3351","3351","","","","","","","","","","","","","","","","","",""
"629872","-74.820145","-74.820145","-74.820145","3365","3365","3365","","","","","","","","","","","","","","","","","","","","","","","",""
"629943","","","","","","","","","","","","","84.375","84.375","84.375","3210","3210","3210","","","","","","","","","","","",""
"630023","","","","","","","","","","","","","","","","","","","483.33334","483.33334","483.33334","3215","3215","3215","","","","","",""
"630190","","","","","","","","","","","","","","","","","","","","","","","","","828.3154","828.3154","828.3154","2178","2178","2178"
"630365","","","","","","","314.0351","314.0351","314.0351","3352","3352","3352","","","","","","","","","","","","","","","","","",""
"630873","-75.35211","-75.35211","-75.35211","3384","3384","3384","","","","","","","","","","","","","","","","","","","","","","","",""
"630944","","","","","","","","","","","","","486.33093","486.33093","486.33093","3228","3228","3228","","","","","","","","","","","",""
"631024","","","","","","","","","","","","","","","","","","","411.97604","411.97604","411.97604","3233","3233","3233","","","","","",""
"631191","","","","","","","","","","","","","","","","","","","","","","","","","795.082","795.082","795.082","2189","2189","2189"
"631366","","","","","","","236.70033","236.70033","236.70033","3371","3371","3371","","","","","","","","","","","","","","","","","",""
"631874","-46.875","-46.875","-46.875","3385","3385","3385","","","","","","","","","","","","","","","","","","","","","","","",""
"631945","","","","","","","","","","","","","308.4507","308.4507","308.4507","3229","3229","3229","","","","","","","","","","","",""
"632025","","","","","","","","","","","","","","","","","","","411.9454","411.9454","411.9454","3234","3234","3234","","","","","",""
"632192","","","","","","","","","","","","","","","","","","","","","","","","","196.61017","196.61017","196.61017","2190","2190","2190"
"632367","","","","","","","254.83871","254.83871","254.83871","3372","3372","3372","","","","","","","","","","","","","","","","","",""
"632875","-81.36646","-81.36646","-81.36646","3386","3386","3386","","","","","","","","","","","","","","","","","","","","","","","",""
"632946","","","","","","","","","","","","","234.375","234.375","234.375","3230","3230","3230","","","","","","","","","","","",""
"633026","","","","","","","","","","","","","","","","","","","133.46303","133.46303","133.46303","3235","3235","3235","","","","","",""
"633193","","","","","","","","","","","","","","","","","","","","","","","","","745.01843","745.01843","745.01843","2191","2191","2191"
"633368","","","","","","","391.80328","391.80328","391.80328","3373","3373","3373","","","","","","","","","","","","","","","","","",""
"633876","-72.22222","-72.22222","-72.22222","3387","3387","3387","","","","","","","","","","","","","","","","","","","","","","","",""
"633947","","","","","","","","","","","","","269.56522","269.56522","269.56522","3231","3231","3231","","","","","","","","","","","",""
"634027","","","","","","","","","","","","","","","","","","","531.4103","531.4103","531.4103","3236","3236","3236","","","","","",""
"634194","","","","","","","","","","","","","","","","","","","","","","","","","340.55945","340.55945","340.55945","2192","2192","2192"
"634369","","","","","","","134.46327","134.46327","134.46327","3374","3374","3374","","","","","","","","","","","","","","","","","",""
"634877","-82.03593","-82.03593","-82.03593","3388","3388","3388","","","","","","","","","","","","","","","","","","","","","","","",""
"634948","","","","","","","","","","","","","407.9365","407.9365","407.9365","3249","3249","3249","","","","","","","","","","","",""
"635028","","","","","","","","","","","","","","","","","","","438.98306","438.98306","438.98306","3254","3254","3254","","","","","",""
"635195","","","","","","","","","","","","","","","","","","","","","","","","","618.63116","618.63116","618.63116","2203","2203","2203"
"635370","","","","","","","84.50185","84.50185","84.50185","3393","3393","3393","","","","","","","","","","","","","","","","","",""
"635878","-35.153584","-35.153584","-35.153584","3407","3407","3407","","","","","","","","","","","","","","","","","","","","","","","",""
"635949","","","","","","","","","","","","","226.3473","226.3473","226.3473","3250","3250","3250","","","","","","","","","","","",""
"636029","","","","","","","","","","","","","","","","","","","392.9078","392.9078","392.9078","3255","3255","3255","","","","","",""
"636196","","","","","","","","","","","","","","","","","","","","","","","","","710.8108","710.8108","710.8108","2204","2204","2204"
"636371","","","","","","","109.79021","109.79021","109.79021","3394","3394","3394","","","","","","","","","","","","","","","","","",""
"636879","16.731518","16.731518","16.731518","3408","3408","3408","","","","","","","","","","","","","","","","","","","","","","","",""
"636950","","","","","","","","","","","","","415.35837","415.35837","415.35837","3251","3251","3251","","","","","","","","","","","",""
"637030","","","","","","","","","","","","","","","","","","","317.91046","317.91046","317.91046","3256","3256","3256","","","","","",""
"637197","","","","","","","","","","","","","","","","","","","","","","","","","879.1667","879.1667","879.1667","2205","2205","2205"
"637372","","","","","","","215.58936","215.58936","215.58936","3395","3395","3395","","","","","","","","","","","","","","","","","",""
"637880","-80.76923","-80.76923","-80.76923","3409","3409","3409","","","","","","","","","","","","","","","","","","","","","","","",""
"637951","","","","","","","","","","","","","495.33075","495.33075","495.33075","3252","3252","3252","","","","","","","","","","","",""
"638031","","","","","","","","","","","","","","","","","","","344.44446","344.44446","344.44446","3257","3257","3257","","","","","",""
"638198","","","","","","","","","","","","","","","","","","","","","","","","","386.01398","386.01398","386.01398","2206","2206","2206"
"638260","","","","","","","225.8144","225.8144","225.8144","3396","3396","3396","","","","","","","","","","","","","","","","","",""
"638881","-55.932205","-55.932205","-55.932205","3410","3410","3410","","","","","","","","","","","","","","","","","","","","","","","",""
"638952","","","","","","","","","","","","","550.64105","550.64105","550.64105","3253","3253","3253","","","","","","","","","","","",""
"639032","","","","","","","","","","","","","","","","","","","293.25842","293.25842","293.25842","3275","3275","3275","","","","","",""
"639199","","","","","","","","","","","","","","","","","","","","","","","","","855.6314","855.6314","855.6314","2217","2217","2217"
"639261","","","","","","","281.94446","281.94446","281.94446","3415","3415","3415","","","","","","","","","","","","","","","","","",""
"639882","-32.624115","-32.624115","-32.624115","3429","3429","3429","","","","","","","","","","","","","","","","","","","","","","","",""
"639953","","","","","","","","","","","","","300","300","300","3271","3271","3271","","","","","","","","","","","",""
"640033","","","","","","","","","","","","","","","","","","","196.7742","196.7742","196.7742","3276","3276","3276","","","","","",""
"640200","","","","","","","","","","","","","","","","","","","","","","","","","140.625","140.625","140.625","2218","2218","2218"
"640262","","","","","","","218.18182","218.18182","218.18182","3416","3416","3416","","","","","","","","","","","","","","","","","",""
"640883","-81.343285","-81.343285","-81.343285","3430","3430","3430","","","","","","","","","","","","","","","","","","","","","","","",""
"640954","","","","","","","","","","","","","517.0213","517.0213","517.0213","3272","3272","3272","","","","","","","","","","","",""
"641034","","","","","","","","","","","","","","","","","","","194.70198","194.70198","194.70198","3277","3277","3277","","","","","",""
"641201","","","","","","","","","","","","","","","","","","","","","","","","","518.705","518.705","518.705","2219","2219","2219"
"641263","","","","","","","309.5563","309.5563","309.5563","3417","3417","3417","","","","","","","","","","","","","","","","","",""
"641884","-76.43098","-76.43098","-76.43098","3431","3431","3431","","","","","","","","","","","","","","","","","","","","","","","",""
"641955","","","","","","","","","","","","","728.3582","728.3582","728.3582","3273","3273","3273","","","","","","","","","","","",""
"642035","","","","","","","","","","","","","","","","","","","477.20587","477.20587","477.20587","3278","3278","3278","","","","","",""
"642202","","","","","","","","","","","","","","","","","","","","","","","","","699.2958","699.2958","699.2958","2220","2220","2220"
"642264","","","","","","","87.5","87.5","87.5","3418","3418","3418","","","","","","","","","","","","","","","","","",""
"642885","-25.093634","-25.093634","-25.093634","3432","3432","3432","","","","","","","","","","","","","","","","","","","","","","","",""
"642956","","","","","","","","","","","","","357.91245","357.91245","357.91245","3274","3274","3274","","","","","","","","","","","",""
"643036","","","","","","","","","","","","","","","","","","","198.7013","198.7013","198.7013","3279","3279","3279","","","","","",""
"643203","","","","","","","","","","","","","","","","","","","","","","","","","500","500","500","2231","2231","2231"
"643265","","","","","","","212.94965","212.94965","212.94965","3437","3437","3437","","","","","","","","","","","","","","","","","",""
"643886","-58.064518","-58.064518","-58.064518","3451","3451","3451","","","","","","","","","","","","","","","","","","","","","","","",""
"643957","","","","","","","","","","","","","439.32584","439.32584","439.32584","3292","3292","3292","","","","","","","","","","","",""
"644037","","","","","","","","","","","","","","","","","","","298.6014","298.6014","298.6014","3297","3297","3297","","","","","",""
"644204","","","","","","","","","","","","","","","","","","","","","","","","","518.01245","518.01245","518.01245","2232","2232","2232"
"644266","","","","","","","266.19717","266.19717","266.19717","3438","3438","3438","","","","","","","","","","","","","","","","","",""
"644887","-70.19868","-70.19868","-70.19868","3452","3452","3452","","","","","","","","","","","","","","","","","","","","","","","",""
"644958","","","","","","","","","","","","","590.3226","590.3226","590.3226","3293","3293","3293","","","","","","","","","","","",""
"645038","","","","","","","","","","","","","","","","","","","354.54544","354.54544","354.54544","3298","3298","3298","","","","","",""
"645205","","","","","","","","","","","","","","","","","","","","","","","","","788.8889","788.8889","788.8889","2233","2233","2233"
"645267","","","","","","","150","150","150","3439","3439","3439","","","","","","","","","","","","","","","","","",""
"645888","-26.470589","-26.470589","-26.470589","3453","3453","3453","","","","","","","","","","","","","","","","","","","","","","","",""
"645959","","","","","","","","","","","","","856.9536","856.9536","856.9536","3294","3294","3294","","","","","","","","","","","",""
"646039","","","","","","","","","","","","","","","","","","","377.12418","377.12418","377.12418","3299","3299","3299","","","","","",""
"646206","","","","","","","","","","","","","","","","","","","","","","","","","726.3473","726.3473","726.3473","2234","2234","2234"
"646268","","","","","","","232.29814","232.29814","232.29814","3440","3440","3440","","","","","","","","","","","","","","","","","",""
"646889","-54.545456","-54.545456","-54.545456","3454","3454","3454","","","","","","","","","","","","","","","","","","","","","","","",""
"646960","","","","","","","","","","","","","488.2353","488.2353","488.2353","3295","3295","3295","","","","","","","","","","","",""
"647040","","","","","","","","","","","","","","","","","","","449.6454","449.6454","449.6454","3300","3300","3300","","","","","",""
"647207","","","","","","","","","","","","","","","","","","","","","","","","","309.5563","309.5563","309.5563","2245","2245","2245"
"647269","","","","","","","443.6508","443.6508","443.6508","3459","3459","3459","","","","","","","","","","","","","","","","","",""
"647890","-82.51748","-82.51748","-82.51748","3473","3473","3473","","","","","","","","","","","","","","","","","","","","","","","",""
"647961","","","","","","","","","","","","","585.06494","585.06494","585.06494","3313","3313","3313","","","","","","","","","","","",""
"648041","","","","","","","","","","","","","","","","","","","309.39597","309.39597","309.39597","3318","3318","3318","","","","","",""
"648208","","","","","","","","","","","","","","","","","","","","","","","","","868.8716","868.8716","868.8716","2246","2246","2246"
"648270","","","","","","","163.47305","163.47305","163.47305","3460","3460","3460","","","","","","","","","","","","","","","","","",""
"648891","-42.760944","-42.760944","-42.760944","3474","3474","3474","","","","","","","","","","","","","","","","","","","","","","","",""
"648962","","","","","","","","","","","","","854.5455","854.5455","854.5455","3314","3314","3314","","","","","","","","","","","",""
"649042","","","","","","","","","","","","","","","","","","","733.3333","733.3333","733.3333","3319","3319","3319","","","","","",""
"649209","","","","","","","","","","","","","","","","","","","","","","","","","807.0513","807.0513","807.0513","2247","2247","2247"
"649271","","","","","","","207.16724","207.16724","207.16724","3461","3461","3461","","","","","","","","","","","","","","","","","",""
"649892","-77.12418","-77.12418","-77.12418","3475","3475","3475","","","","","","","","","","","","","","","","","","","","","","","",""
"649963","","","","","","","","","","","","","563.2997","563.2997","563.2997","3315","3315","3315","","","","","","","","","","","",""
"650043","","","","","","","","","","","","","","","","","","","154.48029","154.48029","154.48029","3320","3320","3320","","","","","",""
"650210","","","","","","","","","","","","","","","","","","","","","","","","","747.45764","747.45764","747.45764","2248","2248","2248"
"650272","","","","","","","324.1245","324.1245","324.1245","3462","3462","3462","","","","","","","","","","","","","","","","","",""
"650893","-60.99291","-60.99291","-60.99291","3476","3476","3476","","","","","","","","","","","","","","","","","","","","","","","",""
"650964","","","","","","","","","","","","","445.75165","445.75165","445.75165","3316","3316","3316","","","","","","","","","","","",""
"651044","","","","","","","","","","","","","","","","","","","698.6111","698.6111","698.6111","3321","3321","3321","","","","","",""
"651211","","","","","","","","","","","","","","","","","","","","","","","","","499.29077","499.29077","499.29077","2249","2249","2249"
"651273","","","","","","","323.07693","323.07693","323.07693","3481","3481","3481","","","","","","","","","","","","","","","","","",""
"651894","-83.22147","-83.22147","-83.22147","3495","3495","3495","","","","","","","","","","","","","","","","","","","","","","","",""
"651965","","","","","","","","","","","","","605.67377","605.67377","605.67377","3334","3334","3334","","","","","","","","","","","",""
"652045","","","","","","","","","","","","","","","","","","","414.81482","414.81482","414.81482","3339","3339","3339","","","","","",""
"652212","","","","","","","","","","","","","","","","","","","","","","","","","694.7761","694.7761","694.7761","2260","2260","2260"
"652274","","","","","","","466.10168","466.10168","466.10168","3482","3482","3482","","","","","","","","","","","","","","","","","",""
"652895","22.64151","22.64151","22.64151","3496","3496","3496","","","","","","","","","","","","","","","","","","","","","","","",""
"652966","","","","","","","","","","","","","809.396","809.396","809.396","3335","3335","3335","","","","","","","","","","","",""
"653046","","","","","","","","","","","","","","","","","","","656.01373","656.01373","656.01373","3340","3340","3340","","","","","",""
"653213","","","","","","","","","","","","","","","","","","","","","","","","","236.70033","236.70033","236.70033","2261","2261","2261"
"653275","","","","","","","357.4468","357.4468","357.4468","3483","3483","3483","","","","","","","","","","","","","","","","","",""
"653896","-74.91039","-74.91039","-74.91039","3497","3497","3497","","","","","","","","","","","","","","","","","","","","","","","",""
"653967","","","","","","","","","","","","","538.3648","538.3648","538.3648","3336","3336","3336","","","","","","","","","","","",""
"654047","","","","","","","","","","","","","","","","","","","368.22742","368.22742","368.22742","3341","3341","3341","","","","","",""
"654214","","","","","","","","","","","","","","","","","","","","","","","","","345.69287","345.69287","345.69287","2262","2262","2262"
"654276","","","","","","","638.80597","638.80597","638.80597","3484","3484","3484","","","","","","","","","","","","","","","","","",""
"654897","-27.083334","-27.083334","-27.083334","3498","3498","3498","","","","","","","","","","","","","","","","","","","","","","","",""
"654968","","","","","","","","","","","","","387.4552","387.4552","387.4552","3337","3337","3337","","","","","","","","","","","",""
"655048","","","","","","","","","","","","","","","","","","","646.7105","646.7105","646.7105","3342","3342","3342","","","","","",""
"655215","","","","","","","","","","","","","","","","","","","","","","","","","322.58066","322.58066","322.58066","2263","2263","2263"
"655277","","","","","","","361.27945","361.27945","361.27945","3485","3485","3485","","","","","","","","","","","","","","","","","",""
"655898","-51.851852","-51.851852","-51.851852","3517","3517","3517","","","","","","","","","","","","","","","","","","","","","","","",""
"655969","","","","","","","","","","","","","771.5278","771.5278","771.5278","3355","3355","3355","","","","","","","","","","","",""
"656049","","","","","","","","","","","","","","","","","","","263.92404","263.92404","263.92404","3360","3360","3360","","","","","",""
"656216","","","","","","","","","","","","","","","","","","","","","","","","","794.03973","794.03973","794.03973","2274","2274","2274"
"656278","","","","","","","319.47565","319.47565","319.47565","3504","3504","3504","","","","","","","","","","","","","","","","","",""
"656899","-10.652921","-10.652921","-10.652921","3518","3518","3518","","","","","","","","","","","","","","","","","","","","","","","",""
"656970","","","","","","","","","","","","","855.55554","855.55554","855.55554","3356","3356","3356","","","","","","","","","","","",""
"657050","","","","","","","","","","","","","","","","","","","565.5844","565.5844","565.5844","3361","3361","3361","","","","","",""
"657217","","","","","","","","","","","","","","","","","","","","","","","","","411.02942","411.02942","411.02942","2275","2275","2275"
"657279","","","","","","","254.83871","254.83871","254.83871","3505","3505","3505","","","","","","","","","","","","","","","","","",""
"657900","-83.277596","-83.277596","-83.277596","3519","3519","3519","","","","","","","","","","","","","","","","","","","","","","","",""
"657971","","","","","","","","","","","","","559.7938","559.7938","559.7938","3357","3357","3357","","","","","","","","","","","",""
"658051","","","","","","","","","","","","","","","","","","","872.31836","872.31836","872.31836","3362","3362","3362","","","","","",""
"658218","","","","","","","","","","","","","","","","","","","","","","","","","760.3896","760.3896","760.3896","2276","2276","2276"
"658280","","","","","","","294.03973","294.03973","294.03973","3506","3506","3506","","","","","","","","","","","","","","","","","",""
"658901","-57.236843","-57.236843","-57.236843","3520","3520","3520","","","","","","","","","","","","","","","","","","","","","","","",""
"658972","","","","","","","","","","","","","170.90302","170.90302","170.90302","3358","3358","3358","","","","","","","","","","","",""
"659052","","","","","","","","","","","","","","","","","","","713.9535","713.9535","713.9535","3363","3363","3363","","","","","",""
"659219","","","","","","","","","","","","","","","","","","","","","","","","","351.04895","351.04895","351.04895","2277","2277","2277"
"659281","","","","","","","458.82352","458.82352","458.82352","3507","3507","3507","","","","","","","","","","","","","","","","","",""
"659902","-84.177216","-84.177216","-84.177216","3539","3539","3539","","","","","","","","","","","","","","","","","","","","","","","",""
"659973","","","","","","","","","","","","","275","275","275","3376","3376","3376","","","","","","","","","","","",""
"660022","","","","","","","150.77533","150.77533","150.77533","3526","3526","3526","","","","","","","","","","","","","","","","","",""
"660053","","","","","","","","","","","","","","","","","","","84.39716","84.39716","84.39716","3381","3381","3381","","","","","",""
"660220","","","","","","","","","","","","","","","","","","","","","","","","","819.1919","819.1919","819.1919","2288","2288","2288"
"660903","-80.51948","-80.51948","-80.51948","3540","3540","3540","","","","","","","","","","","","","","","","","","","","","","","",""
"660974","","","","","","","","","","","","","251.26582","251.26582","251.26582","3377","3377","3377","","","","","","","","","","","",""
"661023","","","","","","","277.62238","277.62238","277.62238","3527","3527","3527","","","","","","","","","","","","","","","","","",""
"661054","","","","","","","","","","","","","","","","","","","828.5714","828.5714","828.5714","3382","3382","3382","","","","","",""
"661221","","","","","","","","","","","","","","","","","","","","","","","","","364.05228","364.05228","364.05228","2289","2289","2289"
"661904","-72.31834","-72.31834","-72.31834","3541","3541","3541","","","","","","","","","","","","","","","","","","","","","","","",""
"661975","","","","","","","","","","","","","279.87012","279.87012","279.87012","3378","3378","3378","","","","","","","","","","","",""
"662024","","","","","","","81.818184","81.818184","81.818184","3528","3528","3528","","","","","","","","","","","","","","","","","",""
"662055","","","","","","","","","","","","","","","","","","","562.5387","562.5387","562.5387","3383","3383","3383","","","","","",""
"662222","","","","","","","","","","","","","","","","","","","","","","","","","421.27658","421.27658","421.27658","2290","2290","2290"
"662905","-80.066444","-80.066444","-80.066444","3542","3542","3542","","","","","","","","","","","","","","","","","","","","","","","",""
"662976","","","","","","","","","","","","","820.4152","820.4152","820.4152","3379","3379","3379","","","","","","","","","","","",""
"663025","","","","","","","308.49673","308.49673","308.49673","3529","3529","3529","","","","","","","","","","","","","","","","","",""
"663056","","","","","","","","","","","","","","","","","","","383.27136","383.27136","383.27136","3384","3384","3384","","","","","",""
"663223","","","","","","","","","","","","","","","","","","","","","","","","","785.90607","785.90607","785.90607","2291","2291","2291"
"663906","-75.17731","-75.17731","-75.17731","3561","3561","3561","","","","","","","","","","","","","","","","","","","","","","","",""
"663977","","","","","","","","","","","","","245.51495","245.51495","245.51495","3397","3397","3397","","","","","","","","","","","",""
"664026","","","","","","","112.76596","112.76596","112.76596","3548","3548","3548","","","","","","","","","","","","","","","","","",""
"664057","","","","","","","","","","","","","","","","","","","413.33334","413.33334","413.33334","3402","3402","3402","","","","","",""
"664224","","","","","","","","","","","","","","","","","","","","","","","","","129.55975","129.55975","129.55975","2302","2302","2302"
"664907","-82.993195","-82.993195","-82.993195","3562","3562","3562","","","","","","","","","","","","","","","","","","","","","","","",""
"664978","","","","","","","","","","","","","595.03546","595.03546","595.03546","3398","3398","3398","","","","","","","","","","","",""
"665027","","","","","","","272.48322","272.48322","272.48322","3549","3549","3549","","","","","","","","","","","","","","","","","",""
"665058","","","","","","","","","","","","","","","","","","","815.2542","815.2542","815.2542","3403","3403","3403","","","","","",""
"665225","","","","","","","","","","","","","","","","","","","","","","","","","290.681","290.681","290.681","2303","2303","2303"
"665908","-84.52013","-84.52013","-84.52013","3563","3563","3563","","","","","","","","","","","","","","","","","","","","","","","",""
"665979","","","","","","","","","","","","","236.7347","236.7347","236.7347","3399","3399","3399","","","","","","","","","","","",""
"666028","","","","","","","57.232704","57.232704","57.232704","3550","3550","3550","","","","","","","","","","","","","","","","","",""
"666059","","","","","","","","","","","","","","","","","","","786.0294","786.0294","786.0294","3404","3404","3404","","","","","",""
"666226","","","","","","","","","","","","","","","","","","","","","","","","","844.44446","844.44446","844.44446","2304","2304","2304"
"666909","-66.54275","-66.54275","-66.54275","3564","3564","3564","","","","","","","","","","","","","","","","","","","","","","","",""
"666980","","","","","","","","","","","","","797.8328","797.8328","797.8328","3400","3400","3400","","","","","","","","","","","",""
"667029","","","","","","","140.14337","140.14337","140.14337","3551","3551","3551","","","","","","","","","","","","","","","","","",""
"667060","","","","","","","","","","","","","","","","","","","834.0659","834.0659","834.0659","3405","3405","3405","","","","","",""
"667227","","","","","","","","","","","","","","","","","","","","","","","","","403.7037","403.7037","403.7037","2305","2305","2305"
"667910","-76.666664","-76.666664","-76.666664","3583","3583","3583","","","","","","","","","","","","","","","","","","","","","","","",""
"667981","","","","","","","","","","","","","74.72119","74.72119","74.72119","3418","3418","3418","","","","","","","","","","","",""
"668030","","","","","","","382.6389","382.6389","382.6389","3570","3570","3570","","","","","","","","","","","","","","","","","",""
"668061","","","","","","","","","","","","","","","","","","","611.9741","611.9741","611.9741","3423","3423","3423","","","","","",""
"668228","","","","","","","","","","","","","","","","","","","","","","","","","291.75256","291.75256","291.75256","2316","2316","2316"
"668911","-38.98305","-38.98305","-38.98305","3584","3584","3584","","","","","","","","","","","","","","","","","","","","","","","",""
"668982","","","","","","","","","","","","","410","410","410","3419","3419","3419","","","","","","","","","","","",""
"669031","","","","","","","281.48148","281.48148","281.48148","3571","3571","3571","","","","","","","","","","","","","","","","","",""
"669062","","","","","","","","","","","","","","","","","","","745.9016","745.9016","745.9016","3424","3424","3424","","","","","",""
"669229","","","","","","","","","","","","","","","","","","","","","","","","","231.10368","231.10368","231.10368","2317","2317","2317"
"669912","-33.82353","-33.82353","-33.82353","3585","3585","3585","","","","","","","","","","","","","","","","","","","","","","","",""
"669983","","","","","","","","","","","","","567.79663","567.79663","567.79663","3420","3420","3420","","","","","","","","","","","",""
"670032","","","","","","","143.98625","143.98625","143.98625","3572","3572","3572","","","","","","","","","","","","","","","","","",""
"670063","","","","","","","","","","","","","","","","","","","452.28757","452.28757","452.28757","3425","3425","3425","","","","","",""
"670230","","","","","","","","","","","","","","","","","","","","","","","","","521.7105","521.7105","521.7105","2318","2318","2318"
"670913","-63.369965","-63.369965","-63.369965","3586","3586","3586","","","","","","","","","","","","","","","","","","","","","","","",""
"670984","","","","","","","","","","","","","451.47058","451.47058","451.47058","3421","3421","3421","","","","","","","","","","","",""
"671033","","","","","","","481.9398","481.9398","481.9398","3573","3573","3573","","","","","","","","","","","","","","","","","",""
"671064","","","","","","","","","","","","","","","","","","","768.9139","768.9139","768.9139","3426","3426","3426","","","","","",""
"671231","","","","","","","","","","","","","","","","","","","","","","","","","561.3924","561.3924","561.3924","2319","2319","2319"
"671914","-77.346275","-77.346275","-77.346275","3605","3605","3605","","","","","","","","","","","","","","","","","","","","","","","",""
"671985","","","","","","","","","","","","","401.8315","401.8315","401.8315","3439","3439","3439","","","","","","","","","","","",""
"672034","","","","","","","432.89474","432.89474","432.89474","3592","3592","3592","","","","","","","","","","","","","","","","","",""
"672065","","","","","","","","","","","","","","","","","","","464.10257","464.10257","464.10257","3444","3444","3444","","","","","",""
"672232","","","","","","","","","","","","","","","","","","","","","","","","","364.2857","364.2857","364.2857","2330","2330","2330"
"672915","-47.540985","-47.540985","-47.540985","3606","3606","3606","","","","","","","","","","","","","","","","","","","","","","","",""
"672986","","","","","","","","","","","","","689.64404","689.64404","689.64404","3440","3440","3440","","","","","","","","","","","",""
"673035","","","","","","","241.77216","241.77216","241.77216","3593","3593","3593","","","","","","","","","","","","","","","","","",""
"673066","","","","","","","","","","","","","","","","","","","535.7828","535.7828","535.7828","3445","3445","3445","","","","","",""
"673233","","","","","","","","","","","","","","","","","","","","","","","","","540.1384","540.1384","540.1384","2331","2331","2331"
"673916","-80.39216","-80.39216","-80.39216","3607","3607","3607","","","","","","","","","","","","","","","","","","","","","","","",""
"673987","","","","","","","","","","","","","286.88525","286.88525","286.88525","3441","3441","3441","","","","","","","","","","","",""
"673996","","","","","","","","","","","","","","","","","","","907.1","907.1","907.1","3446","3446","3446","","","","","",""
"674036","","","","","","","224.67532","224.67532","224.67532","3594","3594","3594","","","","","","","","","","","","","","","","","",""
"674234","","","","","","","","","","","","","","","","","","","","","","","","","547.8405","547.8405","547.8405","2332","2332","2332"
"674917","-62.546818","-62.546818","-62.546818","3608","3608","3608","","","","","","","","","","","","","","","","","","","","","","","",""
"674988","","","","","","","","","","","","","481.69934","481.69934","481.69934","3442","3442","3442","","","","","","","","","","","",""
"674997","","","","","","","","","","","","","","","","","","","795.75287","795.75287","795.75287","3447","3447","3447","","","","","",""
"675037","","","","","","","574.7405","574.7405","574.7405","3595","3595","3595","","","","","","","","","","","","","","","","","",""
"675235","","","","","","","","","","","","","","","","","","","","","","","","","307.80142","307.80142","307.80142","2333","2333","2333"
"675918","-70.69597","-70.69597","-70.69597","3627","3627","3627","","","","","","","","","","","","","","","","","","","","","","","",""
"675989","","","","","","","","","","","","","72.284645","72.284645","72.284645","3460","3460","3460","","","","","","","","","","","",""
"675998","","","","","","","","","","","","","","","","","","","856.5217","856.5217","856.5217","3465","3465","3465","","","","","",""
"676038","","","","","","","275.41528","275.41528","275.41528","3614","3614","3614","","","","","","","","","","","","","","","","","",""
"676236","","","","","","","","","","","","","","","","","","","","","","","","","451.02042","451.02042","451.02042","2344","2344","2344"
"676919","-77.63578","-77.63578","-77.63578","3628","3628","3628","","","","","","","","","","","","","","","","","","","","","","","",""
"676961","","","","","","","","","","","","","","","","","","","","","","","","","217.79288","217.79288","217.79288","2345","2345","2345"
"676990","","","","","","","","","","","","","859.707","859.707","859.707","3461","3461","3461","","","","","","","","","","","",""
"676999","","","","","","","","","","","","","","","","","","","510.1083","510.1083","510.1083","3466","3466","3466","","","","","",""
"677039","","","","","","","63.120567","63.120567","63.120567","3615","3615","3615","","","","","","","","","","","","","","","","","",""
"677920","-31.654676","-31.654676","-31.654676","3629","3629","3629","","","","","","","","","","","","","","","","","","","","","","","",""
"677962","","","","","","","","","","","","","","","","","","","","","","","","","346.09665","346.09665","346.09665","2346","2346","2346"
"677991","","","","","","","","","","","","","663.57825","663.57825","663.57825","3462","3462","3462","","","","","","","","","","","",""
"678000","","","","","","","","","","","","","","","","","","","585.8006","585.8006","585.8006","3467","3467","3467","","","","","",""
"678040","","","","","","","240.13605","240.13605","240.13605","3616","3616","3616","","","","","","","","","","","","","","","","","",""
"678921","-76.83398","-76.83398","-76.83398","3630","3630","3630","","","","","","","","","","","","","","","","","","","","","","","",""
"678963","","","","","","","","","","","","","","","","","","","","","","","","","716.6667","716.6667","716.6667","2347","2347","2347"
"678992","","","","","","","","","","","","","443.16547","443.16547","443.16547","3463","3463","3463","","","","","","","","","","","",""
"679001","","","","","","","","","","","","","","","","","","","766.171","766.171","766.171","3468","3468","3468","","","","","",""
"679041","","","","","","","330.34055","330.34055","330.34055","3617","3617","3617","","","","","","","","","","","","","","","","","",""
"679922","-83.277596","-83.277596","-83.277596","3631","3631","3631","","","","","","","","","","","","","","","","","","","","","","","",""
"679964","","","","","","","","","","","","","","","","","","","","","","","","","177.9661","177.9661","177.9661","2358","2358","2358"
"679993","","","","","","","","","","","","","336.29343","336.29343","336.29343","3481","3481","3481","","","","","","","","","","","",""
"680002","","","","","","","","","","","","","","","","","","","664.08453","664.08453","664.08453","3486","3486","3486","","","","","",""
"680042","","","","","","","56.133827","56.133827","56.133827","3636","3636","3636","","","","","","","","","","","","","","","","","",""
"680923","-60.288807","-60.288807","-60.288807","3650","3650","3650","","","","","","","","","","","","","","","","","","","","","","","",""
"680965","","","","","","","","","","","","","","","","","","","","","","","","","388.97058","388.97058","388.97058","2359","2359","2359"
"680994","","","","","","","","","","","","","823.0769","823.0769","823.0769","3482","3482","3482","","","","","","","","","","","",""
"681003","","","","","","","","","","","","","","","","","","","787.2727","787.2727","787.2727","3487","3487","3487","","","","","",""
"681043","","","","","","","360","360","360","3637","3637","3637","","","","","","","","","","","","","","","","","",""
"681924","17.824774","17.824774","17.824774","3651","3651","3651","","","","","","","","","","","","","","","","","","","","","","","",""
"681966","","","","","","","","","","","","","","","","","","","","","","","","","295.6044","295.6044","295.6044","2360","2360","2360"
"681995","","","","","","","","","","","","","546.2094","546.2094","546.2094","3483","3483","3483","","","","","","","","","","","",""
"682004","","","","","","","","","","","","","","","","","","","314.1791","314.1791","314.1791","3488","3488","3488","","","","","",""
"682044","","","","","","","-32.20339","-32.20339","-32.20339","3638","3638","3638","","","","","","","","","","","","","","","","","",""
"682148","-21.828253","-21.828253","-21.828253","3652","3652","3652","","","","","","","","","","","","","","","","","","","","","","","",""
"682967","","","","","","","","","","","","","","","","","","","","","","","","","301.2945","301.2945","301.2945","2361","2361","2361"
"682996","","","","","","","","","","","","","561.6314","561.6314","561.6314","3484","3484","3484","","","","","","","","","","","",""
"683005","","","","","","","","","","","","","","","","","","","678.5714","678.5714","678.5714","3489","3489","3489","","","","","",""
"683045","","","","","","","319.11765","319.11765","319.11765","3639","3639","3639","","","","","","","","","","","","","","","","","",""
"683149","-22.535212","-22.535212","-22.535212","3653","3653","3653","","","","","","","","","","","","","","","","","","","","","","","",""
"683968","","","","","","","","","","","","","","","","","","","","","","","","","404.91803","404.91803","404.91803","2362","2362","2362"
"683997","","","","","","","","","","","","","602.60223","602.60223","602.60223","3485","3485","3485","","","","","","","","","","","",""
"684006","","","","","","","","","","","","","","","","","","","326.1745","326.1745","326.1745","3490","3490","3490","","","","","",""
"684046","","","","","","","42.857143","42.857143","42.857143","3658","3658","3658","","","","","","","","","","","","","","","","","",""
"684150","-67.27273","-67.27273","-67.27273","3672","3672","3672","","","","","","","","","","","","","","","","","","","","","","","",""
"684969","","","","","","","","","","","","","","","","","","","","","","","","","703.9216","703.9216","703.9216","2373","2373","2373"
"684998","","","","","","","","","","","","","315.49295","315.49295","315.49295","3503","3503","3503","","","","","","","","","","","",""
"685007","","","","","","","","","","","","","","","","","","","686.2319","686.2319","686.2319","3508","3508","3508","","","","","",""
"685047","","","","","","","291.58575","291.58575","291.58575","3659","3659","3659","","","","","","","","","","","","","","","","","",""
"685151","30.597015","30.597015","30.597015","3673","3673","3673","","","","","","","","","","","","","","","","","","","","","","","",""
"685970","","","","","","","","","","","","","","","","","","","","","","","","","525.46814","525.46814","525.46814","2374","2374","2374"
"685999","","","","","","","","","","","","","754.5455","754.5455","754.5455","3504","3504","3504","","","","","","","","","","","",""
"686008","","","","","","","","","","","","","","","","","","","211.11111","211.11111","211.11111","3509","3509","3509","","","","","",""
"686048","","","","","","","227.86885","227.86885","227.86885","3660","3660","3660","","","","","","","","","","","","","","","","","",""
"686152","-67.85714","-67.85714","-67.85714","3674","3674","3674","","","","","","","","","","","","","","","","","","","","","","","",""
"686971","","","","","","","","","","","","","","","","","","","","","","","","","786.4469","786.4469","786.4469","2375","2375","2375"
"687000","","","","","","","","","","","","","60.44776","60.44776","60.44776","3505","3505","3505","","","","","","","","","","","",""
"687009","","","","","","","","","","","","","","","","","","","749.5935","749.5935","749.5935","3510","3510","3510","","","","","",""
"687049","","","","","","","184.31372","184.31372","184.31372","3661","3661","3661","","","","","","","","","","","","","","","","","",""
"687153","17.449665","17.449665","17.449665","3675","3675","3675","","","","","","","","","","","","","","","","","","","","","","","",""
"687972","","","","","","","","","","","","","","","","","","","","","","","","","836.10223","836.10223","836.10223","2376","2376","2376"
"688001","","","","","","","","","","","","","467.85715","467.85715","467.85715","3506","3506","3506","","","","","","","","","","","",""
"688010","","","","","","","","","","","","","","","","","","","749.69324","749.69324","749.69324","3511","3511","3511","","","","","",""
"688050","","","","","","","177.15356","177.15356","177.15356","3662","3662","3662","","","","","","","","","","","","","","","","","",""
"688154","-78.26087","-78.26087","-78.26087","3694","3694","3694","","","","","","","","","","","","","","","","","","","","","","","",""
"688973","","","","","","","","","","","","","","","","","","","","","","","","","331.65466","331.65466","331.65466","2387","2387","2387"
"689002","","","","","","","","","","","","","839.5973","839.5973","839.5973","3524","3524","3524","","","","","","","","","","","",""
"689011","","","","","","","","","","","","","","","","","","","511.88812","511.88812","511.88812","3529","3529","3529","","","","","",""
"689051","","","","","","","328.57144","328.57144","328.57144","3681","3681","3681","","","","","","","","","","","","","","","","","",""
"689155","-86.111115","-86.111115","-86.111115","3695","3695","3695","","","","","","","","","","","","","","","","","","","","","","","",""
"689974","","","","","","","","","","","","","","","","","","","","","","","","","826.6409","826.6409","826.6409","2388","2388","2388"
"690003","","","","","","","","","","","","","834.7826","834.7826","834.7826","3525","3525","3525","","","","","","","","","","","",""
"690012","","","","","","","","","","","","","","","","","","","576.97595","576.97595","576.97595","3530","3530","3530","","","","","",""
"690052","","","","","","","114.05751","114.05751","114.05751","3682","3682","3682","","","","","","","","","","","","","","","","","",""
"690156","-71.544716","-71.544716","-71.544716","3696","3696","3696","","","","","","","","","","","","","","","","","","","","","","","",""
"690975","","","","","","","","","","","","","","","","","","","","","","","","","241.13713","241.13713","241.13713","2389","2389","2389"
"691004","","","","","","","","","","","","","408.33334","408.33334","408.33334","3526","3526","3526","","","","","","","","","","","",""
"691013","","","","","","","","","","","","","","","","","","","447.4006","447.4006","447.4006","3531","3531","3531","","","","","",""
"691053","","","","","","","349.6403","349.6403","349.6403","3683","3683","3683","","","","","","","","","","","","","","","","","",""
"691157","-75.46012","-75.46012","-75.46012","3697","3697","3697","","","","","","","","","","","","","","","","","","","","","","","",""
"691976","","","","","","","","","","","","","","","","","","","","","","","","","152.70758","152.70758","152.70758","2390","2390","2390"
"692005","","","","","","","","","","","","","550.4065","550.4065","550.4065","3527","3527","3527","","","","","","","","","","","",""
"692014","","","","","","","","","","","","","","","","","","","90.18405","90.18405","90.18405","3532","3532","3532","","","","","",""
"692054","","","","","","","313.1274","313.1274","313.1274","3684","3684","3684","","","","","","","","","","","","","","","","","",""
"692158","-33.566433","-33.566433","-33.566433","3698","3698","3698","","","","","","","","","","","","","","","","","","","","","","","",""
"692977","","","","","","","","","","","","","","","","","","","","","","","","","147.73415","147.73415","147.73415","2401","2401","2401"
"693006","","","","","","","","","","","","","203.68098","203.68098","203.68098","3545","3545","3545","","","","","","","","","","","",""
"693015","","","","","","","","","","","","","","","","","","","587.91943","587.91943","587.91943","3550","3550","3550","","","","","",""
"693055","","","","","","","180.93646","180.93646","180.93646","3703","3703","3703","","","","","","","","","","","","","","","","","",""
"693159","-72.50859","-72.50859","-72.50859","3717","3717","3717","","","","","","","","","","","","","","","","","","","","","","","",""
"693978","","","","","","","","","","","","","","","","","","","","","","","","","201.11523","201.11523","201.11523","2402","2402","2402"
"694007","","","","","","","","","","","","","511.88812","511.88812","511.88812","3546","3546","3546","","","","","","","","","","","",""
"694016","","","","","","","","","","","","","","","","","","","353.1722","353.1722","353.1722","3551","3551","3551","","","","","",""
"694056","","","","","","","69.67509","69.67509","69.67509","3704","3704","3704","","","","","","","","","","","","","","","","","",""
"694160","-78.59327","-78.59327","-78.59327","3718","3718","3718","","","","","","","","","","","","","","","","","","","","","","","",""
"694979","","","","","","","","","","","","","","","","","","","","","","","","","611.2676","611.2676","611.2676","2403","2403","2403"
"695008","","","","","","","","","","","","","367.35394","367.35394","367.35394","3547","3547","3547","","","","","","","","","","","",""
"695017","","","","","","","","","","","","","","","","","","","836.803","836.803","836.803","3552","3552","3552","","","","","",""
"695057","","","","","","","51.057404","51.057404","51.057404","3705","3705","3705","","","","","","","","","","","","","","","","","",""
"695161","-17.177914","-17.177914","-17.177914","3719","3719","3719","","","","","","","","","","","","","","","","","","","","","","","",""
"695980","","","","","","","","","","","","","","","","","","","","","","","","","310.9091","310.9091","310.9091","2404","2404","2404"
"696009","","","","","","","","","","","","","670.6422","670.6422","670.6422","3548","3548","3548","","","","","","","","","","","",""
"696018","","","","","","","","","","","","","","","","","","","256.66666","256.66666","256.66666","3553","3553","3553","","","","","",""
"696058","","","","","","","208.55019","208.55019","208.55019","3706","3706","3706","","","","","","","","","","","","","","","","","",""
"696162","-83.22147","-83.22147","-83.22147","3720","3720","3720","","","","","","","","","","","","","","","","","","","","","","","",""
"696981","","","","","","","","","","","","","","","","","","","","","","","","","280.59702","280.59702","280.59702","2415","2415","2415"
"697010","","","","","","","","","","","","","206.74846","206.74846","206.74846","3566","3566","3566","","","","","","","","","","","",""
"697019","","","","","","","","","","","","","","","","","","","445.45456","445.45456","445.45456","3571","3571","3571","","","","","",""
"697059","","","","","","","227.46478","227.46478","227.46478","3725","3725","3725","","","","","","","","","","","","","","","","","",""
"697163","-57.703926","-57.703926","-57.703926","3739","3739","3739","","","","","","","","","","","","","","","","","","","","","","","",""
"697982","","","","","","","","","","","","","","","","","","","","","","","","","346.42856","346.42856","346.42856","2416","2416","2416"
"698011","","","","","","","","","","","","","524.1611","524.1611","524.1611","3567","3567","3567","","","","","","","","","","","",""
"698020","","","","","","","","","","","","","","","","","","","623.127","623.127","623.127","3572","3572","3572","","","","","",""
"698060","","","","","","","238.18182","238.18182","238.18182","3726","3726","3726","","","","","","","","","","","","","","","","","",""
"698164","-81.412636","-81.412636","-81.412636","3740","3740","3740","","","","","","","","","","","","","","","","","","","","","","","",""
"698983","","","","","","","","","","","","","","","","","","","","","","","","","393.2886","393.2886","393.2886","2417","2417","2417"
"699012","","","","","","","","","","","","","407.55286","407.55286","407.55286","3568","3568","3568","","","","","","","","","","","",""
"699021","","","","","","","","","","","","","","","","","","","263.63635","263.63635","263.63635","3573","3573","3573","","","","","",""
"699061","","","","","","","64.17911","64.17911","64.17911","3727","3727","3727","","","","","","","","","","","","","","","","","",""
"699165","-76.666664","-76.666664","-76.666664","3741","3741","3741","","","","","","","","","","","","","","","","","","","","","","","",""
"699376","-14.316928","-14.316928","-14.316928","3742","3742","3742","","","","","","","","","","","","","","","","","","","","","","","",""
"699984","","","","","","","","","","","","","","","","","","","","","","","","","265.94202","265.94202","265.94202","2418","2418","2418"
"700013","","","","","","","","","","","","","751.3011","751.3011","751.3011","3569","3569","3569","","","","","","","","","","","",""
"700022","","","","","","","","","","","","","","","","","","","245.58824","245.58824","245.58824","3574","3574","3574","","","","","",""
"700062","","","","","","","410.7143","410.7143","410.7143","3728","3728","3728","","","","","","","","","","","","","","","","","",""
"700377","-83.713356","-83.713356","-83.713356","3743","3743","3743","","","","","","","","","","","","","","","","","","","","","","","",""
"700985","","","","","","","","","","","","","","","","","","","","","","","","","183.33333","183.33333","183.33333","2429","2429","2429"
"701014","","","","","","","","","","","","","420","420","420","3587","3587","3587","","","","","","","","","","","",""
"701023","","","","","","","","","","","","","","","","","","","764.86487","764.86487","764.86487","3592","3592","3592","","","","","",""
"701063","","","","","","","329.5302","329.5302","329.5302","3747","3747","3747","","","","","","","","","","","","","","","","","",""
"701378","-73.06397","-73.06397","-73.06397","3762","3762","3762","","","","","","","","","","","","","","","","","","","","","","","",""
"701986","","","","","","","","","","","","","","","","","","","","","","","","","432.52032","432.52032","432.52032","2430","2430","2430"
"702015","","","","","","","","","","","","","382.7586","382.7586","382.7586","3588","3588","3588","","","","","","","","","","","",""
"702024","","","","","","","","","","","","","","","","","","","815.12915","815.12915","815.12915","3593","3593","3593","","","","","",""
"702064","","","","","","","454.34784","454.34784","454.34784","3748","3748","3748","","","","","","","","","","","","","","","","","",""
"702379","-74.26471","-74.26471","-74.26471","3763","3763","3763","","","","","","","","","","","","","","","","","","","","","","","",""
"702987","","","","","","","","","","","","","","","","","","","","","","","","","289.57056","289.57056","289.57056","2431","2431","2431"
"703016","","","","","","","","","","","","","365.79803","365.79803","365.79803","3589","3589","3589","","","","","","","","","","","",""
"703025","","","","","","","","","","","","","","","","","","","90.14085","90.14085","90.14085","3594","3594","3594","","","","","",""
"703065","","","","","","","188.88889","188.88889","188.88889","3749","3749","3749","","","","","","","","","","","","","","","","","",""
"703380","-52.7027","-52.7027","-52.7027","3764","3764","3764","","","","","","","","","","","","","","","","","","","","","","","",""
"703988","","","","","","","","","","","","","","","","","","","","","","","","","483.91608","483.91608","483.91608","2432","2432","2432"
"704017","","","","","","","","","","","","","172.72728","172.72728","172.72728","3590","3590","3590","","","","","","","","","","","",""
"704026","","","","","","","","","","","","","","","","","","","329.078","329.078","329.078","3595","3595","3595","","","","","",""
"704066","","","","","","","485.36584","485.36584","485.36584","3750","3750","3750","","","","","","","","","","","","","","","","","",""
"704381","-77.85978","-77.85978","-77.85978","3765","3765","3765","","","","","","","","","","","","","","","","","","","","","","","",""
"704989","","","","","","","","","","","","","","","","","","","","","","","","","405.15463","405.15463","405.15463","2443","2443","2443"
"705018","","","","","","","","","","","","","396.32352","396.32352","396.32352","3608","3608","3608","","","","","","","","","","","",""
"705027","","","","","","","","","","","","","","","","","","","847.73517","847.73517","847.73517","3613","3613","3613","","","","","",""
"705067","","","","","","","179.1411","179.1411","179.1411","3769","3769","3769","","","","","","","","","","","","","","","","","",""
"705382","-82.39436","-82.39436","-82.39436","3784","3784","3784","","","","","","","","","","","","","","","","","","","","","","","",""
"705971","","","","","","","","","","","","","","","","","","","135.03076","135.03076","135.03076","3614","3614","3614","","","","","",""
"705990","","","","","","","","","","","","","","","","","","","","","","","","","162.99695","162.99695","162.99695","2444","2444","2444"
"706019","","","","","","","","","","","","","160.13513","160.13513","160.13513","3609","3609","3609","","","","","","","","","","","",""
"706068","","","","","","","172.72728","172.72728","172.72728","3770","3770","3770","","","","","","","","","","","","","","","","","",""
"706383","-75.17731","-75.17731","-75.17731","3785","3785","3785","","","","","","","","","","","","","","","","","","","","","","","",""
"706972","","","","","","","","","","","","","","","","","","","407.4074","407.4074","407.4074","3615","3615","3615","","","","","",""
"706991","","","","","","","","","","","","","","","","","","","","","","","","","194.47853","194.47853","194.47853","2445","2445","2445"
"707020","","","","","","","","","","","","","294.83395","294.83395","294.83395","3610","3610","3610","","","","","","","","","","","",""
"707069","","","","","","","75.25773","75.25773","75.25773","3771","3771","3771","","","","","","","","","","","","","","","","","",""
"707384","-9.407665","-9.407665","-9.407665","3786","3786","3786","","","","","","","","","","","","","","","","","","","","","","","",""
"707973","","","","","","","","","","","","","","","","","","","841.17645","841.17645","841.17645","3616","3616","3616","","","","","",""
"707992","","","","","","","","","","","","","","","","","","","","","","","","","608.0537","608.0537","608.0537","2446","2446","2446"
"708021","","","","","","","","","","","","","452.8169","452.8169","452.8169","3611","3611","3611","","","","","","","","","","","",""
"708070","","","","","","","92.66055","92.66055","92.66055","3772","3772","3772","","","","","","","","","","","","","","","","","",""
"708385","-84.61539","-84.61539","-84.61539","3787","3787","3787","","","","","","","","","","","","","","","","","","","","","","","",""
"708974","","","","","","","","","","","","","","","","","","","620.4301","620.4301","620.4301","3634","3634","3634","","","","","",""
"708993","","","","","","","","","","","","","","","","","","","","","","","","","274.62234","274.62234","274.62234","2457","2457","2457"
"709022","","","","","","","","","","","","","868.0851","868.0851","868.0851","3629","3629","3629","","","","","","","","","","","",""
"709071","","","","","","","228.22086","228.22086","228.22086","3791","3791","3791","","","","","","","","","","","","","","","","","",""
"709386","-77.77778","-77.77778","-77.77778","3806","3806","3806","","","","","","","","","","","","","","","","","","","","","","","",""
"709975","","","","","","","","","","","","","","","","","","","737.5451","737.5451","737.5451","3635","3635","3635","","","","","",""
"709994","","","","","","","","","","","","","","","","","","","","","","","","","535.68774","535.68774","535.68774","2458","2458","2458"
"710023","","","","","","","","","","","","","854.70386","854.70386","854.70386","3630","3630","3630","","","","","","","","","","","",""
"710072","","","","","","","473.8255","473.8255","473.8255","3792","3792","3792","","","","","","","","","","","","","","","","","",""
"710387","-11.764706","-11.764706","-11.764706","3807","3807","3807","","","","","","","","","","","","","","","","","","","","","","","",""
"710976","","","","","","","","","","","","","","","","","","","771.4286","771.4286","771.4286","3636","3636","3636","","","","","",""
"710995","","","","","","","","","","","","","","","","","","","","","","","","","713.3333","713.3333","713.3333","2459","2459","2459"
"711024","","","","","","","","","","","","","752.3077","752.3077","752.3077","3631","3631","3631","","","","","","","","","","","",""
"711073","","","","","","","187.00906","187.00906","187.00906","3793","3793","3793","","","","","","","","","","","","","","","","","",""
"711388","-49.82079","-49.82079","-49.82079","3808","3808","3808","","","","","","","","","","","","","","","","","","","","","","","",""
"711977","","","","","","","","","","","","","","","","","","","241.38972","241.38972","241.38972","3637","3637","3637","","","","","",""
"711996","","","","","","","","","","","","","","","","","","","","","","","","","294.9843","294.9843","294.9843","2460","2460","2460"
"712025","","","","","","","","","","","","","848.14813","848.14813","848.14813","3632","3632","3632","","","","","","","","","","","",""
"712074","","","","","","","256.87732","256.87732","256.87732","3794","3794","3794","","","","","","","","","","","","","","","","","",""
"712389","-74.72924","-74.72924","-74.72924","3809","3809","3809","","","","","","","","","","","","","","","","","","","","","","","",""
"712978","","","","","","","","","","","","","","","","","","","298.71384","298.71384","298.71384","3655","3655","3655","","","","","",""
"712997","","","","","","","","","","","","","","","","","","","","","","","","","300.65146","300.65146","300.65146","2471","2471","2471"
"713026","","","","","","","","","","","","","741.91174","741.91174","741.91174","3650","3650","3650","","","","","","","","","","","",""
"713075","","","","","","","170","170","170","3813","3813","3813","","","","","","","","","","","","","","","","","",""
"713390","-78.57143","-78.57143","-78.57143","3828","3828","3828","","","","","","","","","","","","","","","","","","","","","","","",""
"713979","","","","","","","","","","","","","","","","","","","781.7568","781.7568","781.7568","3656","3656","3656","","","","","",""
"713998","","","","","","","","","","","","","","","","","","","","","","","","","623.9057","623.9057","623.9057","2472","2472","2472"
"714027","","","","","","","","","","","","","380.28674","380.28674","380.28674","3651","3651","3651","","","","","","","","","","","",""
"714076","","","","","","","37.931034","37.931034","37.931034","3814","3814","3814","","","","","","","","","","","","","","","","","",""
"714391","-81.873116","-81.873116","-81.873116","3829","3829","3829","","","","","","","","","","","","","","","","","","","","","","","",""
"714980","","","","","","","","","","","","","","","","","","","481.99356","481.99356","481.99356","3657","3657","3657","","","","","",""
"714999","","","","","","","","","","","","","","","","","","","","","","","","","400","400","400","2473","2473","2473"
"715028","","","","","","","","","","","","","546.2094","546.2094","546.2094","3652","3652","3652","","","","","","","","","","","",""
"715077","","","","","","","238.76222","238.76222","238.76222","3815","3815","3815","","","","","","","","","","","","","","","","","",""
"715392","-67.84566","-67.84566","-67.84566","3830","3830","3830","","","","","","","","","","","","","","","","","","","","","","","",""
"715981","","","","","","","","","","","","","","","","","","","342.62296","342.62296","342.62296","3658","3658","3658","","","","","",""
"716000","","","","","","","","","","","","","","","","","","","","","","","","","329.05405","329.05405","329.05405","2474","2474","2474"
"716029","","","","","","","","","","","","","382.14285","382.14285","382.14285","3653","3653","3653","","","","","","","","","","","",""
"716078","","","","","","","287.20538","287.20538","287.20538","3816","3816","3816","","","","","","","","","","","","","","","","","",""
"716393","-76.35135","-76.35135","-76.35135","3831","3831","3831","","","","","","","","","","","","","","","","","","","","","","","",""
"716982","","","","","","","","","","","","","","","","","","","670.27026","670.27026","670.27026","3676","3676","3676","","","","","",""
"717001","","","","","","","","","","","","","","","","","","","","","","","","","807.7491","807.7491","807.7491","2485","2485","2485"
"717030","","","","","","","","","","","","","383.3837","383.3837","383.3837","3671","3671","3671","","","","","","","","","","","",""
"717079","","","","","","","28.67647","28.67647","28.67647","3835","3835","3835","","","","","","","","","","","","","","","","","",""
"717394","-67.84566","-67.84566","-67.84566","3850","3850","3850","","","","","","","","","","","","","","","","","","","","","","","",""
"717983","","","","","","","","","","","","","","","","","","","342.24423","342.24423","342.24423","3677","3677","3677","","","","","",""
"718002","","","","","","","","","","","","","","","","","","","","","","","","","614.78876","614.78876","614.78876","2486","2486","2486"
"718031","","","","","","","","","","","","","279.42123","279.42123","279.42123","3672","3672","3672","","","","","","","","","","","",""
"718080","","","","","","","82.432434","82.432434","82.432434","3836","3836","3836","","","","","","","","","","","","","","","","","",""
"718395","-80.327866","-80.327866","-80.327866","3851","3851","3851","","","","","","","","","","","","","","","","","","","","","","","",""
"718984","","","","","","","","","","","","","","","","","","","241.93549","241.93549","241.93549","3678","3678","3678","","","","","",""
"719003","","","","","","","","","","","","","","","","","","","","","","","","","336.17023","336.17023","336.17023","2487","2487","2487"
"719032","","","","","","","","","","","","","845.9459","845.9459","845.9459","3673","3673","3673","","","","","","","","","","","",""
"719081","","","","","","","21.771217","21.771217","21.771217","3837","3837","3837","","","","","","","","","","","","","","","","","",""
"719396","-83.10811","-83.10811","-83.10811","3852","3852","3852","","","","","","","","","","","","","","","","","","","","","","","",""
"719985","","","","","","","","","","","","","","","","","","","283.11688","283.11688","283.11688","3679","3679","3679","","","","","",""
"720004","","","","","","","","","","","","","","","","","","","","","","","","","370.38327","370.38327","370.38327","2488","2488","2488"
"720033","","","","","","","","","","","","","388.74597","388.74597","388.74597","3674","3674","3674","","","","","","","","","","","",""
"720082","","","","","","","195.77464","195.77464","195.77464","3838","3838","3838","","","","","","","","","","","","","","","","","",""
"720397","12.211221","12.211221","12.211221","3853","3853","3853","","","","","","","","","","","","","","","","","","","","","","","",""
"720986","","","","","","","","","","","","","","","","","","","247.67026","247.67026","247.67026","3697","3697","3697","","","","","",""
"721005","","","","","","","","","","","","","","","","","","","","","","","","","524.61536","524.61536","524.61536","2499","2499","2499"
"721034","","","","","","","","","","","","","408.19672","408.19672","408.19672","3692","3692","3692","","","","","","","","","","","",""
"721083","","","","","","","251.06383","251.06383","251.06383","3857","3857","3857","","","","","","","","","","","","","","","","","",""
"721398","-74.19355","-74.19355","-74.19355","3872","3872","3872","","","","","","","","","","","","","","","","","","","","","","","",""
"721987","","","","","","","","","","","","","","","","","","","510.89493","510.89493","510.89493","3698","3698","3698","","","","","",""
"722006","","","","","","","","","","","","","","","","","","","","","","","","","466.66666","466.66666","466.66666","2500","2500","2500"
"722035","","","","","","","","","","","","","285.13513","285.13513","285.13513","3693","3693","3693","","","","","","","","","","","",""
"722084","","","","","","","311.1498","311.1498","311.1498","3858","3858","3858","","","","","","","","","","","","","","","","","",""
"722399","-77.27273","-77.27273","-77.27273","3873","3873","3873","","","","","","","","","","","","","","","","","","","","","","","",""
"722988","","","","","","","","","","","","","","","","","","","289.9371","289.9371","289.9371","3699","3699","3699","","","","","",""
"723007","","","","","","","","","","","","","","","","","","","","","","","","","219.85294","219.85294","219.85294","2501","2501","2501"
"723036","","","","","","","","","","","","","593.06934","593.06934","593.06934","3694","3694","3694","","","","","","","","","","","",""
"723085","","","","","","","81.53846","81.53846","81.53846","3859","3859","3859","","","","","","","","","","","","","","","","","",""
"723400","-10.394265","-10.394265","-10.394265","3874","3874","3874","","","","","","","","","","","","","","","","","","","","","","","",""
"723989","","","","","","","","","","","","","","","","","","","332.52594","332.52594","332.52594","3700","3700","3700","","","","","",""
"724008","","","","","","","","","","","","","","","","","","","","","","","","","792.47314","792.47314","792.47314","2502","2502","2502"
"724037","","","","","","","","","","","","","51.612904","51.612904","51.612904","3695","3695","3695","","","","","","","","","","","",""
"724086","","","","","","","62.962963","62.962963","62.962963","3860","3860","3860","","","","","","","","","","","","","","","","","",""
"724401","-26.07004","-26.07004","-26.07004","3875","3875","3875","","","","","","","","","","","","","","","","","","","","","","","",""
"724990","","","","","","","","","","","","","","","","","","","323.07693","323.07693","323.07693","3701","3701","3701","","","","","",""
"725009","","","","","","","","","","","","","","","","","","","","","","","","","340.43323","340.43323","340.43323","2513","2513","2513"
"725038","","","","","","","","","","","","","624.026","624.026","624.026","3713","3713","3713","","","","","","","","","","","",""
"725087","","","","","","","388.97058","388.97058","388.97058","3879","3879","3879","","","","","","","","","","","","","","","","","",""
"725402","-33.962265","-33.962265","-33.962265","3894","3894","3894","","","","","","","","","","","","","","","","","","","","","","","",""
"725991","","","","","","","","","","","","","","","","","","","624.35895","624.35895","624.35895","3719","3719","3719","","","","","",""
"726010","","","","","","","","","","","","","","","","","","","","","","","","","350","350","350","2514","2514","2514"
"726039","","","","","","","","","","","","","882.07886","882.07886","882.07886","3714","3714","3714","","","","","","","","","","","",""
"726088","","","","","","","276.3441","276.3441","276.3441","3880","3880","3880","","","","","","","","","","","","","","","","","",""
"726403","-37.716263","-37.716263","-37.716263","3895","3895","3895","","","","","","","","","","","","","","","","","","","","","","","",""
"726992","","","","","","","","","","","","","","","","","","","249.15254","249.15254","249.15254","3720","3720","3720","","","","","",""
"727011","","","","","","","","","","","","","","","","","","","","","","","","","223.26283","223.26283","223.26283","2515","2515","2515"
"727040","","","","","","","","","","","","","495.33075","495.33075","495.33075","3715","3715","3715","","","","","","","","","","","",""
"727089","","","","","","","94.94585","94.94585","94.94585","3881","3881","3881","","","","","","","","","","","","","","","","","",""
"727404","-19.58042","-19.58042","-19.58042","3896","3896","3896","","","","","","","","","","","","","","","","","","","","","","","",""
"727993","","","","","","","","","","","","","","","","","","","315.87302","315.87302","315.87302","3721","3721","3721","","","","","",""
"728012","","","","","","","","","","","","","","","","","","","","","","","","","237.62057","237.62057","237.62057","2516","2516","2516"
"728041","","","","","","","","","","","","","588.67926","588.67926","588.67926","3716","3716","3716","","","","","","","","","","","",""
"728090","","","","","","","60.714287","60.714287","60.714287","3882","3882","3882","","","","","","","","","","","","","","","","","",""
"728405","-80.76923","-80.76923","-80.76923","3897","3897","3897","","","","","","","","","","","","","","","","","","","","","","","",""
"728994","","","","","","","","","","","","","","","","","","","656.0241","656.0241","656.0241","3722","3722","3722","","","","","",""
"729013","","","","","","","","","","","","","","","","","","","","","","","","","393.24326","393.24326","393.24326","2517","2517","2517"
"729042","","","","","","","","","","","","","412.11072","412.11072","412.11072","3717","3717","3717","","","","","","","","","","","",""
"729091","","","","","","","177.94562","177.94562","177.94562","3901","3901","3901","","","","","","","","","","","","","","","","","",""
"729406","-83.05085","-83.05085","-83.05085","3916","3916","3916","","","","","","","","","","","","","","","","","","","","","","","",""
"729995","","","","","","","","","","","","","","","","","","","218.75","218.75","218.75","3740","3740","3740","","","","","",""
"730014","","","","","","","","","","","","","","","","","","","","","","","","","311.57556","311.57556","311.57556","2528","2528","2528"
"730043","","","","","","","","","","","","","648.2518","648.2518","648.2518","3735","3735","3735","","","","","","","","","","","",""
"730092","","","","","","","379.09967","379.09967","379.09967","3902","3902","3902","","","","","","","","","","","","","","","","","",""
"730407","-80.95238","-80.95238","-80.95238","3917","3917","3917","","","","","","","","","","","","","","","","","","","","","","","",""
"730996","","","","","","","","","","","","","","","","","","","690.51385","690.51385","690.51385","3741","3741","3741","","","","","",""
"731015","","","","","","","","","","","","","","","","","","","","","","","","","339.34427","339.34427","339.34427","2529","2529","2529"
"731044","","","","","","","","","","","","","377.56412","377.56412","377.56412","3736","3736","3736","","","","","","","","","","","",""
"731093","","","","","","","295.27026","295.27026","295.27026","3903","3903","3903","","","","","","","","","","","","","","","","","",""
"731408","-30.72289","-30.72289","-30.72289","3918","3918","3918","","","","","","","","","","","","","","","","","","","","","","","",""
"731997","","","","","","","","","","","","","","","","","","","221.32132","221.32132","221.32132","3742","3742","3742","","","","","",""
"732016","","","","","","","","","","","","","","","","","","","","","","","","","622.97296","622.97296","622.97296","2530","2530","2530"
"732045","","","","","","","","","","","","","801.6949","801.6949","801.6949","3737","3737","3737","","","","","","","","","","","",""
"732094","","","","","","","199.03537","199.03537","199.03537","3904","3904","3904","","","","","","","","","","","","","","","","","",""
"732409","-40.625","-40.625","-40.625","3919","3919","3919","","","","","","","","","","","","","","","","","","","","","","","",""
"732998","","","","","","","","","","","","","","","","","","","403.67648","403.67648","403.67648","3743","3743","3743","","","","","",""
"733017","","","","","","","","","","","","","","","","","","","","","","","","","289.43893","289.43893","289.43893","2531","2531","2531"
"733046","","","","","","","","","","","","","623.8095","623.8095","623.8095","3738","3738","3738","","","","","","","","","","","",""
"733095","","","","","","","480.32788","480.32788","480.32788","3905","3905","3905","","","","","","","","","","","","","","","","","",""
"733410","-16.996048","-16.996048","-16.996048","3938","3938","3938","","","","","","","","","","","","","","","","","","","","","","","",""
"733999","","","","","","","","","","","","","","","","","","","394.9495","394.9495","394.9495","3761","3761","3761","","","","","",""
"734018","","","","","","","","","","","","","","","","","","","","","","","","","232.25807","232.25807","232.25807","2542","2542","2542"
"734047","","","","","","","","","","","","","249.39758","249.39758","249.39758","3756","3756","3756","","","","","","","","","","","",""
"734096","","","","","","","430.4054","430.4054","430.4054","3924","3924","3924","","","","","","","","","","","","","","","","","",""
"734411","-57.95796","-57.95796","-57.95796","3939","3939","3939","","","","","","","","","","","","","","","","","","","","","","","",""
"735000","","","","","","","","","","","","","","","","","","","60.409557","60.409557","60.409557","3762","3762","3762","","","","","",""
"735019","","","","","","","","","","","","","","","","","","","","","","","","","302.5974","302.5974","302.5974","2543","2543","2543"
"735048","","","","","","","","","","","","","281.25","281.25","281.25","3757","3757","3757","","","","","","","","","","","",""
"735097","","","","","","","170.62706","170.62706","170.62706","3925","3925","3925","","","","","","","","","","","","","","","","","",""
"735412","-81.617645","-81.617645","-81.617645","3940","3940","3940","","","","","","","","","","","","","","","","","","","","","","","",""
"735765","","","","","","","","","","","","","","","","","","","776.08093","776.08093","776.08093","3763","3763","3763","","","","","",""
"736020","","","","","","","","","","","","","","","","","","","","","","","","","451.9713","451.9713","451.9713","2544","2544","2544"
"736049","","","","","","","","","","","","","429.64426","429.64426","429.64426","3758","3758","3758","","","","","","","","","","","",""
"736098","","","","","","","58.064518","58.064518","58.064518","3926","3926","3926","","","","","","","","","","","","","","","","","",""
"736413","-46.127945","-46.127945","-46.127945","3941","3941","3941","","","","","","","","","","","","","","","","","","","","","","","",""
"736766","","","","","","","","","","","","","","","","","","","517.0213","517.0213","517.0213","3764","3764","3764","","","","","",""
"737021","","","","","","","","","","","","","","","","","","","","","","","","","254.0856","254.0856","254.0856","2545","2545","2545"
"737050","","","","","","","","","","","","","209.30931","209.30931","209.30931","3759","3759","3759","","","","","","","","","","","",""
"737099","","","","","","","201.94806","201.94806","201.94806","3927","3927","3927","","","","","","","","","","","","","","","","","",""
"737414","-41.979523","-41.979523","-41.979523","3960","3960","3960","","","","","","","","","","","","","","","","","","","","","","","",""
"737767","","","","","","","","","","","","","","","","","","","527.5862","527.5862","527.5862","3782","3782","3782","","","","","",""
"737916","-105.78231","-105.78231","-105.78231","3961","3961","3961","","","","","","","","","","","","","","","","","","","","","","","",""
"738022","","","","","","","","","","","","","","","","","","","","","","","","","475.4717","475.4717","475.4717","2556","2556","2556"
"738051","","","","","","","","","","","","","782.35297","782.35297","782.35297","3777","3777","3777","","","","","","","","","","","",""
"738100","","","","","","","301.4337","301.4337","301.4337","3946","3946","3946","","","","","","","","","","","","","","","","","",""
"738768","","","","","","","","","","","","","","","","","","","547.05884","547.05884","547.05884","3783","3783","3783","","","","","",""
"738917","-71.6312","-71.6312","-71.6312","3962","3962","3962","","","","","","","","","","","","","","","","","","","","","","","",""
"739023","","","","","","","","","","","","","","","","","","","","","","","","","550.51904","550.51904","550.51904","2557","2557","2557"
"739052","","","","","","","","","","","","","627.2727","627.2727","627.2727","3778","3778","3778","","","","","","","","","","","",""
"739101","","","","","","","230.7393","230.7393","230.7393","3947","3947","3947","","","","","","","","","","","","","","","","","",""
"739769","","","","","","","","","","","","","","","","","","","774.5098","774.5098","774.5098","3784","3784","3784","","","","","",""
"739918","-51.724136","-51.724136","-51.724136","3963","3963","3963","","","","","","","","","","","","","","","","","","","","","","","",""
"740024","","","","","","","","","","","","","","","","","","","","","","","","","274.1259","274.1259","274.1259","2558","2558","2558"
"740053","","","","","","","","","","","","","234.471","234.471","234.471","3779","3779","3779","","","","","","","","","","","",""
"740102","","","","","","","176.72955","176.72955","176.72955","3948","3948","3948","","","","","","","","","","","","","","","","","",""
"740770","","","","","","","","","","","","","","","","","","","232.3077","232.3077","232.3077","3785","3785","3785","","","","","",""
"740919","-70.588234","-70.588234","-70.588234","3964","3964","3964","","","","","","","","","","","","","","","","","","","","","","","",""
"741025","","","","","","","","","","","","","","","","","","","","","","","","","262.17947","262.17947","262.17947","2559","2559","2559"
"741054","","","","","","","","","","","","","665.30615","665.30615","665.30615","3780","3780","3780","","","","","","","","","","","",""
"741103","","","","","","","204.49828","204.49828","204.49828","3949","3949","3949","","","","","","","","","","","","","","","","","",""
"741771","","","","","","","","","","","","","","","","","","","599.6904","599.6904","599.6904","3803","3803","3803","","","","","",""
"741920","-5.882353","-5.882353","-5.882353","3983","3983","3983","","","","","","","","","","","","","","","","","","","","","","","",""
"742026","","","","","","","","","","","","","","","","","","","","","","","","","740.678","740.678","740.678","2570","2570","2570"
"742055","","","","","","","","","","","","","743.9716","743.9716","743.9716","3798","3798","3798","","","","","","","","","","","",""
"742104","","","","","","","183.21678","183.21678","183.21678","3968","3968","3968","","","","","","","","","","","","","","","","","",""
"742772","","","","","","","","","","","","","","","","","","","448.27585","448.27585","448.27585","3804","3804","3804","","","","","",""
"742921","-84.61539","-84.61539","-84.61539","3984","3984","3984","","","","","","","","","","","","","","","","","","","","","","","",""
"743027","","","","","","","","","","","","","","","","","","","","","","","","","74.60317","74.60317","74.60317","2571","2571","2571"
"743056","","","","","","","","","","","","","358.6207","358.6207","358.6207","3799","3799","3799","","","","","","","","","","","",""
"743105","","","","","","","246.15384","246.15384","246.15384","3969","3969","3969","","","","","","","","","","","","","","","","","",""
"743773","","","","","","","","","","","","","","","","","","","875","875","875","3805","3805","3805","","","","","",""
"743922","-81.42415","-81.42415","-81.42415","3985","3985","3985","","","","","","","","","","","","","","","","","","","","","","","",""
"744028","","","","","","","","","","","","","","","","","","","","","","","","","231.3253","231.3253","231.3253","2572","2572","2572"
"744057","","","","","","","","","","","","","620.58826","620.58826","620.58826","3800","3800","3800","","","","","","","","","","","",""
"744106","","","","","","","194.91525","194.91525","194.91525","3970","3970","3970","","","","","","","","","","","","","","","","","",""
"744774","","","","","","","","","","","","","","","","","","","87.05036","87.05036","87.05036","3806","3806","3806","","","","","",""
"744923","-44.827587","-44.827587","-44.827587","3986","3986","3986","","","","","","","","","","","","","","","","","","","","","","","",""
"745029","","","","","","","","","","","","","","","","","","","","","","","","","728.125","728.125","728.125","2573","2573","2573"
"745058","","","","","","","","","","","","","794.1177","794.1177","794.1177","3801","3801","3801","","","","","","","","","","","",""
"745107","","","","","","","296.8254","296.8254","296.8254","3971","3971","3971","","","","","","","","","","","","","","","","","",""
"745332","-28.2","-28.2","-28.2","3987","3987","3987","","","","","","","","","","","","","","","","","","","","","","","",""
"745775","","","","","","","","","","","","","","","","","","","573.9927","573.9927","573.9927","3824","3824","3824","","","","","",""
"746030","","","","","","","","","","","","","","","","","","","","","","","","","512.6482","512.6482","512.6482","2584","2584","2584"
"746059","","","","","","","","","","","","","149.23077","149.23077","149.23077","3819","3819","3819","","","","","","","","","","","",""
"746108","","","","","","","150","150","150","3990","3990","3990","","","","","","","","","","","","","","","","","",""
"746333","-78.41727","-78.41727","-78.41727","4006","4006","4006","","","","","","","","","","","","","","","","","","","","","","","",""
"746776","","","","","","","","","","","","","","","","","","","554.0881","554.0881","554.0881","3825","3825","3825","","","","","",""
"747031","","","","","","","","","","","","","","","","","","","","","","","","","284.3844","284.3844","284.3844","2585","2585","2585"
"747060","","","","","","","","","","","","","562.5387","562.5387","562.5387","3820","3820","3820","","","","","","","","","","","",""
"747109","","","","","","","240.625","240.625","240.625","3991","3991","3991","","","","","","","","","","","","","","","","","",""
"747334","-70.69597","-70.69597","-70.69597","4007","4007","4007","","","","","","","","","","","","","","","","","","","","","","","",""
"747777","","","","","","","","","","","","","","","","","","","604.28015","604.28015","604.28015","3826","3826","3826","","","","","",""
"748032","","","","","","","","","","","","","","","","","","","","","","","","","377.94116","377.94116","377.94116","2586","2586","2586"
"748061","","","","","","","","","","","","","468.9655","468.9655","468.9655","3821","3821","3821","","","","","","","","","","","",""
"748110","","","","","","","322.9249","322.9249","322.9249","3992","3992","3992","","","","","","","","","","","","","","","","","",""
"748335","-49.685535","-49.685535","-49.685535","4008","4008","4008","","","","","","","","","","","","","","","","","","","","","","","",""
"748778","","","","","","","","","","","","","","","","","","","499.25095","499.25095","499.25095","3827","3827","3827","","","","","",""
"749033","","","","","","","","","","","","","","","","","","","","","","","","","539.73065","539.73065","539.73065","2587","2587","2587"
"749062","","","","","","","","","","","","","766.6667","766.6667","766.6667","3822","3822","3822","","","","","","","","","","","",""
"749111","","","","","","","224.32433","224.32433","224.32433","3993","3993","3993","","","","","","","","","","","","","","","","","",""
"749336","-76.653694","-76.653694","-76.653694","4009","4009","4009","","","","","","","","","","","","","","","","","","","","","","","",""
"750112","","","","","","","411.02942","411.02942","411.02942","4012","4012","4012","","","","","","","","","","","","","","","","","",""
"750337","-51.31086","-51.31086","-51.31086","4028","4028","4028","","","","","","","","","","","","","","","","","","","","","","","",""
"751113","","","","","","","206.39731","206.39731","206.39731","4013","4013","4013","","","","","","","","","","","","","","","","","",""
"751338","-7.514451","-7.514451","-7.514451","4029","4029","4029","","","","","","","","","","","","","","","","","","","","","","","",""
"752114","","","","","","","360.75085","360.75085","360.75085","4014","4014","4014","","","","","","","","","","","","","","","","","",""
"752339","-81.343285","-81.343285","-81.343285","4030","4030","4030","","","","","","","","","","","","","","","","","","","","","","","",""
"752692","","","","","","","155.32516","155.32516","155.32516","4015","4015","4015","","","","","","","","","","","","","","","","","",""
"753340","-8.127209","-8.127209","-8.127209","4031","4031","4031","","","","","","","","","","","","","","","","","","","","","","","",""
"753693","","","","","","","580.8511","580.8511","580.8511","4034","4034","4034","","","","","","","","","","","","","","","","","",""
"754341","-35.58282","-35.58282","-35.58282","4050","4050","4050","","","","","","","","","","","","","","","","","","","","","","","",""
"754508","-95.666664","-95.666664","-95.666664","4051","4051","4051","","","","","","","","","","","","","","","","","","","","","","","",""
"754694","","","","","","","203.44827","203.44827","203.44827","4035","4035","4035","","","","","","","","","","","","","","","","","",""
"755509","-44.805195","-44.805195","-44.805195","4052","4052","4052","","","","","","","","","","","","","","","","","","","","","","","",""
"755695","","","","","","","308.08823","308.08823","308.08823","4036","4036","4036","","","","","","","","","","","","","","","","","",""
"756510","-73.333336","-73.333336","-73.333336","4053","4053","4053","","","","","","","","","","","","","","","","","","","","","","","",""
"756696","","","","","","","252.94118","252.94118","252.94118","4037","4037","4037","","","","","","","","","","","","","","","","","",""
"756778","-101.95211","-101.95211","-101.95211","4054","4054","4054","","","","","","","","","","","","","","","","","","","","","","","",""
"757697","","","","","","","524.61536","524.61536","524.61536","4038","4038","4038","","","","","","","","","","","","","","","","","",""
"757779","-76.74419","-76.74419","-76.74419","4073","4073","4073","","","","","","","","","","","","","","","","","","","","","","","",""
"758698","","","","","","","172.44582","172.44582","172.44582","4057","4057","4057","","","","","","","","","","","","","","","","","",""
"758780","-31.50685","-31.50685","-31.50685","4074","4074","4074","","","","","","","","","","","","","","","","","","","","","","","",""
"759699","","","","","","","193.10345","193.10345","193.10345","4058","4058","4058","","","","","","","","","","","","","","","","","",""
"759781","-75.265015","-75.265015","-75.265015","4075","4075","4075","","","","","","","","","","","","","","","","","","","","","","","",""
"760700","","","","","","","41.666668","41.666668","41.666668","4059","4059","4059","","","","","","","","","","","","","","","","","",""
"760782","-35.294117","-35.294117","-35.294117","4076","4076","4076","","","","","","","","","","","","","","","","","","","","","","","",""
"761701","","","","","","","90.647484","90.647484","90.647484","4060","4060","4060","","","","","","","","","","","","","","","","","",""
"761783","-67.87148","-67.87148","-67.87148","4077","4077","4077","","","","","","","","","","","","","","","","","","","","","","","",""
"762702","","","","","","","53.846153","53.846153","53.846153","4079","4079","4079","","","","","","","","","","","","","","","","","",""
"762784","39.194138","39.194138","39.194138","4096","4096","4096","","","","","","","","","","","","","","","","","","","","","","","",""
"763703","","","","","","","308.80502","308.80502","308.80502","4080","4080","4080","","","","","","","","","","","","","","","","","",""
"763785","-2.0270271","-2.0270271","-2.0270271","4097","4097","4097","","","","","","","","","","","","","","","","","","","","","","","",""
"764704","","","","","","","433.07394","433.07394","433.07394","4081","4081","4081","","","","","","","","","","","","","","","","","",""
"764786","-77.49196","-77.49196","-77.49196","4098","4098","4098","","","","","","","","","","","","","","","","","","","","","","","",""
"765705","","","","","","","68.53933","68.53933","68.53933","4082","4082","4082","","","","","","","","","","","","","","","","","",""
"765787","-83.05085","-83.05085","-83.05085","4099","4099","4099","","","","","","","","","","","","","","","","","","","","","","","",""
"766706","","","","","","","238.15028","238.15028","238.15028","4101","4101","4101","","","","","","","","","","","","","","","","","",""
"766788","32.911392","32.911392","32.911392","4118","4118","4118","","","","","","","","","","","","","","","","","","","","","","","",""
"767707","","","","","","","49.25373","49.25373","49.25373","4102","4102","4102","","","","","","","","","","","","","","","","","",""
"767789","-16.955017","-16.955017","-16.955017","4119","4119","4119","","","","","","","","","","","","","","","","","","","","","","","",""
"768708","","","","","","","578.44525","578.44525","578.44525","4103","4103","4103","","","","","","","","","","","","","","","","","",""
"768790","-56.08108","-56.08108","-56.08108","4120","4120","4120","","","","","","","","","","","","","","","","","","","","","","","",""
"769709","","","","","","","41.104294","41.104294","41.104294","4104","4104","4104","","","","","","","","","","","","","","","","","",""
"769791","-37.931034","-37.931034","-37.931034","4121","4121","4121","","","","","","","","","","","","","","","","","","","","","","","",""
"770710","","","","","","","73.611115","73.611115","73.611115","4123","4123","4123","","","","","","","","","","","","","","","","","",""
"770792","49.152542","49.152542","49.152542","4140","4140","4140","","","","","","","","","","","","","","","","","","","","","","","",""
"771711","","","","","","","192.2078","192.2078","192.2078","4124","4124","4124","","","","","","","","","","","","","","","","","",""
"771793","-62.068966","-62.068966","-62.068966","4141","4141","4141","","","","","","","","","","","","","","","","","","","","","","","",""
"772712","","","","","","","110","110","110","4125","4125","4125","","","","","","","","","","","","","","","","","",""
"772794","-40.298508","-40.298508","-40.298508","4142","4142","4142","","","","","","","","","","","","","","","","","","","","","","","",""
"773713","","","","","","","213.38028","213.38028","213.38028","4126","4126","4126","","","","","","","","","","","","","","","","","",""
"773795","-83.22147","-83.22147","-83.22147","4143","4143","4143","","","","","","","","","","","","","","","","","","","","","","","",""
"774714","","","","","","","321.9269","321.9269","321.9269","4145","4145","4145","","","","","","","","","","","","","","","","","",""
"774796","-65.15679","-65.15679","-65.15679","4162","4162","4162","","","","","","","","","","","","","","","","","","","","","","","",""
"775715","","","","","","","74.65753","74.65753","74.65753","4146","4146","4146","","","","","","","","","","","","","","","","","",""
"775797","-46.23656","-46.23656","-46.23656","4163","4163","4163","","","","","","","","","","","","","","","","","","","","","","","",""
"776716","","","","","","","377.0318","377.0318","377.0318","4147","4147","4147","","","","","","","","","","","","","","","","","",""
"776798","-36.877075","-36.877075","-36.877075","4164","4164","4164","","","","","","","","","","","","","","","","","","","","","","","",""
"777717","","","","","","","108.82353","108.82353","108.82353","4148","4148","4148","","","","","","","","","","","","","","","","","",""
"777799","-20.13889","-20.13889","-20.13889","4165","4165","4165","","","","","","","","","","","","","","","","","","","","","","","",""
"778718","","","","","","","112.8514","112.8514","112.8514","4167","4167","4167","","","","","","","","","","","","","","","","","",""
"778800","-78.798584","-78.798584","-78.798584","4184","4184","4184","","","","","","","","","","","","","","","","","","","","","","","",""
"779719","","","","","","","75.82417","75.82417","75.82417","4168","4168","4168","","","","","","","","","","","","","","","","","",""
"779801","-77.35849","-77.35849","-77.35849","4185","4185","4185","","","","","","","","","","","","","","","","","","","","","","","",""
"780720","","","","","","","247.97298","247.97298","247.97298","4169","4169","4169","","","","","","","","","","","","","","","","","",""
"780802","-25.266905","-25.266905","-25.266905","4186","4186","4186","","","","","","","","","","","","","","","","","","","","","","","",""
"781721","","","","","","","337.29904","337.29904","337.29904","4170","4170","4170","","","","","","","","","","","","","","","","","",""
"781803","-45.57823","-45.57823","-45.57823","4187","4187","4187","","","","","","","","","","","","","","","","","","","","","","","",""
"782722","","","","","","","232.20338","232.20338","232.20338","4189","4189","4189","","","","","","","","","","","","","","","","","",""
"782804","-12.772586","-12.772586","-12.772586","4206","4206","4206","","","","","","","","","","","","","","","","","","","","","","","",""
"783723","","","","","","","143.67088","143.67088","143.67088","4190","4190","4190","","","","","","","","","","","","","","","","","",""
"783805","-83.164986","-83.164986","-83.164986","4207","4207","4207","","","","","","","","","","","","","","","","","","","","","","","",""
"784724","","","","","","","235.64014","235.64014","235.64014","4191","4191","4191","","","","","","","","","","","","","","","","","",""
"784806","-32.65993","-32.65993","-32.65993","4208","4208","4208","","","","","","","","","","","","","","","","","","","","","","","",""
"785725","","","","","","","271.6216","271.6216","271.6216","4192","4192","4192","","","","","","","","","","","","","","","","","",""
"785807","-58.762886","-58.762886","-58.762886","4209","4209","4209","","","","","","","","","","","","","","","","","","","","","","","",""
"786726","","","","","","","462.06897","462.06897","462.06897","4211","4211","4211","","","","","","","","","","","","","","","","","",""
"786808","-82.14286","-82.14286","-82.14286","4228","4228","4228","","","","","","","","","","","","","","","","","","","","","","","",""
"787727","","","","","","","55.932205","55.932205","55.932205","4212","4212","4212","","","","","","","","","","","","","","","","","",""
"787809","-79.09408","-79.09408","-79.09408","4229","4229","4229","","","","","","","","","","","","","","","","","","","","","","","",""
"788728","","","","","","","193.10345","193.10345","193.10345","4213","4213","4213","","","","","","","","","","","","","","","","","",""
"788810","-79.72973","-79.72973","-79.72973","4230","4230","4230","","","","","","","","","","","","","","","","","","","","","","","",""
"789729","","","","","","","75.37313","75.37313","75.37313","4214","4214","4214","","","","","","","","","","","","","","","","","",""
"789811","-53.23741","-53.23741","-53.23741","4231","4231","4231","","","","","","","","","","","","","","","","","","","","","","","",""
"790730","","","","","","","601.3423","601.3423","601.3423","4233","4233","4233","","","","","","","","","","","","","","","","","",""
"790812","-27.797834","-27.797834","-27.797834","4250","4250","4250","","","","","","","","","","","","","","","","","","","","","","","",""
"791731","","","","","","","185.71428","185.71428","185.71428","4234","4234","4234","","","","","","","","","","","","","","","","","",""
"791813","-79.86577","-79.86577","-79.86577","4251","4251","4251","","","","","","","","","","","","","","","","","","","","","","","",""
"792732","","","","","","","315.7706","315.7706","315.7706","4235","4235","4235","","","","","","","","","","","","","","","","","",""
"792814","-36.666668","-36.666668","-36.666668","4252","4252","4252","","","","","","","","","","","","","","","","","","","","","","","",""
"793733","","","","","","","199.00333","199.00333","199.00333","4236","4236","4236","","","","","","","","","","","","","","","","","",""
"793815","-73.78277","-73.78277","-73.78277","4253","4253","4253","","","","","","","","","","","","","","","","","","","","","","","",""
"794734","","","","","","","153.47223","153.47223","153.47223","4255","4255","4255","","","","","","","","","","","","","","","","","",""
"794816","-40.140846","-40.140846","-40.140846","4272","4272","4272","","","","","","","","","","","","","","","","","","","","","","","",""
"795735","","","","","","","59.0106","59.0106","59.0106","4256","4256","4256","","","","","","","","","","","","","","","","","",""
"795817","-79.52219","-79.52219","-79.52219","4273","4273","4273","","","","","","","","","","","","","","","","","","","","","","","",""
"796736","","","","","","","32.07547","32.07547","32.07547","4257","4257","4257","","","","","","","","","","","","","","","","","",""
"796818","-85.590775","-85.590775","-85.590775","4274","4274","4274","","","","","","","","","","","","","","","","","","","","","","","",""
"797737","","","","","","","188.25623","188.25623","188.25623","4258","4258","4258","","","","","","","","","","","","","","","","","",""
"797819","-83.870964","-83.870964","-83.870964","4275","4275","4275","","","","","","","","","","","","","","","","","","","","","","","",""
"798738","","","","","","","348.97958","348.97958","348.97958","4277","4277","4277","","","","","","","","","","","","","","","","","",""
"798820","-79.45206","-79.45206","-79.45206","4294","4294","4294","","","","","","","","","","","","","","","","","","","","","","","",""
"799739","","","","","","","211.52647","211.52647","211.52647","4278","4278","4278","","","","","","","","","","","","","","","","","",""
"799821","-81.27341","-81.27341","-81.27341","4295","4295","4295","","","","","","","","","","","","","","","","","","","","","","","",""
"800740","","","","","","","54.882156","54.882156","54.882156","4279","4279","4279","","","","","","","","","","","","","","","","","",""
"800822","-34.865902","-34.865902","-34.865902","4296","4296","4296","","","","","","","","","","","","","","","","","","","","","","","",""
"801741","","","","","","","51.515152","51.515152","51.515152","4280","4280","4280","","","","","","","","","","","","","","","","","",""
"801823","-75.945015","-75.945015","-75.945015","4297","4297","4297","","","","","","","","","","","","","","","","","","","","","","","",""
"802742","","","","","","","64.948456","64.948456","64.948456","4281","4281","4281","","","","","","","","","","","","","","","","","",""
"802824","-33.753944","-33.753944","-33.753944","4316","4316","4316","","","","","","","","","","","","","","","","","","","","","","","",""
"803743","","","","","","","242.85715","242.85715","242.85715","4300","4300","4300","","","","","","","","","","","","","","","","","",""
"803825","-79.72973","-79.72973","-79.72973","4317","4317","4317","","","","","","","","","","","","","","","","","","","","","","","",""
"804744","","","","","","","286.75958","286.75958","286.75958","4301","4301","4301","","","","","","","","","","","","","","","","","",""
"804826","-75.265015","-75.265015","-75.265015","4318","4318","4318","","","","","","","","","","","","","","","","","","","","","","","",""
"805745","","","","","","","75.675674","75.675674","75.675674","4302","4302","4302","","","","","","","","","","","","","","","","","",""
"805827","-73.68421","-73.68421","-73.68421","4319","4319","4319","","","","","","","","","","","","","","","","","","","","","","","",""
"806567","","","","","","","23.03597","23.03597","23.03597","4303","4303","4303","","","","","","","","","","","","","","","","","",""
"806828","-82.01439","-82.01439","-82.01439","4320","4320","4320","","","","","","","","","","","","","","","","","","","","","","","",""
"807568","","","","","","","325.99277","325.99277","325.99277","4322","4322","4322","","","","","","","","","","","","","","","","","",""
"807829","-53.405018","-53.405018","-53.405018","4339","4339","4339","","","","","","","","","","","","","","","","","","","","","","","",""
"808569","","","","","","","67.78523","67.78523","67.78523","4323","4323","4323","","","","","","","","","","","","","","","","","",""
"808830","-38.511326","-38.511326","-38.511326","4340","4340","4340","","","","","","","","","","","","","","","","","","","","","","","",""
"809570","","","","","","","63.333332","63.333332","63.333332","4324","4324","4324","","","","","","","","","","","","","","","","","",""
"809831","-78.41727","-78.41727","-78.41727","4341","4341","4341","","","","","","","","","","","","","","","","","","","","","","","",""
"810571","","","","","","","255.80524","255.80524","255.80524","4325","4325","4325","","","","","","","","","","","","","","","","","",""
"810832","-80.132454","-80.132454","-80.132454","4342","4342","4342","","","","","","","","","","","","","","","","","","","","","","","",""
"811572","","","","","","","234.50705","234.50705","234.50705","4344","4344","4344","","","","","","","","","","","","","","","","","",""
"811833","-70.69597","-70.69597","-70.69597","4361","4361","4361","","","","","","","","","","","","","","","","","","","","","","","",""
"812573","","","","","","","9.215017","9.215017","9.215017","4345","4345","4345","","","","","","","","","","","","","","","","","",""
"812834","-42.857143","-42.857143","-42.857143","4362","4362","4362","","","","","","","","","","","","","","","","","","","","","","","",""
"813574","","","","","","","193.94812","193.94812","193.94812","4346","4346","4346","","","","","","","","","","","","","","","","","",""
"813835","-27.480917","-27.480917","-27.480917","4363","4363","4363","","","","","","","","","","","","","","","","","","","","","","","",""
"814575","","","","","","","235.48387","235.48387","235.48387","4347","4347","4347","","","","","","","","","","","","","","","","","",""
"814836","-85.29412","-85.29412","-85.29412","4364","4364","4364","","","","","","","","","","","","","","","","","","","","","","","",""
"815576","","","","","","","321.23288","321.23288","321.23288","4366","4366","4366","","","","","","","","","","","","","","","","","",""
"815837","-66.565346","-66.565346","-66.565346","4383","4383","4383","","","","","","","","","","","","","","","","","","","","","","","",""
"816577","","","","","","","61.04869","61.04869","61.04869","4367","4367","4367","","","","","","","","","","","","","","","","","",""
"816838","-76.0274","-76.0274","-76.0274","4384","4384","4384","","","","","","","","","","","","","","","","","","","","","","","",""
"817578","","","","","","","260.15326","260.15326","260.15326","4368","4368","4368","","","","","","","","","","","","","","","","","",""
"817839","-42.492012","-42.492012","-42.492012","4385","4385","4385","","","","","","","","","","","","","","","","","","","","","","","",""
"818579","","","","","","","247.07904","247.07904","247.07904","4369","4369","4369","","","","","","","","","","","","","","","","","",""
"818840","-60.144928","-60.144928","-60.144928","4386","4386","4386","","","","","","","","","","","","","","","","","","","","","","","",""
"819580","","","","","","","187.06625","187.06625","187.06625","4388","4388","4388","","","","","","","","","","","","","","","","","",""
"819841","-76.5625","-76.5625","-76.5625","4405","4405","4405","","","","","","","","","","","","","","","","","","","","","","","",""
"820581","","","","","","","180.40541","180.40541","180.40541","4389","4389","4389","","","","","","","","","","","","","","","","","",""
"820842","-46.23656","-46.23656","-46.23656","4406","4406","4406","","","","","","","","","","","","","","","","","","","","","","","",""
"821582","","","","","","","295.7597","295.7597","295.7597","4390","4390","4390","","","","","","","","","","","","","","","","","",""
"821843","-74.72924","-74.72924","-74.72924","4407","4407","4407","","","","","","","","","","","","","","","","","","","","","","","",""
"822583","","","","","","","87.969925","87.969925","87.969925","4391","4391","4391","","","","","","","","","","","","","","","","","",""
"822844","-57.264957","-57.264957","-57.264957","4408","4408","4408","","","","","","","","","","","","","","","","","","","","","","","",""
"823584","","","","","","","256.1151","256.1151","256.1151","4410","4410","4410","","","","","","","","","","","","","","","","","",""
"823845","-58.199356","-58.199356","-58.199356","4427","4427","4427","","","","","","","","","","","","","","","","","","","","","","","",""
"824585","","","","","","","305.0179","305.0179","305.0179","4411","4411","4411","","","","","","","","","","","","","","","","","",""
"824846","-8.496732","-8.496732","-8.496732","4428","4428","4428","","","","","","","","","","","","","","","","","","","","","","","",""
"825586","","","","","","","307.767","307.767","307.767","4412","4412","4412","","","","","","","","","","","","","","","","","",""
"825847","13.013699","13.013699","13.013699","4429","4429","4429","","","","","","","","","","","","","","","","","","","","","","","",""
"826587","","","","","","","238.1295","238.1295","238.1295","4413","4413","4413","","","","","","","","","","","","","","","","","",""
"826848","4.6511626","4.6511626","4.6511626","4430","4430","4430","","","","","","","","","","","","","","","","","","","","","","","",""
"827588","","","","","","","244.37086","244.37086","244.37086","4432","4432","4432","","","","","","","","","","","","","","","","","",""
"827849","-53.23741","-53.23741","-53.23741","4449","4449","4449","","","","","","","","","","","","","","","","","","","","","","","",""
"828589","","","","","","","291.9414","291.9414","291.9414","4433","4433","4433","","","","","","","","","","","","","","","","","",""
"828850","-61.13074","-61.13074","-61.13074","4450","4450","4450","","","","","","","","","","","","","","","","","","","","","","","",""
"829590","","","","","","","217.46031","217.46031","217.46031","4434","4434","4434","","","","","","","","","","","","","","","","","",""
"829851","-42.372883","-42.372883","-42.372883","4451","4451","4451","","","","","","","","","","","","","","","","","","","","","","","",""
"830591","","","","","","","235.87787","235.87787","235.87787","4435","4435","4435","","","","","","","","","","","","","","","","","",""
"830852","-58.333332","-58.333332","-58.333332","4452","4452","4452","","","","","","","","","","","","","","","","","","","","","","","",""
"831592","","","","","","","179.41176","179.41176","179.41176","4454","4454","4454","","","","","","","","","","","","","","","","","",""
"831853","-58.333332","-58.333332","-58.333332","4471","4471","4471","","","","","","","","","","","","","","","","","","","","","","","",""
"832593","","","","","","","42.857143","42.857143","42.857143","4455","4455","4455","","","","","","","","","","","","","","","","","",""
"832854","-31.654676","-31.654676","-31.654676","4472","4472","4472","","","","","","","","","","","","","","","","","","","","","","","",""
"833594","","","","","","","225.34247","225.34247","225.34247","4456","4456","4456","","","","","","","","","","","","","","","","","",""
"833855","-73.333336","-73.333336","-73.333336","4473","4473","4473","","","","","","","","","","","","","","","","","","","","","","","",""
"834595","","","","","","","30.990416","30.990416","30.990416","4457","4457","4457","","","","","","","","","","","","","","","","","",""
"834856","-41.81818","-41.81818","-41.81818","4474","4474","4474","","","","","","","","","","","","","","","","","","","","","","","",""
"835596","","","","","","","240.57971","240.57971","240.57971","4476","4476","4476","","","","","","","","","","","","","","","","","",""
"835857","-72.31834","-72.31834","-72.31834","4493","4493","4493","","","","","","","","","","","","","","","","","","","","","","","",""
"836597","","","","","","","138.28125","138.28125","138.28125","4477","4477","4477","","","","","","","","","","","","","","","","","",""
"836858","-78.57143","-78.57143","-78.57143","4494","4494","4494","","","","","","","","","","","","","","","","","","","","","","","",""
"837598","","","","","","","426.8817","426.8817","426.8817","4478","4478","4478","","","","","","","","","","","","","","","","","",""
"837859","-21.232876","-21.232876","-21.232876","4495","4495","4495","","","","","","","","","","","","","","","","","","","","","","","",""
"838599","","","","","","","383.75452","383.75452","383.75452","4479","4479","4479","","","","","","","","","","","","","","","","","",""
"838860","-81.48148","-81.48148","-81.48148","4496","4496","4496","","","","","","","","","","","","","","","","","","","","","","","",""
"839600","","","","","","","224.78633","224.78633","224.78633","4480","4480","4480","","","","","","","","","","","","","","","","","",""
"839861","-82.69896","-82.69896","-82.69896","4515","4515","4515","","","","","","","","","","","","","","","","","","","","","","","",""
"840601","","","","","","","147.58842","147.58842","147.58842","4499","4499","4499","","","","","","","","","","","","","","","","","",""
"840862","-76.51007","-76.51007","-76.51007","4516","4516","4516","","","","","","","","","","","","","","","","","","","","","","","",""
"841602","","","","","","","187.5817","187.5817","187.5817","4500","4500","4500","","","","","","","","","","","","","","","","","",""
"841863","-61.403507","-61.403507","-61.403507","4517","4517","4517","","","","","","","","","","","","","","","","","","","","","","","",""
"842603","","","","","","","286.9863","286.9863","286.9863","4501","4501","4501","","","","","","","","","","","","","","","","","",""
"842864","-45.51282","-45.51282","-45.51282","4518","4518","4518","","","","","","","","","","","","","","","","","","","","","","","",""
"843034","","","","","","","27.642635","27.642635","27.642635","4502","4502","4502","","","","","","","","","","","","","","","","","",""
"843865","-71.731445","-71.731445","-71.731445","4537","4537","4537","","","","","","","","","","","","","","","","","","","","","","","",""
"844035","","","","","","","241.72662","241.72662","241.72662","4521","4521","4521","","","","","","","","","","","","","","","","","",""
"844866","-54.69256","-54.69256","-54.69256","4538","4538","4538","","","","","","","","","","","","","","","","","","","","","","","",""
"845036","","","","","","","440.63605","440.63605","440.63605","4522","4522","4522","","","","","","","","","","","","","","","","","",""
"845867","-64.968155","-64.968155","-64.968155","4539","4539","4539","","","","","","","","","","","","","","","","","","","","","","","",""
"846037","","","","","","","5.084746","5.084746","5.084746","4523","4523","4523","","","","","","","","","","","","","","","","","",""
"846868","-61.53846","-61.53846","-61.53846","4540","4540","4540","","","","","","","","","","","","","","","","","","","","","","","",""
"847038","","","","","","","782.57574","782.57574","782.57574","4524","4524","4524","","","","","","","","","","","","","","","","","",""
"847869","-44.636677","-44.636677","-44.636677","4541","4541","4541","","","","","","","","","","","","","","","","","","","","","","","",""
"848039","","","","","","","198.61111","198.61111","198.61111","4543","4543","4543","","","","","","","","","","","","","","","","","",""
"848870","-29.292929","-29.292929","-29.292929","4560","4560","4560","","","","","","","","","","","","","","","","","","","","","","","",""
"849040","","","","","","","320.8633","320.8633","320.8633","4544","4544","4544","","","","","","","","","","","","","","","","","",""
"849871","-52.83019","-52.83019","-52.83019","4561","4561","4561","","","","","","","","","","","","","","","","","","","","","","","",""
"850041","","","","","","","253.33333","253.33333","253.33333","4545","4545","4545","","","","","","","","","","","","","","","","","",""
"850872","33.57401","33.57401","33.57401","4562","4562","4562","","","","","","","","","","","","","","","","","","","","","","","",""
"851042","","","","","","","536.36365","536.36365","536.36365","4546","4546","4546","","","","","","","","","","","","","","","","","",""
"851873","-67.21311","-67.21311","-67.21311","4563","4563","4563","","","","","","","","","","","","","","","","","","","","","","","",""
"852043","","","","","","","481.31488","481.31488","481.31488","4565","4565","4565","","","","","","","","","","","","","","","","","",""
"852874","-59.01639","-59.01639","-59.01639","4582","4582","4582","","","","","","","","","","","","","","","","","","","","","","","",""
"853044","","","","","","","242.85715","242.85715","242.85715","4566","4566","4566","","","","","","","","","","","","","","","","","",""
"853875","-41.37931","-41.37931","-41.37931","4583","4583","4583","","","","","","","","","","","","","","","","","","","","","","","",""
"854045","","","","","","","478.76712","478.76712","478.76712","4567","4567","4567","","","","","","","","","","","","","","","","","",""
"854876","-71.53025","-71.53025","-71.53025","4584","4584","4584","","","","","","","","","","","","","","","","","","","","","","","",""
"855046","","","","","","","220.98766","220.98766","220.98766","4568","4568","4568","","","","","","","","","","","","","","","","","",""
"855877","-71.731445","-71.731445","-71.731445","4585","4585","4585","","","","","","","","","","","","","","","","","","","","","","","",""
"856047","","","","","","","432.87198","432.87198","432.87198","4569","4569","4569","","","","","","","","","","","","","","","","","",""
"856878","-56.81063","-56.81063","-56.81063","4604","4604","4604","","","","","","","","","","","","","","","","","","","","","","","",""
"857048","","","","","","","185.2349","185.2349","185.2349","4588","4588","4588","","","","","","","","","","","","","","","","","",""
"857879","-38.356163","-38.356163","-38.356163","4605","4605","4605","","","","","","","","","","","","","","","","","","","","","","","",""
"858049","","","","","","","321.05264","321.05264","321.05264","4589","4589","4589","","","","","","","","","","","","","","","","","",""
"858880","-61.165047","-61.165047","-61.165047","4606","4606","4606","","","","","","","","","","","","","","","","","","","","","","","",""
"858908","","","","","","","138.01794","138.01794","138.01794","4590","4590","4590","","","","","","","","","","","","","","","","","",""
"859259","","","","","","","41.778446","41.778446","41.778446","4591","4591","4591","","","","","","","","","","","","","","","","","",""
"859881","-65.87031","-65.87031","-65.87031","4607","4607","4607","","","","","","","","","","","","","","","","","","","","","","","",""
"860260","","","","","","","336.89322","336.89322","336.89322","4610","4610","4610","","","","","","","","","","","","","","","","","",""
"860882","-68.085106","-68.085106","-68.085106","4626","4626","4626","","","","","","","","","","","","","","","","","","","","","","","",""
"861261","","","","","","","180.25478","180.25478","180.25478","4611","4611","4611","","","","","","","","","","","","","","","","","",""
"861883","-69.604866","-69.604866","-69.604866","4627","4627","4627","","","","","","","","","","","","","","","","","","","","","","","",""
"862262","","","","","","","271.79486","271.79486","271.79486","4612","4612","4612","","","","","","","","","","","","","","","","","",""
"862884","-46.768063","-46.768063","-46.768063","4628","4628","4628","","","","","","","","","","","","","","","","","","","","","","","",""
"863263","","","","","","","709.6886","709.6886","709.6886","4613","4613","4613","","","","","","","","","","","","","","","","","",""
"863885","-47.19472","-47.19472","-47.19472","4629","4629","4629","","","","","","","","","","","","","","","","","","","","","","","",""
"864264","","","","","","","263.63635","263.63635","263.63635","4632","4632","4632","","","","","","","","","","","","","","","","","",""
"864886","-55.0173","-55.0173","-55.0173","4648","4648","4648","","","","","","","","","","","","","","","","","","","","","","","",""
"865265","","","","","","","337.1069","337.1069","337.1069","4633","4633","4633","","","","","","","","","","","","","","","","","",""
"865887","-69.81132","-69.81132","-69.81132","4649","4649","4649","","","","","","","","","","","","","","","","","","","","","","","",""
"866266","","","","","","","304.33212","304.33212","304.33212","4634","4634","4634","","","","","","","","","","","","","","","","","",""
"866888","-61.805557","-61.805557","-61.805557","4650","4650","4650","","","","","","","","","","","","","","","","","","","","","","","",""
"867123","-67.90641","-67.90641","-67.90641","4651","4651","4651","","","","","","","","","","","","","","","","","","","","","","","",""
"867267","","","","","","","336.06558","336.06558","336.06558","4635","4635","4635","","","","","","","","","","","","","","","","","",""
"868124","-67.03297","-67.03297","-67.03297","4652","4652","4652","","","","","","","","","","","","","","","","","","","","","","","",""
"868268","","","","","","","195.08197","195.08197","195.08197","4636","4636","4636","","","","","","","","","","","","","","","","","",""
"869125","-51.140064","-51.140064","-51.140064","4671","4671","4671","","","","","","","","","","","","","","","","","","","","","","","",""
"869269","","","","","","","210.34483","210.34483","210.34483","4655","4655","4655","","","","","","","","","","","","","","","","","",""
"870126","-74.13793","-74.13793","-74.13793","4672","4672","4672","","","","","","","","","","","","","","","","","","","","","","","",""
"870270","","","","","","","376.86832","376.86832","376.86832","4656","4656","4656","","","","","","","","","","","","","","","","","",""
"871127","-53.94737","-53.94737","-53.94737","4673","4673","4673","","","","","","","","","","","","","","","","","","","","","","","",""
"871271","","","","","","","302.82684","302.82684","302.82684","4657","4657","4657","","","","","","","","","","","","","","","","","",""
"872128","-53.703705","-53.703705","-53.703705","4674","4674","4674","","","","","","","","","","","","","","","","","","","","","","","",""
"872272","","","","","","","624.2525","624.2525","624.2525","4658","4658","4658","","","","","","","","","","","","","","","","","",""
"873129","-54.703835","-54.703835","-54.703835","4693","4693","4693","","","","","","","","","","","","","","","","","","","","","","","",""
"873273","","","","","","","245.89041","245.89041","245.89041","4677","4677","4677","","","","","","","","","","","","","","","","","",""
"873398","-60.033333","-60.033333","-60.033333","4694","4694","4694","","","","","","","","","","","","","","","","","","","","","","","",""
"874274","","","","","","","55.339806","55.339806","55.339806","4678","4678","4678","","","","","","","","","","","","","","","","","",""
"874399","-79.93311","-79.93311","-79.93311","4695","4695","4695","","","","","","","","","","","","","","","","","","","","","","","",""
"875275","","","","","","","589.4198","589.4198","589.4198","4679","4679","4679","","","","","","","","","","","","","","","","","",""
"875400","-28.104576","-28.104576","-28.104576","4696","4696","4696","","","","","","","","","","","","","","","","","","","","","","","",""
"875839","","","","","","","35.28936","35.28936","35.28936","4680","4680","4680","","","","","","","","","","","","","","","","","",""
"876401","-80.132454","-80.132454","-80.132454","4697","4697","4697","","","","","","","","","","","","","","","","","","","","","","","",""
"876840","","","","","","","362.00607","362.00607","362.00607","4699","4699","4699","","","","","","","","","","","","","","","","","",""
"877402","-42.65233","-42.65233","-42.65233","4716","4716","4716","","","","","","","","","","","","","","","","","","","","","","","",""
"877627","-44.85892","-44.85892","-44.85892","4717","4717","4717","","","","","","","","","","","","","","","","","","","","","","","",""
"877713","","","","","","","174.11673","174.11673","174.11673","4700","4700","4700","","","","","","","","","","","","","","","","","",""
"878628","-61.53846","-61.53846","-61.53846","4718","4718","4718","","","","","","","","","","","","","","","","","","","","","","","",""
"878714","","","","","","","395.0495","395.0495","395.0495","4701","4701","4701","","","","","","","","","","","","","","","","","",""
"879629","-56.22896","-56.22896","-56.22896","4719","4719","4719","","","","","","","","","","","","","","","","","","","","","","","",""
"879715","","","","","","","242.56055","242.56055","242.56055","4702","4702","4702","","","","","","","","","","","","","","","","","",""
"880630","-61.685825","-61.685825","-61.685825","4720","4720","4720","","","","","","","","","","","","","","","","","","","","","","","",""
"880716","","","","","","","560.3774","560.3774","560.3774","4721","4721","4721","","","","","","","","","","","","","","","","","",""
"881631","-53.177258","-53.177258","-53.177258","4739","4739","4739","","","","","","","","","","","","","","","","","","","","","","","",""
"881717","","","","","","","215.97223","215.97223","215.97223","4722","4722","4722","","","","","","","","","","","","","","","","","",""
"882632","-18.60465","-18.60465","-18.60465","4740","4740","4740","","","","","","","","","","","","","","","","","","","","","","","",""
"882718","","","","","","","357.72595","357.72595","357.72595","4723","4723","4723","","","","","","","","","","","","","","","","","",""
"883633","-54.545456","-54.545456","-54.545456","4741","4741","4741","","","","","","","","","","","","","","","","","","","","","","","",""
"883719","","","","","","","189.37729","189.37729","189.37729","4724","4724","4724","","","","","","","","","","","","","","","","","",""
"884634","-40.809967","-40.809967","-40.809967","4742","4742","4742","","","","","","","","","","","","","","","","","","","","","","","",""
"884720","","","","","","","193.1596","193.1596","193.1596","4725","4725","4725","","","","","","","","","","","","","","","","","",""
"885635","9.154929","9.154929","9.154929","4761","4761","4761","","","","","","","","","","","","","","","","","","","","","","","",""
"885721","","","","","","","348.27585","348.27585","348.27585","4744","4744","4744","","","","","","","","","","","","","","","","","",""
"886636","21.212122","21.212122","21.212122","4762","4762","4762","","","","","","","","","","","","","","","","","","","","","","","",""
"886722","","","","","","","291.44736","291.44736","291.44736","4745","4745","4745","","","","","","","","","","","","","","","","","",""
"887637","-57.654724","-57.654724","-57.654724","4763","4763","4763","","","","","","","","","","","","","","","","","","","","","","","",""
"887723","","","","","","","187.03703","187.03703","187.03703","4746","4746","4746","","","","","","","","","","","","","","","","","",""
"888638","-68.75","-68.75","-68.75","4764","4764","4764","","","","","","","","","","","","","","","","","","","","","","","",""
"888724","","","","","","","272.8223","272.8223","272.8223","4747","4747","4747","","","","","","","","","","","","","","","","","",""
"889639","-60.288807","-60.288807","-60.288807","4783","4783","4783","","","","","","","","","","","","","","","","","","","","","","","",""
"889725","","","","","","","209.80392","209.80392","209.80392","4766","4766","4766","","","","","","","","","","","","","","","","","",""
"890640","-60.526318","-60.526318","-60.526318","4784","4784","4784","","","","","","","","","","","","","","","","","","","","","","","",""
"890726","","","","","","","294.64883","294.64883","294.64883","4767","4767","4767","","","","","","","","","","","","","","","","","",""
"891641","-67.42671","-67.42671","-67.42671","4785","4785","4785","","","","","","","","","","","","","","","","","","","","","","","",""
"891727","","","","","","","43.790848","43.790848","43.790848","4768","4768","4768","","","","","","","","","","","","","","","","","",""
"892642","-67.84566","-67.84566","-67.84566","4786","4786","4786","","","","","","","","","","","","","","","","","","","","","","","",""
"892728","","","","","","","194.70198","194.70198","194.70198","4769","4769","4769","","","","","","","","","","","","","","","","","",""
"893643","-67.03297","-67.03297","-67.03297","4805","4805","4805","","","","","","","","","","","","","","","","","","","","","","","",""
"893729","","","","","","","297.84946","297.84946","297.84946","4788","4788","4788","","","","","","","","","","","","","","","","","",""
"894644","-50.657894","-50.657894","-50.657894","4806","4806","4806","","","","","","","","","","","","","","","","","","","","","","","",""
"894730","","","","","","","553.19867","553.19867","553.19867","4789","4789","4789","","","","","","","","","","","","","","","","","",""
"895633","","","","","","","239.38718","239.38718","239.38718","4790","4790","4790","","","","","","","","","","","","","","","","","",""
"895645","-12.087913","-12.087913","-12.087913","4807","4807","4807","","","","","","","","","","","","","","","","","","","","","","","",""
"896634","","","","","","","246.80135","246.80135","246.80135","4791","4791","4791","","","","","","","","","","","","","","","","","",""
"896646","-71.51899","-71.51899","-71.51899","4808","4808","4808","","","","","","","","","","","","","","","","","","","","","","","",""
"897635","","","","","","","256.32184","256.32184","256.32184","4810","4810","4810","","","","","","","","","","","","","","","","","",""
"897647","-47.55245","-47.55245","-47.55245","4827","4827","4827","","","","","","","","","","","","","","","","","","","","","","","",""
"898636","","","","","","","301.3378","301.3378","301.3378","4811","4811","4811","","","","","","","","","","","","","","","","","",""
"898648","-71.11913","-71.11913","-71.11913","4828","4828","4828","","","","","","","","","","","","","","","","","","","","","","","",""
"899637","","","","","","","164.53488","164.53488","164.53488","4812","4812","4812","","","","","","","","","","","","","","","","","",""
"899649","-32.07547","-32.07547","-32.07547","4829","4829","4829","","","","","","","","","","","","","","","","","","","","","","","",""
"900638","","","","","","","157.57576","157.57576","157.57576","4813","4813","4813","","","","","","","","","","","","","","","","","",""
"900650","-72.881355","-72.881355","-72.881355","4830","4830","4830","","","","","","","","","","","","","","","","","","","","","","","",""
"901639","","","","","","","273.8318","273.8318","273.8318","4832","4832","4832","","","","","","","","","","","","","","","","","",""
"901651","13.970589","13.970589","13.970589","4849","4849","4849","","","","","","","","","","","","","","","","","","","","","","","",""
"902640","","","","","","","642.95776","642.95776","642.95776","4833","4833","4833","","","","","","","","","","","","","","","","","",""
"902652","-59.866222","-59.866222","-59.866222","4850","4850","4850","","","","","","","","","","","","","","","","","","","","","","","",""
"903641","","","","","","","192.92929","192.92929","192.92929","4834","4834","4834","","","","","","","","","","","","","","","","","",""
"903653","-71.6312","-71.6312","-71.6312","4851","4851","4851","","","","","","","","","","","","","","","","","","","","","","","",""
"904642","","","","","","","404.886","404.886","404.886","4835","4835","4835","","","","","","","","","","","","","","","","","",""
"904654","-63.636364","-63.636364","-63.636364","4852","4852","4852","","","","","","","","","","","","","","","","","","","","","","","",""
"905643","","","","","","","278.47223","278.47223","278.47223","4854","4854","4854","","","","","","","","","","","","","","","","","",""
"905655","-65.753426","-65.753426","-65.753426","4871","4871","4871","","","","","","","","","","","","","","","","","","","","","","","",""
"906644","","","","","","","849.4585","849.4585","849.4585","4855","4855","4855","","","","","","","","","","","","","","","","","",""
"906656","-49.72067","-49.72067","-49.72067","4872","4872","4872","","","","","","","","","","","","","","","","","","","","","","","",""
"907645","","","","","","","307.89474","307.89474","307.89474","4856","4856","4856","","","","","","","","","","","","","","","","","",""
"907657","-24.342106","-24.342106","-24.342106","4873","4873","4873","","","","","","","","","","","","","","","","","","","","","","","",""
"908646","","","","","","","118.24104","118.24104","118.24104","4857","4857","4857","","","","","","","","","","","","","","","","","",""
"908658","-75.60976","-75.60976","-75.60976","4874","4874","4874","","","","","","","","","","","","","","","","","","","","","","","",""
"909647","","","","","","","382.31512","382.31512","382.31512","4876","4876","4876","","","","","","","","","","","","","","","","","",""
"909659","-66.32996","-66.32996","-66.32996","4893","4893","4893","","","","","","","","","","","","","","","","","","","","","","","",""
"910648","","","","","","","284.6154","284.6154","284.6154","4877","4877","4877","","","","","","","","","","","","","","","","","",""
"910660","-78.33935","-78.33935","-78.33935","4894","4894","4894","","","","","","","","","","","","","","","","","","","","","","","",""
"911649","","","","","","","57.894737","57.894737","57.894737","4878","4878","4878","","","","","","","","","","","","","","","","","",""
"911661","-56.043957","-56.043957","-56.043957","4895","4895","4895","","","","","","","","","","","","","","","","","","","","","","","",""
"912650","","","","","","","412.82053","412.82053","412.82053","4879","4879","4879","","","","","","","","","","","","","","","","","",""
"912662","-73.68421","-73.68421","-73.68421","4896","4896","4896","","","","","","","","","","","","","","","","","","","","","","","",""
"913651","","","","","","","248.10127","248.10127","248.10127","4898","4898","4898","","","","","","","","","","","","","","","","","",""
"913663","-75.60976","-75.60976","-75.60976","4915","4915","4915","","","","","","","","","","","","","","","","","","","","","","","",""
"914652","","","","","","","302.0979","302.0979","302.0979","4899","4899","4899","","","","","","","","","","","","","","","","","",""
"914664","-71.24601","-71.24601","-71.24601","4916","4916","4916","","","","","","","","","","","","","","","","","","","","","","","",""
"915653","","","","","","","344.04333","344.04333","344.04333","4900","4900","4900","","","","","","","","","","","","","","","","","",""
"915665","-50.177937","-50.177937","-50.177937","4917","4917","4917","","","","","","","","","","","","","","","","","","","","","","","",""
"916654","","","","","","","828.3019","828.3019","828.3019","4901","4901","4901","","","","","","","","","","","","","","","","","",""
"916666","-72.125435","-72.125435","-72.125435","4918","4918","4918","","","","","","","","","","","","","","","","","","","","","","","",""
"917655","","","","","","","272.88135","272.88135","272.88135","4920","4920","4920","","","","","","","","","","","","","","","","","",""
"917667","-31.147541","-31.147541","-31.147541","4937","4937","4937","","","","","","","","","","","","","","","","","","","","","","","",""
"918656","","","","","","","429.41177","429.41177","429.41177","4921","4921","4921","","","","","","","","","","","","","","","","","",""
"918668","-53.79538","-53.79538","-53.79538","4938","4938","4938","","","","","","","","","","","","","","","","","","","","","","","",""
"919657","","","","","","","348.16052","348.16052","348.16052","4922","4922","4922","","","","","","","","","","","","","","","","","",""
"919669","15.241635","15.241635","15.241635","4939","4939","4939","","","","","","","","","","","","","","","","","","","","","","","",""
"920658","","","","","","","456.73758","456.73758","456.73758","4923","4923","4923","","","","","","","","","","","","","","","","","",""
"920670","-79.47214","-79.47214","-79.47214","4940","4940","4940","","","","","","","","","","","","","","","","","","","","","","","",""
"921659","","","","","","","765.4545","765.4545","765.4545","4942","4942","4942","","","","","","","","","","","","","","","","","",""
"921671","-55.0173","-55.0173","-55.0173","4959","4959","4959","","","","","","","","","","","","","","","","","","","","","","","",""
"922660","","","","","","","225.34247","225.34247","225.34247","4943","4943","4943","","","","","","","","","","","","","","","","","",""
"922672","-25.266905","-25.266905","-25.266905","4960","4960","4960","","","","","","","","","","","","","","","","","","","","","","","",""
"923608","","","","","","","101.48939","101.48939","101.48939","4944","4944","4944","","","","","","","","","","","","","","","","","",""
"923673","-80.58253","-80.58253","-80.58253","4961","4961","4961","","","","","","","","","","","","","","","","","","","","","","","",""
"924609","","","","","","","367.10526","367.10526","367.10526","4945","4945","4945","","","","","","","","","","","","","","","","","",""
"924674","-68","-68","-68","4962","4962","4962","","","","","","","","","","","","","","","","","","","","","","","",""
"925610","","","","","","","318.6992","318.6992","318.6992","4946","4946","4946","","","","","","","","","","","","","","","","","",""
"925675","-75.77855","-75.77855","-75.77855","4963","4963","4963","","","","","","","","","","","","","","","","","","","","","","","",""
"926611","","","","","","","203.0303","203.0303","203.0303","4965","4965","4965","","","","","","","","","","","","","","","","","",""
"926676","-54.198475","-54.198475","-54.198475","4982","4982","4982","","","","","","","","","","","","","","","","","","","","","","","",""
"927612","","","","","","","560.64984","560.64984","560.64984","4966","4966","4966","","","","","","","","","","","","","","","","","",""
"927677","-39.92933","-39.92933","-39.92933","4983","4983","4983","","","","","","","","","","","","","","","","","","","","","","","",""
"928613","","","","","","","372.52747","372.52747","372.52747","4967","4967","4967","","","","","","","","","","","","","","","","","",""
"928678","-45.01718","-45.01718","-45.01718","4984","4984","4984","","","","","","","","","","","","","","","","","","","","","","","",""
"929614","","","","","","","366.1654","366.1654","366.1654","4968","4968","4968","","","","","","","","","","","","","","","","","",""
"929679","-64.16938","-64.16938","-64.16938","4985","4985","4985","","","","","","","","","","","","","","","","","","","","","","","",""
"930615","","","","","","","256.7073","256.7073","256.7073","4987","4987","4987","","","","","","","","","","","","","","","","","",""
"930680","8.974359","8.974359","8.974359","5004","5004","5004","","","","","","","","","","","","","","","","","","","","","","","",""
"931616","","","","","","","494.2492","494.2492","494.2492","4988","4988","4988","","","","","","","","","","","","","","","","","",""
"931681","-64.630226","-64.630226","-64.630226","5005","5005","5005","","","","","","","","","","","","","","","","","","","","","","","",""
"932617","","","","","","","70.818504","70.818504","70.818504","4989","4989","4989","","","","","","","","","","","","","","","","","",""
"932682","-58.955223","-58.955223","-58.955223","5006","5006","5006","","","","","","","","","","","","","","","","","","","","","","","",""
"933618","","","","","","","325.0871","325.0871","325.0871","4990","4990","4990","","","","","","","","","","","","","","","","","",""
"933683","-65.51724","-65.51724","-65.51724","5007","5007","5007","","","","","","","","","","","","","","","","","","","","","","","",""
"934619","","","","","","","808.1967","808.1967","808.1967","5009","5009","5009","","","","","","","","","","","","","","","","","",""
"934684","-67.741936","-67.741936","-67.741936","5026","5026","5026","","","","","","","","","","","","","","","","","","","","","","","",""
"935620","","","","","","","78.21782","78.21782","78.21782","5010","5010","5010","","","","","","","","","","","","","","","","","",""
"935685","-68.75","-68.75","-68.75","5027","5027","5027","","","","","","","","","","","","","","","","","","","","","","","",""
"936621","","","","","","","305.20447","305.20447","305.20447","5011","5011","5011","","","","","","","","","","","","","","","","","",""
"936686","-71.51899","-71.51899","-71.51899","5028","5028","5028","","","","","","","","","","","","","","","","","","","","","","","",""
"937622","","","","","","","46.627567","46.627567","46.627567","5012","5012","5012","","","","","","","","","","","","","","","","","",""
"937687","-35.27508","-35.27508","-35.27508","5029","5029","5029","","","","","","","","","","","","","","","","","","","","","","","",""
"938623","","","","","","","408.6505","408.6505","408.6505","5031","5031","5031","","","","","","","","","","","","","","","","","",""
"938688","-67.6259","-67.6259","-67.6259","5048","5048","5048","","","","","","","","","","","","","","","","","","","","","","","",""
"939624","","","","","","","259.4306","259.4306","259.4306","5032","5032","5032","","","","","","","","","","","","","","","","","",""
"939689","-79.66102","-79.66102","-79.66102","5049","5049","5049","","","","","","","","","","","","","","","","","","","","","","","",""
"940625","","","","","","","391.9094","391.9094","391.9094","5033","5033","5033","","","","","","","","","","","","","","","","","",""
"940690","-65.034966","-65.034966","-65.034966","5050","5050","5050","","","","","","","","","","","","","","","","","","","","","","","",""
"941626","","","","","","","128","128","128","5034","5034","5034","","","","","","","","","","","","","","","","","",""
"941691","-66.037735","-66.037735","-66.037735","5051","5051","5051","","","","","","","","","","","","","","","","","","","","","","","",""
"942627","","","","","","","197.57785","197.57785","197.57785","5053","5053","5053","","","","","","","","","","","","","","","","","",""
"942692","-48.45361","-48.45361","-48.45361","5070","5070","5070","","","","","","","","","","","","","","","","","","","","","","","",""
"943628","","","","","","","545.03815","545.03815","545.03815","5054","5054","5054","","","","","","","","","","","","","","","","","",""
"943693","-75.524475","-75.524475","-75.524475","5071","5071","5071","","","","","","","","","","","","","","","","","","","","","","","",""
"944629","","","","","","","599.64667","599.64667","599.64667","5055","5055","5055","","","","","","","","","","","","","","","","","",""
"944694","-66.666664","-66.666664","-66.666664","5072","5072","5072","","","","","","","","","","","","","","","","","","","","","","","",""
"945630","","","","","","","168.04124","168.04124","168.04124","5056","5056","5056","","","","","","","","","","","","","","","","","",""
"945695","-56.349205","-56.349205","-56.349205","5073","5073","5073","","","","","","","","","","","","","","","","","","","","","","","",""
"946631","","","","","","","398.37134","398.37134","398.37134","5075","5075","5075","","","","","","","","","","","","","","","","","",""
"946696","-71.42857","-71.42857","-71.42857","5092","5092","5092","","","","","","","","","","","","","","","","","","","","","","","",""
"947018","","","","","","","-67.98718","-67.98718","-67.98718","5076","5076","5076","","","","","","","","","","","","","","","","","",""
"947697","-31.50685","-31.50685","-31.50685","5093","5093","5093","","","","","","","","","","","","","","","","","","","","","","","",""
"948019","","","","","","","166.88103","166.88103","166.88103","5077","5077","5077","","","","","","","","","","","","","","","","","",""
"948698","-73.18008","-73.18008","-73.18008","5094","5094","5094","","","","","","","","","","","","","","","","","","","","","","","",""
"949020","","","","","","","414.92538","414.92538","414.92538","5078","5078","5078","","","","","","","","","","","","","","","","","",""
"949699","-62.711864","-62.711864","-62.711864","5095","5095","5095","","","","","","","","","","","","","","","","","","","","","","","",""
"950021","","","","","","","465.51724","465.51724","465.51724","5079","5079","5079","","","","","","","","","","","","","","","","","",""
"950700","-52.191235","-52.191235","-52.191235","5114","5114","5114","","","","","","","","","","","","","","","","","","","","","","","",""
"951022","","","","","","","401.7921","401.7921","401.7921","5098","5098","5098","","","","","","","","","","","","","","","","","",""
"951701","-51.923077","-51.923077","-51.923077","5115","5115","5115","","","","","","","","","","","","","","","","","","","","","","","",""
"952023","","","","","","","490.27777","490.27777","490.27777","5099","5099","5099","","","","","","","","","","","","","","","","","",""
"952702","-30.30303","-30.30303","-30.30303","5116","5116","5116","","","","","","","","","","","","","","","","","","","","","","","",""
"953024","","","","","","","140.50633","140.50633","140.50633","5100","5100","5100","","","","","","","","","","","","","","","","","",""
"953284","","","","","","","-54.60259","-54.60259","-54.60259","5101","5101","5101","","","","","","","","","","","","","","","","","",""
"953703","-69.46565","-69.46565","-69.46565","5117","5117","5117","","","","","","","","","","","","","","","","","","","","","","","",""
"954285","","","","","","","292.08633","292.08633","292.08633","5102","5102","5102","","","","","","","","","","","","","","","","","",""
"954704","-72.477066","-72.477066","-72.477066","5136","5136","5136","","","","","","","","","","","","","","","","","","","","","","","",""
"955286","","","","","","","300","300","300","5121","5121","5121","","","","","","","","","","","","","","","","","",""
"955705","-73.053894","-73.053894","-73.053894","5137","5137","5137","","","","","","","","","","","","","","","","","","","","","","","",""
"956287","","","","","","","239.16084","239.16084","239.16084","5122","5122","5122","","","","","","","","","","","","","","","","","",""
"956706","-82.69896","-82.69896","-82.69896","5138","5138","5138","","","","","","","","","","","","","","","","","","","","","","","",""
"957288","","","","","","","616.98114","616.98114","616.98114","5123","5123","5123","","","","","","","","","","","","","","","","","",""
"957707","-28.057554","-28.057554","-28.057554","5139","5139","5139","","","","","","","","","","","","","","","","","","","","","","","",""
"958289","","","","","","","281.4433","281.4433","281.4433","5124","5124","5124","","","","","","","","","","","","","","","","","",""
"958708","-62.962963","-62.962963","-62.962963","5158","5158","5158","","","","","","","","","","","","","","","","","","","","","","","",""
"959290","","","","","","","354.54544","354.54544","354.54544","5143","5143","5143","","","","","","","","","","","","","","","","","",""
"959709","-81.30841","-81.30841","-81.30841","5159","5159","5159","","","","","","","","","","","","","","","","","","","","","","","",""
"960291","","","","","","","56.666668","56.666668","56.666668","5144","5144","5144","","","","","","","","","","","","","","","","","",""
"960710","-51.31086","-51.31086","-51.31086","5160","5160","5160","","","","","","","","","","","","","","","","","","","","","","","",""
"961292","","","","","","","435.7143","435.7143","435.7143","5145","5145","5145","","","","","","","","","","","","","","","","","",""
"961711","-78.78788","-78.78788","-78.78788","5161","5161","5161","","","","","","","","","","","","","","","","","","","","","","","",""
"962293","","","","","","","236.50793","236.50793","236.50793","5146","5146","5146","","","","","","","","","","","","","","","","","",""
"962712","-70.09967","-70.09967","-70.09967","5180","5180","5180","","","","","","","","","","","","","","","","","","","","","","","",""
"963294","","","","","","","57.53425","57.53425","57.53425","5165","5165","5165","","","","","","","","","","","","","","","","","",""
"963713","-41.17647","-41.17647","-41.17647","5181","5181","5181","","","","","","","","","","","","","","","","","","","","","","","",""
"964295","","","","","","","141.3793","141.3793","141.3793","5166","5166","5166","","","","","","","","","","","","","","","","","",""
"964714","-53.19149","-53.19149","-53.19149","5182","5182","5182","","","","","","","","","","","","","","","","","","","","","","","",""
"965296","","","","","","","293.22034","293.22034","293.22034","5167","5167","5167","","","","","","","","","","","","","","","","","",""
"965715","-57.894737","-57.894737","-57.894737","5183","5183","5183","","","","","","","","","","","","","","","","","","","","","","","",""
"966297","","","","","","","828.28687","828.28687","828.28687","5168","5168","5168","","","","","","","","","","","","","","","","","",""
"966588","","","","","","","12.125641","12.125641","12.125641","5169","5169","5169","","","","","","","","","","","","","","","","","",""
"966716","-48.71795","-48.71795","-48.71795","5202","5202","5202","","","","","","","","","","","","","","","","","","","","","","","",""
"967589","","","","","","","127.27273","127.27273","127.27273","5188","5188","5188","","","","","","","","","","","","","","","","","",""
"967717","-66.32996","-66.32996","-66.32996","5203","5203","5203","","","","","","","","","","","","","","","","","","","","","","","",""
"968590","","","","","","","403.8168","403.8168","403.8168","5189","5189","5189","","","","","","","","","","","","","","","","","",""
"968718","-65.15679","-65.15679","-65.15679","5204","5204","5204","","","","","","","","","","","","","","","","","","","","","","","",""
"969557","","","","","","","81.78746","81.78746","81.78746","5190","5190","5190","","","","","","","","","","","","","","","","","",""
"969719","-71.929825","-71.929825","-71.929825","5205","5205","5205","","","","","","","","","","","","","","","","","","","","","","","",""
"970558","","","","","","","307.18564","307.18564","307.18564","5191","5191","5191","","","","","","","","","","","","","","","","","",""
"970720","-61.03896","-61.03896","-61.03896","5206","5206","5206","","","","","","","","","","","","","","","","","","","","","","","",""
"971559","","","","","","","291.00345","291.00345","291.00345","5210","5210","5210","","","","","","","","","","","","","","","","","",""
"971721","-66.911766","-66.911766","-66.911766","5225","5225","5225","","","","","","","","","","","","","","","","","","","","","","","",""
"972560","","","","","","","346.04315","346.04315","346.04315","5211","5211","5211","","","","","","","","","","","","","","","","","",""
"972722","-61.41479","-61.41479","-61.41479","5226","5226","5226","","","","","","","","","","","","","","","","","","","","","","","",""
"973561","","","","","","","320.87543","320.87543","320.87543","5212","5212","5212","","","","","","","","","","","","","","","","","",""
"973723","-47.761192","-47.761192","-47.761192","5227","5227","5227","","","","","","","","","","","","","","","","","","","","","","","",""
"973920","","","","","","","26.29377","26.29377","26.29377","5213","5213","5213","","","","","","","","","","","","","","","","","",""
"974724","-72.22222","-72.22222","-72.22222","5228","5228","5228","","","","","","","","","","","","","","","","","","","","","","","",""
"974921","","","","","","","386.8914","386.8914","386.8914","5232","5232","5232","","","","","","","","","","","","","","","","","",""
"975725","-61.53846","-61.53846","-61.53846","5247","5247","5247","","","","","","","","","","","","","","","","","","","","","","","",""
"975922","","","","","","","321.21213","321.21213","321.21213","5233","5233","5233","","","","","","","","","","","","","","","","","",""
"976726","-50.331127","-50.331127","-50.331127","5248","5248","5248","","","","","","","","","","","","","","","","","","","","","","","",""
"976923","","","","","","","684.05316","684.05316","684.05316","5234","5234","5234","","","","","","","","","","","","","","","","","",""
"977727","-67.85714","-67.85714","-67.85714","5249","5249","5249","","","","","","","","","","","","","","","","","","","","","","","",""
"977924","","","","","","","228.71973","228.71973","228.71973","5235","5235","5235","","","","","","","","","","","","","","","","","",""
"978728","-45.652172","-45.652172","-45.652172","5250","5250","5250","","","","","","","","","","","","","","","","","","","","","","","",""
"978925","","","","","","","87.23404","87.23404","87.23404","5236","5236","5236","","","","","","","","","","","","","","","","","",""
"979729","-72.22222","-72.22222","-72.22222","5269","5269","5269","","","","","","","","","","","","","","","","","","","","","","","",""
"979926","","","","","","","321.05264","321.05264","321.05264","5255","5255","5255","","","","","","","","","","","","","","","","","",""
"980730","-64.664314","-64.664314","-64.664314","5270","5270","5270","","","","","","","","","","","","","","","","","","","","","","","",""
"980927","","","","","","","53.846153","53.846153","53.846153","5256","5256","5256","","","","","","","","","","","","","","","","","",""
"981731","-72.31834","-72.31834","-72.31834","5271","5271","5271","","","","","","","","","","","","","","","","","","","","","","","",""
"981928","","","","","","","610.4377","610.4377","610.4377","5257","5257","5257","","","","","","","","","","","","","","","","","",""
"982732","-68.45426","-68.45426","-68.45426","5272","5272","5272","","","","","","","","","","","","","","","","","","","","","","","",""
"982929","","","","","","","642.1603","642.1603","642.1603","5258","5258","5258","","","","","","","","","","","","","","","","","",""
"983733","-76.74419","-76.74419","-76.74419","5291","5291","5291","","","","","","","","","","","","","","","","","","","","","","","",""
"983930","","","","","","","854.386","854.386","854.386","5277","5277","5277","","","","","","","","","","","","","","","","","",""
"984734","-66.29214","-66.29214","-66.29214","5292","5292","5292","","","","","","","","","","","","","","","","","","","","","","","",""
"984931","","","","","","","464.93506","464.93506","464.93506","5278","5278","5278","","","","","","","","","","","","","","","","","",""
"985735","-61.03896","-61.03896","-61.03896","5293","5293","5293","","","","","","","","","","","","","","","","","","","","","","","",""
"985932","","","","","","","653.67645","653.67645","653.67645","5279","5279","5279","","","","","","","","","","","","","","","","","",""
"986736","-73.24415","-73.24415","-73.24415","5294","5294","5294","","","","","","","","","","","","","","","","","","","","","","","",""
"986933","","","","","","","427.33118","427.33118","427.33118","5280","5280","5280","","","","","","","","","","","","","","","","","",""
"987737","-79.238754","-79.238754","-79.238754","5313","5313","5313","","","","","","","","","","","","","","","","","","","","","","","",""
"987934","","","","","","","101.49254","101.49254","101.49254","5299","5299","5299","","","","","","","","","","","","","","","","","",""
"988738","-59.70696","-59.70696","-59.70696","5314","5314","5314","","","","","","","","","","","","","","","","","","","","","","","",""
"988935","","","","","","","330.55554","330.55554","330.55554","5300","5300","5300","","","","","","","","","","","","","","","","","",""
"989739","-69.49152","-69.49152","-69.49152","5315","5315","5315","","","","","","","","","","","","","","","","","","","","","","","",""
"989936","","","","","","","525","525","525","5301","5301","5301","","","","","","","","","","","","","","","","","",""
"990740","-68.64111","-68.64111","-68.64111","5316","5316","5316","","","","","","","","","","","","","","","","","","","","","","","",""
"990937","","","","","","","300.66226","300.66226","300.66226","5302","5302","5302","","","","","","","","","","","","","","","","","",""
"991741","-69.69697","-69.69697","-69.69697","5335","5335","5335","","","","","","","","","","","","","","","","","","","","","","","",""
"991938","","","","","","","225","225","225","5321","5321","5321","","","","","","","","","","","","","","","","","",""
"992742","-64.53901","-64.53901","-64.53901","5336","5336","5336","","","","","","","","","","","","","","","","","","","","","","","",""
"992939","","","","","","","371.0145","371.0145","371.0145","5322","5322","5322","","","","","","","","","","","","","","","","","",""
"993743","-20","-20","-20","5337","5337","5337","","","","","","","","","","","","","","","","","","","","","","","",""
"993940","","","","","","","434.72223","434.72223","434.72223","5323","5323","5323","","","","","","","","","","","","","","","","","",""
"994744","-65.753426","-65.753426","-65.753426","5338","5338","5338","","","","","","","","","","","","","","","","","","","","","","","",""
"994941","","","","","","","426.50177","426.50177","426.50177","5324","5324","5324","","","","","","","","","","","","","","","","","",""
"995745","-78.723404","-78.723404","-78.723404","5357","5357","5357","","","","","","","","","","","","","","","","","","","","","","","",""
"995942","","","","","","","311.7647","311.7647","311.7647","5343","5343","5343","","","","","","","","","","","","","","","","","",""
"996746","-78.395065","-78.395065","-78.395065","5358","5358","5358","","","","","","","","","","","","","","","","","","","","","","","",""
"996943","","","","","","","392.11356","392.11356","392.11356","5344","5344","5344","","","","","","","","","","","","","","","","","",""
"997747","10.320285","10.320285","10.320285","5359","5359","5359","","","","","","","","","","","","","","","","","","","","","","","",""
"997944","","","","","","","826.9103","826.9103","826.9103","5345","5345","5345","","","","","","","","","","","","","","","","","",""
"998748","-72.97298","-72.97298","-72.97298","5360","5360","5360","","","","","","","","","","","","","","","","","","","","","","","",""
"998945","","","","","","","398.12735","398.12735","398.12735","5346","5346","5346","","","","","","","","","","","","","","","","","",""