"global_step","1765346631-grad-compression=accumulate-grads - charts/episodic_return","1765346631-grad-compression=accumulate-grads - charts/episodic_return__MIN","1765346631-grad-compression=accumulate-grads - charts/episodic_return__MAX","1765346631-grad-compression=accumulate-grads - _step","1765346631-grad-compression=accumulate-grads - _step__MIN","1765346631-grad-compression=accumulate-grads - _step__MAX","1765346490-grad-compression=accumulate-grads - charts/episodic_return","1765346490-grad-compression=accumulate-grads - charts/episodic_return__MIN","1765346490-grad-compression=accumulate-grads - charts/episodic_return__MAX","1765346490-grad-compression=accumulate-grads - _step","1765346490-grad-compression=accumulate-grads - _step__MIN","1765346490-grad-compression=accumulate-grads - _step__MAX","1765346213-grad-compression=None - charts/episodic_return","1765346213-grad-compression=None - charts/episodic_return__MIN","1765346213-grad-compression=None - charts/episodic_return__MAX","1765346213-grad-compression=None - _step","1765346213-grad-compression=None - _step__MIN","1765346213-grad-compression=None - _step__MAX","1763876097-gradient-stats - charts/episodic_return","1763876097-gradient-stats - charts/episodic_return__MIN","1763876097-gradient-stats - charts/episodic_return__MAX","1763876097-gradient-stats - _step","1763876097-gradient-stats - _step__MIN","1763876097-gradient-stats - _step__MAX"
"-3096","-52.727272","-52.727272","-52.727272","0","0","0","-52.727272","-52.727272","-52.727272","0","0","0","-52.727272","-52.727272","-52.727272","0","0","0","","","","","",""
"-2095","-60.451977","-60.451977","-60.451977","1","1","1","-60.451977","-60.451977","-60.451977","1","1","1","-60.451977","-60.451977","-60.451977","1","1","1","","","","","",""
"-1094","-54.248367","-54.248367","-54.248367","2","2","2","-54.248367","-54.248367","-54.248367","2","2","2","-54.248367","-54.248367","-54.248367","2","2","2","","","","","",""
"-93","-55.47945","-55.47945","-55.47945","3","3","3","-55.47945","-55.47945","-55.47945","3","3","3","-55.47945","-55.47945","-55.47945","3","3","3","","","","","",""
"908","-38.405796","-38.405796","-38.405796","11","11","11","-38.405796","-38.405796","-38.405796","11","11","11","-38.405796","-38.405796","-38.405796","11","11","11","","","","","",""
"1000","","","","","","","","","","","","","","","","","","","-45.454544","-45.454544","-45.454544","0","0","0"
"1909","-37.956203","-37.956203","-37.956203","12","12","12","-37.956203","-37.956203","-37.956203","12","12","12","-37.956203","-37.956203","-37.956203","12","12","12","","","","","",""
"2001","","","","","","","","","","","","","","","","","","","-60.451977","-60.451977","-60.451977","1","1","1"
"2910","-45.51282","-45.51282","-45.51282","13","13","13","-45.51282","-45.51282","-45.51282","13","13","13","-45.51282","-45.51282","-45.51282","13","13","13","","","","","",""
"3002","","","","","","","","","","","","","","","","","","","-57.51634","-57.51634","-57.51634","2","2","2"
"3911","-42.446045","-42.446045","-42.446045","14","14","14","-42.446045","-42.446045","-42.446045","14","14","14","-42.446045","-42.446045","-42.446045","14","14","14","","","","","",""
"4003","","","","","","","","","","","","","","","","","","","-52.054794","-52.054794","-52.054794","3","3","3"
"4912","-29.36803","-29.36803","-29.36803","22","22","22","-29.36803","-29.36803","-29.36803","22","22","22","-29.36803","-29.36803","-29.36803","22","22","22","","","","","",""
"5004","","","","","","","","","","","","","","","","","","","-45.652172","-45.652172","-45.652172","12","12","12"
"5913","-52.38095","-52.38095","-52.38095","23","23","23","-52.38095","-52.38095","-52.38095","23","23","23","-52.38095","-52.38095","-52.38095","23","23","23","","","","","",""
"6005","","","","","","","","","","","","","","","","","","","-45.255474","-45.255474","-45.255474","13","13","13"
"6914","-26.470589","-26.470589","-26.470589","24","24","24","-26.470589","-26.470589","-26.470589","24","24","24","-26.470589","-26.470589","-26.470589","24","24","24","","","","","",""
"7006","","","","","","","","","","","","","","","","","","","-48.71795","-48.71795","-48.71795","14","14","14"
"7915","-38.98305","-38.98305","-38.98305","25","25","25","-38.98305","-38.98305","-38.98305","25","25","25","-38.98305","-38.98305","-38.98305","25","25","25","","","","","",""
"8007","","","","","","","","","","","","","","","","","","","-42.446045","-42.446045","-42.446045","15","15","15"
"8916","-37.8882","-37.8882","-37.8882","33","33","33","-37.8882","-37.8882","-37.8882","33","33","33","-37.8882","-37.8882","-37.8882","33","33","33","","","","","",""
"9008","","","","","","","","","","","","","","","","","","","-59.107807","-59.107807","-59.107807","24","24","24"
"9917","-8.296944","-8.296944","-8.296944","34","34","34","-8.296944","-8.296944","-8.296944","34","34","34","-8.296944","-8.296944","-8.296944","34","34","34","","","","","",""
"10009","","","","","","","","","","","","","","","","","","","-42.176872","-42.176872","-42.176872","25","25","25"
"10918","-25.266905","-25.266905","-25.266905","35","35","35","-25.266905","-25.266905","-25.266905","35","35","35","-25.266905","-25.266905","-25.266905","35","35","35","","","","","",""
"11010","","","","","","","","","","","","","","","","","","","-48.52941","-48.52941","-48.52941","26","26","26"
"11919","-36.619717","-36.619717","-36.619717","36","36","36","-36.619717","-36.619717","-36.619717","36","36","36","-36.619717","-36.619717","-36.619717","36","36","36","","","","","",""
"12011","","","","","","","","","","","","","","","","","","","-42.372883","-42.372883","-42.372883","27","27","27"
"12920","-56.656345","-56.656345","-56.656345","44","44","44","-56.656345","-56.656345","-56.656345","44","44","44","-56.656345","-56.656345","-56.656345","44","44","44","","","","","",""
"13012","","","","","","","","","","","","","","","","","","","-53.41615","-53.41615","-53.41615","36","36","36"
"13921","-52.21843","-52.21843","-52.21843","45","45","45","-52.21843","-52.21843","-52.21843","45","45","45","-52.21843","-52.21843","-52.21843","45","45","45","","","","","",""
"14013","","","","","","","","","","","","","","","","","","","-56.33188","-56.33188","-56.33188","37","37","37"
"14922","-43.262413","-43.262413","-43.262413","46","46","46","-43.262413","-43.262413","-43.262413","46","46","46","-43.262413","-43.262413","-43.262413","46","46","46","","","","","",""
"15014","","","","","","","","","","","","","","","","","","","-50.177937","-50.177937","-50.177937","38","38","38"
"15923","-62.962963","-62.962963","-62.962963","47","47","47","-62.962963","-62.962963","-62.962963","47","47","47","-62.962963","-62.962963","-62.962963","47","47","47","","","","","",""
"16015","","","","","","","","","","","","","","","","","","","-47.183098","-47.183098","-47.183098","39","39","39"
"16924","-13.649025","-13.649025","-13.649025","55","55","55","-13.649025","-13.649025","-13.649025","55","55","55","-13.649025","-13.649025","-13.649025","55","55","55","","","","","",""
"17016","","","","","","","","","","","","","","","","","","","-56.656345","-56.656345","-56.656345","48","48","48"
"17925","-39.0681","-39.0681","-39.0681","56","56","56","-39.0681","-39.0681","-39.0681","56","56","56","-39.0681","-39.0681","-39.0681","56","56","56","","","","","",""
"18017","","","","","","","","","","","","","","","","","","","-69.28328","-69.28328","-69.28328","49","49","49"
"18926","-59.375","-59.375","-59.375","57","57","57","-59.375","-59.375","-59.375","57","57","57","-59.375","-59.375","-59.375","57","57","57","","","","","",""
"19018","","","","","","","","","","","","","","","","","","","-68.085106","-68.085106","-68.085106","50","50","50"
"19927","-35.064934","-35.064934","-35.064934","58","58","58","-35.064934","-35.064934","-35.064934","58","58","58","-35.064934","-35.064934","-35.064934","58","58","58","","","","","",""
"20019","","","","","","","","","","","","","","","","","","","-62.962963","-62.962963","-62.962963","51","51","51"
"20928","-54.372623","-54.372623","-54.372623","66","66","66","-54.372623","-54.372623","-54.372623","66","66","66","-54.372623","-54.372623","-54.372623","66","66","66","","","","","",""
"21020","","","","","","","","","","","","","","","","","","","-72.144844","-72.144844","-72.144844","60","60","60"
"21929","-36.45485","-36.45485","-36.45485","67","67","67","-36.45485","-36.45485","-36.45485","67","67","67","-36.45485","-36.45485","-36.45485","67","67","67","","","","","",""
"22021","","","","","","","","","","","","","","","","","","","-74.91039","-74.91039","-74.91039","61","61","61"
"22930","-72.22222","-72.22222","-72.22222","68","68","68","-72.22222","-72.22222","-72.22222","68","68","68","-72.22222","-72.22222","-72.22222","68","68","68","","","","","",""
"23022","","","","","","","","","","","","","","","","","","","-68.75","-68.75","-68.75","62","62","62"
"23931","-51.140064","-51.140064","-51.140064","69","69","69","-51.140064","-51.140064","-51.140064","69","69","69","-51.140064","-51.140064","-51.140064","69","69","69","","","","","",""
"24023","","","","","","","","","","","","","","","","","","","-70.77922","-70.77922","-70.77922","63","63","63"
"24932","-41.55844","-41.55844","-41.55844","77","77","77","-41.55844","-41.55844","-41.55844","77","77","77","-41.55844","-41.55844","-41.55844","77","77","77","","","","","",""
"25024","","","","","","","","","","","","","","","","","","","-65.779465","-65.779465","-65.779465","72","72","72"
"25933","-75.69444","-75.69444","-75.69444","78","78","78","-75.69444","-75.69444","-75.69444","78","78","78","-75.69444","-75.69444","-75.69444","78","78","78","","","","","",""
"26025","","","","","","","","","","","","","","","","","","","-63.2107","-63.2107","-63.2107","73","73","73"
"26934","-57.295372","-57.295372","-57.295372","79","79","79","-57.295372","-57.295372","-57.295372","79","79","79","-57.295372","-57.295372","-57.295372","79","79","79","","","","","",""
"27026","","","","","","","","","","","","","","","","","","","-72.22222","-72.22222","-72.22222","74","74","74"
"27935","-43.62018","-43.62018","-43.62018","80","80","80","-43.62018","-43.62018","-43.62018","80","80","80","-43.62018","-43.62018","-43.62018","80","80","80","","","","","",""
"28027","","","","","","","","","","","","","","","","","","","-70.68404","-70.68404","-70.68404","75","75","75"
"28936","-73.29377","-73.29377","-73.29377","88","88","88","-73.29377","-73.29377","-73.29377","88","88","88","-73.29377","-73.29377","-73.29377","88","88","88","","","","","",""
"29028","","","","","","","","","","","","","","","","","","","-67.53247","-67.53247","-67.53247","84","84","84"
"29937","-47.85276","-47.85276","-47.85276","89","89","89","-47.85276","-47.85276","-47.85276","89","89","89","-47.85276","-47.85276","-47.85276","89","89","89","","","","","",""
"30029","","","","","","","","","","","","","","","","","","","-68.75","-68.75","-68.75","85","85","85"
"30938","-34.545456","-34.545456","-34.545456","90","90","90","-34.545456","-34.545456","-34.545456","90","90","90","-34.545456","-34.545456","-34.545456","90","90","90","","","","","",""
"31030","","","","","","","","","","","","","","","","","","","-71.53025","-71.53025","-71.53025","86","86","86"
"31939","-3.5369775","-3.5369775","-3.5369775","91","91","91","-3.5369775","-3.5369775","-3.5369775","91","91","91","-3.5369775","-3.5369775","-3.5369775","91","91","91","","","","","",""
"32031","","","","","","","","","","","","","","","","","","","-76.26113","-76.26113","-76.26113","87","87","87"
"32940","-56.81063","-56.81063","-56.81063","99","99","99","-56.81063","-56.81063","-56.81063","99","99","99","-56.81063","-56.81063","-56.81063","99","99","99","","","","","",""
"33032","","","","","","","","","","","","","","","","","","","-73.29377","-73.29377","-73.29377","96","96","96"
"33941","-46.478874","-46.478874","-46.478874","100","100","100","-54.929577","-54.929577","-54.929577","100","100","100","-54.929577","-54.929577","-54.929577","100","100","100","","","","","",""
"34033","","","","","","","","","","","","","","","","","","","-69.32516","-69.32516","-69.32516","97","97","97"
"34942","-8.474576","-8.474576","-8.474576","101","101","101","-11.864407","-11.864407","-11.864407","101","101","101","-11.864407","-11.864407","-11.864407","101","101","101","","","","","",""
"35034","","","","","","","","","","","","","","","","","","","-67.27273","-67.27273","-67.27273","98","98","98"
"35943","-53.987732","-53.987732","-53.987732","102","102","102","-35.58282","-35.58282","-35.58282","102","102","102","-32.51534","-32.51534","-32.51534","102","102","102","","","","","",""
"36035","","","","","","","","","","","","","","","","","","","-67.84566","-67.84566","-67.84566","99","99","99"
"36944","-37.06294","-37.06294","-37.06294","110","110","110","-40.55944","-40.55944","-40.55944","110","110","110","-40.55944","-40.55944","-40.55944","110","110","110","","","","","",""
"37036","","","","","","","","","","","","","","","","","","","-73.42193","-73.42193","-73.42193","108","108","108"
"37945","-62.82528","-62.82528","-62.82528","111","111","111","-66.54275","-66.54275","-66.54275","111","111","111","-66.54275","-66.54275","-66.54275","111","111","111","","","","","",""
"38037","","","","","","","","","","","","","","","","","","","-80.28169","-80.28169","-80.28169","109","109","109"
"38946","-14.089347","-14.089347","-14.089347","112","112","112","-75.945015","-75.945015","-75.945015","112","112","112","-75.945015","-75.945015","-75.945015","112","112","112","","","","","",""
"39038","","","","","","","","","","","","","","","","","","","-69.49152","-69.49152","-69.49152","110","110","110"
"39947","-12.337663","-12.337663","-12.337663","113","113","113","-35.064934","-35.064934","-35.064934","113","113","113","-31.818182","-31.818182","-31.818182","113","113","113","","","","","",""
"40039","","","","","","","","","","","","","","","","","","","-72.39264","-72.39264","-72.39264","111","111","111"
"40948","-56.37584","-56.37584","-56.37584","114","114","114","44.295303","44.295303","44.295303","114","114","114","24.161074","24.161074","24.161074","114","114","114","","","","","",""
"41040","","","","","","","","","","","","","","","","","","","-72.02797","-72.02797","-72.02797","120","120","120"
"41949","-66.86747","-66.86747","-66.86747","122","122","122","-69.87952","-69.87952","-69.87952","122","122","122","-72.89156","-72.89156","-72.89156","122","122","122","","","","","",""
"42041","","","","","","","","","","","","","","","","","","","-51.672863","-51.672863","-51.672863","121","121","121"
"42950","-73.21429","-73.21429","-73.21429","123","123","123","-73.21429","-73.21429","-73.21429","123","123","123","-73.21429","-73.21429","-73.21429","123","123","123","","","","","",""
"43042","","","","","","","","","","","","","","","","","","","-72.50859","-72.50859","-72.50859","122","122","122"
"43951","-8.474576","-8.474576","-8.474576","124","124","124","-22.033897","-22.033897","-22.033897","124","124","124","-28.813559","-28.813559","-28.813559","124","124","124","","","","","",""
"44043","","","","","","","","","","","","","","","","","","","-74.02597","-74.02597","-74.02597","123","123","123"
"44952","-6.8965516","-6.8965516","-6.8965516","125","125","125","-24.137932","-24.137932","-24.137932","125","125","125","-10.344828","-10.344828","-10.344828","125","125","125","","","","","",""
"45044","","","","","","","","","","","","","","","","","","","-73.154366","-73.154366","-73.154366","124","124","124"
"45953","-71.42857","-71.42857","-71.42857","133","133","133","-71.42857","-71.42857","-71.42857","133","133","133","-60.714287","-60.714287","-60.714287","133","133","133","","","","","",""
"46045","","","","","","","","","","","","","","","","","","","-75.90362","-75.90362","-75.90362","133","133","133"
"46954","-44.02985","-44.02985","-44.02985","134","134","134","-51.49254","-51.49254","-51.49254","134","134","134","-2.9850745","-2.9850745","-2.9850745","134","134","134","","","","","",""
"47046","","","","","","","","","","","","","","","","","","","-76.190475","-76.190475","-76.190475","134","134","134"
"47955","-25.696594","-25.696594","-25.696594","135","135","135","-62.848297","-62.848297","-62.848297","135","135","135","-31.888544","-31.888544","-31.888544","135","135","135","","","","","",""
"48047","","","","","","","","","","","","","","","","","","","-66.10169","-66.10169","-66.10169","135","135","135"
"48956","-55.83596","-55.83596","-55.83596","136","136","136","-62.14511","-62.14511","-62.14511","136","136","136","-74.763405","-74.763405","-74.763405","136","136","136","","","","","",""
"49048","","","","","","","","","","","","","","","","","","","-72.413795","-72.413795","-72.413795","136","136","136"
"49957","-22.077923","-22.077923","-22.077923","144","144","144","-31.818182","-31.818182","-31.818182","144","144","144","-35.064934","-35.064934","-35.064934","144","144","144","","","","","",""
"50049","","","","","","","","","","","","","","","","","","","-78.57143","-78.57143","-78.57143","145","145","145"
"50958","-5.7377048","-5.7377048","-5.7377048","145","145","145","-34.42623","-34.42623","-34.42623","145","145","145","-38.52459","-38.52459","-38.52459","145","145","145","","","","","",""
"51050","","","","","","","","","","","","","","","","","","","-70.149254","-70.149254","-70.149254","146","146","146"
"51959","-58.90411","-58.90411","-58.90411","146","146","146","-10.958904","-10.958904","-10.958904","146","146","146","-10.958904","-10.958904","-10.958904","146","146","146","","","","","",""
"52051","","","","","","","","","","","","","","","","","","","-38.080494","-38.080494","-38.080494","147","147","147"
"52960","-55.6962","-55.6962","-55.6962","147","147","147","-39.873417","-39.873417","-39.873417","147","147","147","-5.063291","-5.063291","-5.063291","147","147","147","","","","","",""
"53052","","","","","","","","","","","","","","","","","","","-58.990536","-58.990536","-58.990536","148","148","148"
"53961","-37.716263","-37.716263","-37.716263","155","155","155","-20.415224","-20.415224","-20.415224","155","155","155","-13.49481","-13.49481","-13.49481","155","155","155","","","","","",""
"54053","","","","","","","","","","","","","","","","","","","-64.28571","-64.28571","-64.28571","157","157","157"
"54962","-23.61111","-23.61111","-23.61111","156","156","156","-37.5","-37.5","-37.5","156","156","156","-34.02778","-34.02778","-34.02778","156","156","156","","","","","",""
"55054","","","","","","","","","","","","","","","","","","","-34.42623","-34.42623","-34.42623","158","158","158"
"55963","-21.64179","-21.64179","-21.64179","157","157","157","-55.22388","-55.22388","-55.22388","157","157","157","-55.22388","-55.22388","-55.22388","157","157","157","","","","","",""
"56055","","","","","","","","","","","","","","","","","","","-52.054794","-52.054794","-52.054794","159","159","159"
"56964","-47.19472","-47.19472","-47.19472","158","158","158","-24.09241","-24.09241","-24.09241","158","158","158","-43.89439","-43.89439","-43.89439","158","158","158","","","","","",""
"57056","","","","","","","","","","","","","","","","","","","-49.36709","-49.36709","-49.36709","160","160","160"
"57965","-49.82079","-49.82079","-49.82079","166","166","166","-53.405018","-53.405018","-53.405018","166","166","166","-53.405018","-53.405018","-53.405018","166","166","166","","","","","",""
"58057","","","","","","","","","","","","","","","","","","","-58.47751","-58.47751","-58.47751","169","169","169"
"58966","-25.266905","-25.266905","-25.266905","167","167","167","-32.384342","-32.384342","-32.384342","167","167","167","-21.708185","-21.708185","-21.708185","167","167","167","","","","","",""
"59058","","","","","","","","","","","","","","","","","","","-44.444443","-44.444443","-44.444443","170","170","170"
"59967","-29.078014","-29.078014","-29.078014","168","168","168","-36.17021","-36.17021","-36.17021","168","168","168","-64.53901","-64.53901","-64.53901","168","168","168","","","","","",""
"60059","","","","","","","","","","","","","","","","","","","-62.686565","-62.686565","-62.686565","171","171","171"
"60968","-70.588234","-70.588234","-70.588234","169","169","169","-74.26471","-74.26471","-74.26471","169","169","169","-37.5","-37.5","-37.5","169","169","169","","","","","",""
"61060","","","","","","","","","","","","","","","","","","","-70.29703","-70.29703","-70.29703","172","172","172"
"61969","-40.711464","-40.711464","-40.711464","177","177","177","-60.474308","-60.474308","-60.474308","177","177","177","-72.332016","-72.332016","-72.332016","177","177","177","","","","","",""
"62061","","","","","","","","","","","","","","","","","","","-64.15771","-64.15771","-64.15771","181","181","181"
"62970","-51.612904","-51.612904","-51.612904","178","178","178","-64.51613","-64.51613","-64.51613","178","178","178","-25.806452","-25.806452","-25.806452","178","178","178","","","","","",""
"63062","","","","","","","","","","","","","","","","","","","-25.266905","-25.266905","-25.266905","182","182","182"
"63971","-14.754098","-14.754098","-14.754098","179","179","179","-50.81967","-50.81967","-50.81967","179","179","179","-57.37705","-57.37705","-57.37705","179","179","179","","","","","",""
"64063","","","","","","","","","","","","","","","","","","","2.8368795","2.8368795","2.8368795","183","183","183"
"64972","-72.31834","-72.31834","-72.31834","180","180","180","-79.238754","-79.238754","-79.238754","180","180","180","-72.31834","-72.31834","-72.31834","180","180","180","","","","","",""
"65064","","","","","","","","","","","","","","","","","","","-41.17647","-41.17647","-41.17647","184","184","184"
"65973","-56.989246","-56.989246","-56.989246","188","188","188","-56.989246","-56.989246","-56.989246","188","188","188","-42.65233","-42.65233","-42.65233","188","188","188","","","","","",""
"66065","","","","","","","","","","","","","","","","","","","-72.332016","-72.332016","-72.332016","193","193","193"
"66974","-45.255474","-45.255474","-45.255474","189","189","189","-23.357664","-23.357664","-23.357664","189","189","189","-63.50365","-63.50365","-63.50365","189","189","189","","","","","",""
"67066","","","","","","","","","","","","","","","","","","","-32.258064","-32.258064","-32.258064","194","194","194"
"67975","-24.342106","-24.342106","-24.342106","190","190","190","-14.473684","-14.473684","-14.473684","190","190","190","-21.052631","-21.052631","-21.052631","190","190","190","","","","","",""
"68067","","","","","","","","","","","","","","","","","","","-44.262295","-44.262295","-44.262295","195","195","195"
"68976","-39.0681","-39.0681","-39.0681","191","191","191","-31.899641","-31.899641","-31.899641","191","191","191","-49.82079","-49.82079","-49.82079","191","191","191","","","","","",""
"69068","","","","","","","","","","","","","","","","","","","-75.77855","-75.77855","-75.77855","196","196","196"
"69977","-49.526814","-49.526814","-49.526814","199","199","199","-74.763405","-74.763405","-74.763405","199","199","199","-77.917984","-77.917984","-77.917984","199","199","199","","","","","",""
"70069","","","","","","","","","","","","","","","","","","","-78.49462","-78.49462","-78.49462","205","205","205"
"70978","20.805368","20.805368","20.805368","200","200","200","-9.395973","-9.395973","-9.395973","200","200","200","-19.463087","-19.463087","-19.463087","200","200","200","","","","","",""
"71070","","","","","","","","","","","","","","","","","","","-41.60584","-41.60584","-41.60584","206","206","206"
"71979","-46.308723","-46.308723","-46.308723","201","201","201","-66.442955","-66.442955","-66.442955","201","201","201","-49.66443","-49.66443","-49.66443","201","201","201","","","","","",""
"72071","","","","","","","","","","","","","","","","","","","-27.631578","-27.631578","-27.631578","207","207","207"
"72980","-3.7800686","-3.7800686","-3.7800686","202","202","202","-51.890034","-51.890034","-51.890034","202","202","202","-55.32646","-55.32646","-55.32646","202","202","202","","","","","",""
"73072","","","","","","","","","","","","","","","","","","","-35.48387","-35.48387","-35.48387","208","208","208"
"73981","-57.95796","-57.95796","-57.95796","210","210","210","-66.966965","-66.966965","-66.966965","210","210","210","-54.954956","-54.954956","-54.954956","210","210","210","","","","","",""
"74073","","","","","","","","","","","","","","","","","","","-40.06309","-40.06309","-40.06309","217","217","217"
"74982","-39.68254","-39.68254","-39.68254","211","211","211","-68.25397","-68.25397","-68.25397","211","211","211","14.285714","14.285714","14.285714","211","211","211","","","","","",""
"75074","","","","","","","","","","","","","","","","","","","64.42953","64.42953","64.42953","218","218","218"
"75983","-21.052631","-21.052631","-21.052631","212","212","212","-34.210526","-34.210526","-34.210526","212","212","212","-17.763159","-17.763159","-17.763159","212","212","212","","","","","",""
"76075","","","","","","","","","","","","","","","","","","","-26.174496","-26.174496","-26.174496","219","219","219"
"76984","14.942529","14.942529","14.942529","213","213","213","-11.877395","-11.877395","-11.877395","213","213","213","-0.38314176","-0.38314176","-0.38314176","213","213","213","","","","","",""
"77076","","","","","","","","","","","","","","","","","","","68.38488","68.38488","68.38488","220","220","220"
"77985","-6.504065","-6.504065","-6.504065","221","221","221","-18.699186","-18.699186","-18.699186","221","221","221","-14.634147","-14.634147","-14.634147","221","221","221","","","","","",""
"78077","","","","","","","","","","","","","","","","","","","53.153152","53.153152","53.153152","229","229","229"
"78986","-33.333332","-33.333332","-33.333332","222","222","222","-53.333332","-53.333332","-53.333332","222","222","222","-6.6666665","-6.6666665","-6.6666665","222","222","222","","","","","",""
"79078","","","","","","","","","","","","","","","","","","","-52.38095","-52.38095","-52.38095","230","230","230"
"79987","29.15129","29.15129","29.15129","223","223","223","-37.26937","-37.26937","-37.26937","223","223","223","3.3210332","3.3210332","3.3210332","223","223","223","","","","","",""
"80079","","","","","","","","","","","","","","","","","","","-1.3157895","-1.3157895","-1.3157895","231","231","231"
"80988","-50.331127","-50.331127","-50.331127","224","224","224","15.89404","15.89404","15.89404","224","224","224","-23.841059","-23.841059","-23.841059","224","224","224","","","","","",""
"81080","","","","","","","","","","","","","","","","","","","-23.371647","-23.371647","-23.371647","232","232","232"
"81989","-54.545456","-54.545456","-54.545456","232","232","232","-37.06294","-37.06294","-37.06294","232","232","232","-40.55944","-40.55944","-40.55944","232","232","232","","","","","",""
"82081","","","","","","","","","","","","","","","","","","","-2.4390244","-2.4390244","-2.4390244","241","241","241"
"82990","-62.457336","-62.457336","-62.457336","233","233","233","-65.87031","-65.87031","-65.87031","233","233","233","-45.39249","-45.39249","-45.39249","233","233","233","","","","","",""
"83082","","","","","","","","","","","","","","","","","","","13.333333","13.333333","13.333333","242","242","242"
"83991","-18.518518","-18.518518","-18.518518","234","234","234","33.333332","33.333332","33.333332","234","234","234","-77.77778","-77.77778","-77.77778","234","234","234","","","","","",""
"84083","","","","","","","","","","","","","","","","","","","21.771217","21.771217","21.771217","243","243","243"
"84992","29.746836","29.746836","29.746836","235","235","235","-43.037975","-43.037975","-43.037975","235","235","235","235.44304","235.44304","235.44304","235","235","235","","","","","",""
"85084","","","","","","","","","","","","","","","","","","","-66.88742","-66.88742","-66.88742","244","244","244"
"85993","-55.271564","-55.271564","-55.271564","236","236","236","-13.738019","-13.738019","-13.738019","236","236","236","200.31949","200.31949","200.31949","236","236","236","","","","","",""
"86085","","","","","","","","","","","","","","","","","","","-33.566433","-33.566433","-33.566433","253","253","253"
"86994","-35.114502","-35.114502","-35.114502","244","244","244","125.19084","125.19084","125.19084","244","244","244","-23.664122","-23.664122","-23.664122","244","244","244","","","","","",""
"87086","","","","","","","","","","","","","","","","","","","108.191124","108.191124","108.191124","254","254","254"
"87995","-70.588234","-70.588234","-70.588234","245","245","245","-26.470589","-26.470589","-26.470589","245","245","245","-30.147058","-30.147058","-30.147058","245","245","245","","","","","",""
"88087","","","","","","","","","","","","","","","","","","","-11.111111","-11.111111","-11.111111","255","255","255"
"88996","-40.25157","-40.25157","-40.25157","246","246","246","-59.119495","-59.119495","-59.119495","246","246","246","98.113205","98.113205","98.113205","246","246","246","","","","","",""
"89088","","","","","","","","","","","","","","","","","","","45.569622","45.569622","45.569622","256","256","256"
"89997","-60.13289","-60.13289","-60.13289","247","247","247","-50.166115","-50.166115","-50.166115","247","247","247","9.634551","9.634551","9.634551","247","247","247","","","","","",""
"90089","","","","","","","","","","","","","","","","","","","-20.127796","-20.127796","-20.127796","257","257","257"
"90998","-64.28571","-64.28571","-64.28571","255","255","255","-42.857143","-42.857143","-42.857143","255","255","255","150","150","150","255","255","255","","","","","",""
"91090","","","","","","","","","","","","","","","","","","","6.8702292","6.8702292","6.8702292","266","266","266"
"91821","","","","","","","-132.71729","-132.71729","-132.71729","256","256","256","","","","","","","","","","","",""
"91999","-29.012346","-29.012346","-29.012346","256","256","256","","","","","","","-38.271606","-38.271606","-38.271606","256","256","256","","","","","",""
"92091","","","","","","","","","","","","","","","","","","","-26.470589","-26.470589","-26.470589","267","267","267"
"92822","","","","","","","-29.936306","-29.936306","-29.936306","257","257","257","","","","","","","","","","","",""
"93000","-77.70701","-77.70701","-77.70701","257","257","257","","","","","","","-29.936306","-29.936306","-29.936306","257","257","257","","","","","",""
"93092","","","","","","","","","","","","","","","","","","","19.496855","19.496855","19.496855","268","268","268"
"93823","","","","","","","-12.280702","-12.280702","-12.280702","258","258","258","","","","","","","","","","","",""
"94001","-54.385963","-54.385963","-54.385963","258","258","258","","","","","","","40.350876","40.350876","40.350876","258","258","258","","","","","",""
"94093","","","","","","","","","","","","","","","","","","","-33.554817","-33.554817","-33.554817","269","269","269"
"94824","","","","","","","1.2658228","1.2658228","1.2658228","266","266","266","","","","","","","","","","","",""
"95002","-77.8481","-77.8481","-77.8481","266","266","266","","","","","","","7.594937","7.594937","7.594937","266","266","266","","","","","",""
"95094","","","","","","","","","","","","","","","","","","","35.714287","35.714287","35.714287","278","278","278"
"95825","","","","","","","-46.23656","-46.23656","-46.23656","267","267","267","","","","","","","","","","","",""
"96003","21.8638","21.8638","21.8638","267","267","267","","","","","","","68.45878","68.45878","68.45878","267","267","267","","","","","",""
"96095","","","","","","","","","","","","","","","","","","","-47.530865","-47.530865","-47.530865","279","279","279"
"96826","","","","","","","-69.23077","-69.23077","-69.23077","268","268","268","","","","","","","","","","","",""
"97004","-50","-50","-50","268","268","268","","","","","","","130.76923","130.76923","130.76923","268","268","268","","","","","",""
"97096","","","","","","","","","","","","","","","","","","","-14.012739","-14.012739","-14.012739","280","280","280"
"97827","","","","","","","-24.657534","-24.657534","-24.657534","269","269","269","","","","","","","","","","","",""
"98005","-62.328766","-62.328766","-62.328766","269","269","269","","","","","","","-14.383562","-14.383562","-14.383562","269","269","269","","","","","",""
"98097","","","","","","","","","","","","","","","","","","","-36.842106","-36.842106","-36.842106","281","281","281"
"98828","","","","","","","-66.54275","-66.54275","-66.54275","277","277","277","","","","","","","","","","","",""
"99006","-29.36803","-29.36803","-29.36803","277","277","277","","","","","","","290.33456","290.33456","290.33456","277","277","277","","","","","",""
"99098","","","","","","","","","","","","","","","","","","","-43.037975","-43.037975","-43.037975","290","290","290"
"99829","","","","","","","-32.258064","-32.258064","-32.258064","278","278","278","","","","","","","","","","","",""
"100007","-29.032259","-29.032259","-29.032259","278","278","278","","","","","","","193.54839","193.54839","193.54839","278","278","278","","","","","",""
"100099","","","","","","","","","","","","","","","","","","","89.96416","89.96416","89.96416","291","291","291"
"100830","","","","","","","45.76271","45.76271","45.76271","279","279","279","","","","","","","","","","","",""
"101008","-55.932205","-55.932205","-55.932205","279","279","279","","","","","","","255.9322","255.9322","255.9322","279","279","279","","","","","",""
"101100","","","","","","","","","","","","","","","","","","","53.846153","53.846153","53.846153","292","292","292"
"101831","","","","","","","-37.5","-37.5","-37.5","280","280","280","","","","","","","","","","","",""
"102009","-30.921053","-30.921053","-30.921053","280","280","280","","","","","","","248.6842","248.6842","248.6842","280","280","280","","","","","",""
"102101","","","","","","","","","","","","","","","","","","","-28.082191","-28.082191","-28.082191","293","293","293"
"102832","","","","","","","-20","-20","-20","288","288","288","","","","","","","","","","","",""
"103010","-33.333332","-33.333332","-33.333332","288","288","288","","","","","","","323.33334","323.33334","323.33334","288","288","288","","","","","",""
"103102","","","","","","","","","","","","","","","","","","","-7.063197","-7.063197","-7.063197","302","302","302"
"103833","","","","","","","20.99644","20.99644","20.99644","289","289","289","","","","","","","","","","","",""
"104011","-43.060497","-43.060497","-43.060497","289","289","289","","","","","","","238.0783","238.0783","238.0783","289","289","289","","","","","",""
"104103","","","","","","","","","","","","","","","","","","","41.935482","41.935482","41.935482","303","303","303"
"104834","","","","","","","-64.91228","-64.91228","-64.91228","290","290","290","","","","","","","","","","","",""
"105012","-40.350876","-40.350876","-40.350876","290","290","290","","","","","","","135.08772","135.08772","135.08772","290","290","290","","","","","",""
"105104","","","","","","","","","","","","","","","","","","","-8.474576","-8.474576","-8.474576","304","304","304"
"105835","","","","","","","-31.59609","-31.59609","-31.59609","291","291","291","","","","","","","","","","","",""
"105946","","","","","","","","","","","","","","","","","","","-137.94737","-137.94737","-137.94737","305","305","305"
"106013","-21.824104","-21.824104","-21.824104","291","291","291","","","","","","","261.5635","261.5635","261.5635","291","291","291","","","","","",""
"106836","","","","","","","-34.482758","-34.482758","-34.482758","299","299","299","","","","","","","","","","","",""
"106947","","","","","","","","","","","","","","","","","","","-33.333332","-33.333332","-33.333332","314","314","314"
"107014","-72.413795","-72.413795","-72.413795","299","299","299","","","","","","","268.9655","268.9655","268.9655","299","299","299","","","","","",""
"107837","","","","","","","83.098595","83.098595","83.098595","300","300","300","","","","","","","","","","","",""
"107948","","","","","","","","","","","","","","","","","","","95.72954","95.72954","95.72954","315","315","315"
"108015","-19.014084","-19.014084","-19.014084","300","300","300","","","","","","","336.61972","336.61972","336.61972","300","300","300","","","","","",""
"108838","","","","","","","-47.19472","-47.19472","-47.19472","301","301","301","","","","","","","","","","","",""
"108949","","","","","","","","","","","","","","","","","","","-43.85965","-43.85965","-43.85965","316","316","316"
"109016","-33.9934","-33.9934","-33.9934","301","301","301","","","","","","","279.53796","279.53796","279.53796","301","301","301","","","","","",""
"109839","","","","","","","-32.432434","-32.432434","-32.432434","302","302","302","","","","","","","","","","","",""
"109950","","","","","","","","","","","","","","","","","","","-34.85342","-34.85342","-34.85342","317","317","317"
"110017","-22.297297","-22.297297","-22.297297","302","302","302","","","","","","","156.75676","156.75676","156.75676","302","302","302","","","","","",""
"110840","","","","","","","144.14716","144.14716","144.14716","310","310","310","","","","","","","","","","","",""
"110951","","","","","","","","","","","","","","","","","","","37.931034","37.931034","37.931034","326","326","326"
"111018","-36.45485","-36.45485","-36.45485","310","310","310","","","","","","","90.63545","90.63545","90.63545","310","310","310","","","","","",""
"111841","","","","","","","114.545456","114.545456","114.545456","311","311","311","","","","","","","","","","","",""
"111952","","","","","","","","","","","","","","","","","","","5.633803","5.633803","5.633803","327","327","327"
"112019","27.272728","27.272728","27.272728","311","311","311","","","","","","","34.545456","34.545456","34.545456","311","311","311","","","","","",""
"112842","","","","","","","-55.05618","-55.05618","-55.05618","312","312","312","","","","","","","","","","","",""
"112953","","","","","","","","","","","","","","","","","","","48.51485","48.51485","48.51485","328","328","328"
"113020","-43.820225","-43.820225","-43.820225","312","312","312","","","","","","","375.65543","375.65543","375.65543","312","312","312","","","","","",""
"113780","","","","","","","","","","","","","","","","","","","-138.58109","-138.58109","-138.58109","329","329","329"
"113843","","","","","","","-1.8181819","-1.8181819","-1.8181819","313","313","313","","","","","","","","","","","",""
"114021","-23.636364","-23.636364","-23.636364","313","313","313","","","","","","","34.545456","34.545456","34.545456","313","313","313","","","","","",""
"114781","","","","","","","","","","","","","","","","","","","110.70234","110.70234","110.70234","338","338","338"
"114844","","","","","","","-55.172413","-55.172413","-55.172413","321","321","321","","","","","","","","","","","",""
"115022","-58.62069","-58.62069","-58.62069","321","321","321","","","","","","","196.55173","196.55173","196.55173","321","321","321","","","","","",""
"115782","","","","","","","","","","","","","","","","","","","-5.4545455","-5.4545455","-5.4545455","339","339","339"
"115845","","","","","","","-21.568628","-21.568628","-21.568628","322","322","322","","","","","","","","","","","",""
"116023","-34.640522","-34.640522","-34.640522","322","322","322","","","","","","","292.15686","292.15686","292.15686","322","322","322","","","","","",""
"116644","","","","","","","","","","","","","-101.61631","-101.61631","-101.61631","323","323","323","","","","","",""
"116783","","","","","","","","","","","","","","","","","","","49.812733","49.812733","49.812733","340","340","340"
"116846","","","","","","","-7.8014183","-7.8014183","-7.8014183","323","323","323","","","","","","","","","","","",""
"117024","-18.439716","-18.439716","-18.439716","323","323","323","","","","","","","","","","","","","","","","","",""
"117645","","","","","","","","","","","","","98.47328","98.47328","98.47328","324","324","324","","","","","",""
"117784","","","","","","","","","","","","","","","","","","","38.18182","38.18182","38.18182","341","341","341"
"117847","","","","","","","-12.21374","-12.21374","-12.21374","324","324","324","","","","","","","","","","","",""
"118025","-54.198475","-54.198475","-54.198475","324","324","324","","","","","","","","","","","","","","","","","",""
"118646","","","","","","","","","","","","","102.53165","102.53165","102.53165","325","325","325","","","","","",""
"118785","","","","","","","","","","","","","","","","","","","-10.344828","-10.344828","-10.344828","350","350","350"
"118848","","","","","","","-68.35443","-68.35443","-68.35443","332","332","332","","","","","","","","","","","",""
"119026","-62.02532","-62.02532","-62.02532","332","332","332","","","","","","","","","","","","","","","","","",""
"119647","","","","","","","","","","","","","291.45908","291.45908","291.45908","333","333","333","","","","","",""
"119786","","","","","","","","","","","","","","","","","","","79.73856","79.73856","79.73856","351","351","351"
"119849","","","","","","","45.907475","45.907475","45.907475","333","333","333","","","","","","","","","","","",""
"120027","-43.060497","-43.060497","-43.060497","333","333","333","","","","","","","","","","","","","","","","","",""
"120648","","","","","","","","","","","","","167.51593","167.51593","167.51593","334","334","334","","","","","",""
"120787","","","","","","","","","","","","","","","","","","","183.68794","183.68794","183.68794","352","352","352"
"120850","","","","","","","-29.936306","-29.936306","-29.936306","334","334","334","","","","","","","","","","","",""
"121028","-23.56688","-23.56688","-23.56688","334","334","334","","","","","","","","","","","","","","","","","",""
"121649","","","","","","","","","","","","","479.59183","479.59183","479.59183","335","335","335","","","","","",""
"121788","","","","","","","","","","","","","","","","","","","10.687023","10.687023","10.687023","353","353","353"
"121851","","","","","","","83.67347","83.67347","83.67347","335","335","335","","","","","","","","","","","",""
"122029","-22.44898","-22.44898","-22.44898","335","335","335","","","","","","","","","","","","","","","","","",""
"122650","","","","","","","","","","","","","175.1938","175.1938","175.1938","336","336","336","","","","","",""
"122789","","","","","","","","","","","","","","","","","","","-24.050632","-24.050632","-24.050632","354","354","354"
"122852","","","","","","","-10.852714","-10.852714","-10.852714","336","336","336","","","","","","","","","","","",""
"123030","8.527132","8.527132","8.527132","343","343","343","","","","","","","","","","","","","","","","","",""
"123465","","","","","","","","","","","","","-111.67975","-111.67975","-111.67975","344","344","344","","","","","",""
"123790","","","","","","","","","","","","","","","","","","","6.7615657","6.7615657","6.7615657","363","363","363"
"123853","","","","","","","61.392406","61.392406","61.392406","344","344","344","","","","","","","","","","","",""
"124031","-33.544304","-33.544304","-33.544304","344","344","344","","","","","","","","","","","","","","","","","",""
"124466","","","","","","","","","","","","","311.57556","311.57556","311.57556","345","345","345","","","","","",""
"124791","","","","","","","","","","","","","","","","","","","65.605095","65.605095","65.605095","364","364","364"
"124854","","","","","","","70.41801","70.41801","70.41801","345","345","345","","","","","","","","","","","",""
"125032","-42.122185","-42.122185","-42.122185","345","345","345","","","","","","","","","","","","","","","","","",""
"125467","","","","","","","","","","","","","353.60825","353.60825","353.60825","346","346","346","","","","","",""
"125792","","","","","","","","","","","","","","","","","","","30.612246","30.612246","30.612246","365","365","365"
"125855","","","","","","","54.639175","54.639175","54.639175","346","346","346","","","","","","","","","","","",""
"126033","-24.398626","-24.398626","-24.398626","346","346","346","","","","","","","","","","","","","","","","","",""
"126468","","","","","","","","","","","","","394.4238","394.4238","394.4238","347","347","347","","","","","",""
"126793","","","","","","","","","","","","","","","","","","","159.68993","159.68993","159.68993","366","366","366"
"126856","","","","","","","78.43866","78.43866","78.43866","347","347","347","","","","","","","","","","","",""
"127034","44.98141","44.98141","44.98141","354","354","354","","","","","","","","","","","","","","","","","",""
"127326","","","","","","","","","","","","","-72.64319","-72.64319","-72.64319","355","355","355","","","","","",""
"127794","","","","","","","","","","","","","","","","","","","-55.6962","-55.6962","-55.6962","375","375","375"
"127857","","","","","","","12.956811","12.956811","12.956811","355","355","355","","","","","","","","","","","",""
"127984","","","","","","","","","","","","","-104.58305","-104.58305","-104.58305","356","356","356","","","","","",""
"128035","-36.877075","-36.877075","-36.877075","355","355","355","","","","","","","","","","","","","","","","","",""
"128515","","","","","","","","","","","","","","","","","","","-117.23762","-117.23762","-117.23762","376","376","376"
"128858","","","","","","","-45.76271","-45.76271","-45.76271","356","356","356","","","","","","","","","","","",""
"128985","","","","","","","","","","","","","348.97958","348.97958","348.97958","357","357","357","","","","","",""
"129036","-45.76271","-45.76271","-45.76271","356","356","356","","","","","","","","","","","","","","","","","",""
"129516","","","","","","","","","","","","","","","","","","","-17.525774","-17.525774","-17.525774","377","377","377"
"129859","","","","","","","19.047619","19.047619","19.047619","357","357","357","","","","","","","","","","","",""
"129986","","","","","","","","","","","","","107.43034","107.43034","107.43034","358","358","358","","","","","",""
"130037","-42.176872","-42.176872","-42.176872","357","357","357","","","","","","","","","","","","","","","","","",""
"130517","","","","","","","","","","","","","","","","","","","0.37174723","0.37174723","0.37174723","378","378","378"
"130860","","","","","","","-16.408669","-16.408669","-16.408669","358","358","358","","","","","","","","","","","",""
"130987","","","","","","","","","","","","","230","230","230","359","359","359","","","","","",""
"131038","-28.79257","-28.79257","-28.79257","358","358","358","","","","","","","","","","","","","","","","","",""
"131103","","","","","","","","","","","","","","","","","","","-135.14418","-135.14418","-135.14418","387","387","387"
"131861","","","","","","","-43.333332","-43.333332","-43.333332","366","366","366","","","","","","","","","","","",""
"131988","","","","","","","","","","","","","75.4386","75.4386","75.4386","367","367","367","","","","","",""
"132039","-73.333336","-73.333336","-73.333336","366","366","366","","","","","","","","","","","","","","","","","",""
"132104","","","","","","","","","","","","","","","","","","","-18.644068","-18.644068","-18.644068","388","388","388"
"132862","","","","","","","8.77193","8.77193","8.77193","367","367","367","","","","","","","","","","","",""
"132989","","","","","","","","","","","","","217.24138","217.24138","217.24138","368","368","368","","","","","",""
"133040","-47.36842","-47.36842","-47.36842","367","367","367","","","","","","","","","","","","","","","","","",""
"133105","","","","","","","","","","","","","","","","","","","-42.176872","-42.176872","-42.176872","389","389","389"
"133863","","","","","","","79.31035","79.31035","79.31035","368","368","368","","","","","","","","","","","",""
"133990","","","","","","","","","","","","","437.4593","437.4593","437.4593","369","369","369","","","","","",""
"134041","-75.86207","-75.86207","-75.86207","368","368","368","","","","","","","","","","","","","","","","","",""
"134106","","","","","","","","","","","","","","","","","","","73.37461","73.37461","73.37461","390","390","390"
"134436","","","","","","","","","","","","","-75.77255","-75.77255","-75.77255","370","370","370","","","","","",""
"134864","","","","","","","-31.59609","-31.59609","-31.59609","369","369","369","","","","","","","","","","","",""
"135042","-73.94137","-73.94137","-73.94137","369","369","369","","","","","","","","","","","","","","","","","",""
"135107","","","","","","","","","","","","","","","","","","","66.666664","66.666664","66.666664","391","391","391"
"135437","","","","","","","","","","","","","414.81482","414.81482","414.81482","378","378","378","","","","","",""
"135865","","","","","","","109.15033","109.15033","109.15033","377","377","377","","","","","","","","","","","",""
"136043","-31.37255","-31.37255","-31.37255","377","377","377","","","","","","","","","","","","","","","","","",""
"136093","","","","","","","","","","","","","6.7854304","6.7854304","6.7854304","379","379","379","","","","","",""
"136108","","","","","","","","","","","","","","","","","","","145.61403","145.61403","145.61403","400","400","400"
"136866","","","","","","","159.25926","159.25926","159.25926","378","378","378","","","","","","","","","","","",""
"137044","-48.148148","-48.148148","-48.148148","378","378","378","","","","","","","","","","","","","","","","","",""
"137094","","","","","","","","","","","","","566.6667","566.6667","566.6667","380","380","380","","","","","",""
"137109","","","","","","","","","","","","","","","","","","","-10.344828","-10.344828","-10.344828","401","401","401"
"137604","","","","","","","","","","","","","","","","","","","-77.63876","-77.63876","-77.63876","402","402","402"
"137867","","","","","","","-66.88742","-66.88742","-66.88742","379","379","379","","","","","","","","","","","",""
"138045","-76.82119","-76.82119","-76.82119","379","379","379","","","","","","","","","","","","","","","","","",""
"138095","","","","","","","","","","","","","484.50705","484.50705","484.50705","381","381","381","","","","","",""
"138605","","","","","","","","","","","","","","","","","","","-11.764706","-11.764706","-11.764706","403","403","403"
"138868","","","","","","","1.754386","1.754386","1.754386","380","380","380","","","","","","","","","","","",""
"139046","-43.85965","-43.85965","-43.85965","380","380","380","","","","","","","","","","","","","","","","","",""
"139096","","","","","","","","","","","","","222.58064","222.58064","222.58064","382","382","382","","","","","",""
"139266","","","","","","","","","","","","","","","","","","","-128.86296","-128.86296","-128.86296","412","412","412"
"139869","","","","","","","40.84507","40.84507","40.84507","388","388","388","","","","","","","","","","","",""
"140047","-50.704224","-50.704224","-50.704224","388","388","388","","","","","","","","","","","","","","","","","",""
"140097","","","","","","","","","","","","","226.01881","226.01881","226.01881","390","390","390","","","","","",""
"140267","","","","","","","","","","","","","","","","","","","29.139072","29.139072","29.139072","413","413","413"
"140870","","","","","","","140.14337","140.14337","140.14337","389","389","389","","","","","","","","","","","",""
"141048","-71.326164","-71.326164","-71.326164","389","389","389","","","","","","","","","","","","","","","","","",""
"141098","","","","","","","","","","","","","625.80646","625.80646","625.80646","391","391","391","","","","","",""
"141268","","","","","","","","","","","","","","","","","","","29.824562","29.824562","29.824562","414","414","414"
"141871","","","","","","","-21.630095","-21.630095","-21.630095","390","390","390","","","","","","","","","","","",""
"142049","-78.05643","-78.05643","-78.05643","390","390","390","","","","","","","","","","","","","","","","","",""
"142099","","","","","","","","","","","","","533.45197","533.45197","533.45197","392","392","392","","","","","",""
"142269","","","","","","","","","","","","","","","","","","","-29.577465","-29.577465","-29.577465","415","415","415"
"142872","","","","","","","119.354836","119.354836","119.354836","391","391","391","","","","","","","","","","","",""
"143050","-77.41936","-77.41936","-77.41936","391","391","391","","","","","","","","","","","","","","","","","",""
"143100","","","","","","","","","","","","","346.73538","346.73538","346.73538","393","393","393","","","","","",""
"143270","","","","","","","","","","","","","","","","","","","72.043015","72.043015","72.043015","416","416","416"
"143873","","","","","","","3.202847","3.202847","3.202847","399","399","399","","","","","","","","","","","",""
"144051","-67.97153","-67.97153","-67.97153","399","399","399","","","","","","","","","","","","","","","","","",""
"144101","","","","","","","","","","","","","549.30554","549.30554","549.30554","401","401","401","","","","","",""
"144271","","","","","","","","","","","","","","","","","","","44.200626","44.200626","44.200626","425","425","425"
"144874","","","","","","","99.31271","99.31271","99.31271","400","400","400","","","","","","","","","","","",""
"145052","-69.07217","-69.07217","-69.07217","400","400","400","","","","","","","","","","","","","","","","","",""
"145102","","","","","","","","","","","","","36.690647","36.690647","36.690647","402","402","402","","","","","",""
"145272","","","","","","","","","","","","","","","","","","","12.903226","12.903226","12.903226","426","426","426"
"145875","","","","","","","45.833332","45.833332","45.833332","401","401","401","","","","","","","","","","","",""
"146053","-75.69444","-75.69444","-75.69444","401","401","401","","","","","","","","","","","","","","","","","",""
"146103","","","","","","","","","","","","","282.35294","282.35294","282.35294","403","403","403","","","","","",""
"146273","","","","","","","","","","","","","","","","","","","145.5516","145.5516","145.5516","427","427","427"
"146876","","","","","","","141.00719","141.00719","141.00719","402","402","402","","","","","","","","","","","",""
"147054","-74.820145","-74.820145","-74.820145","402","402","402","","","","","","","","","","","","","","","","","",""
"147104","","","","","","","","","","","","","662.71185","662.71185","662.71185","404","404","404","","","","","",""
"147274","","","","","","","","","","","","","","","","","","","-0.34364262","-0.34364262","-0.34364262","428","428","428"
"147877","","","","","","","86.27451","86.27451","86.27451","410","410","410","","","","","","","","","","","",""
"147958","","","","","","","","","","","","","","","","","","","-112.64445","-112.64445","-112.64445","437","437","437"
"148055","-67.32026","-67.32026","-67.32026","410","410","410","","","","","","","","","","","","","","","","","",""
"148105","","","","","","","","","","","","","637.20135","637.20135","637.20135","412","412","412","","","","","",""
"148878","","","","","","","242.37288","242.37288","242.37288","411","411","411","","","","","","","","","","","",""
"148959","","","","","","","","","","","","","","","","","","","7.913669","7.913669","7.913669","438","438","438"
"149056","-72.881355","-72.881355","-72.881355","411","411","411","","","","","","","","","","","","","","","","","",""
"149106","","","","","","","","","","","","","536.0294","536.0294","536.0294","413","413","413","","","","","",""
"149879","","","","","","","26.279863","26.279863","26.279863","412","412","412","","","","","","","","","","","",""
"149960","","","","","","","","","","","","","","","","","","","37.2549","37.2549","37.2549","439","439","439"
"150057","-69.28328","-69.28328","-69.28328","412","412","412","","","","","","","","","","","","","","","","","",""
"150107","","","","","","","","","","","","","81.54762","81.54762","81.54762","414","414","414","","","","","",""
"150880","","","","","","","13.970589","13.970589","13.970589","413","413","413","","","","","","","","","","","",""
"150961","","","","","","","","","","","","","","","","","","","18.644068","18.644068","18.644068","440","440","440"
"151058","-77.94118","-77.94118","-77.94118","413","413","413","","","","","","","","","","","","","","","","","",""
"151108","","","","","","","","","","","","","40.522877","40.522877","40.522877","415","415","415","","","","","",""
"151881","","","","","","","-25.595238","-25.595238","-25.595238","421","421","421","","","","","","","","","","","",""
"151962","","","","","","","","","","","","","","","","","","","29.692833","29.692833","29.692833","449","449","449"
"152059","-46.42857","-46.42857","-46.42857","421","421","421","","","","","","","","","","","","","","","","","",""
"152109","","","","","","","","","","","","","411.4754","411.4754","411.4754","423","423","423","","","","","",""
"152882","","","","","","","-54.248367","-54.248367","-54.248367","422","422","422","","","","","","","","","","","",""
"152963","","","","","","","","","","","","","","","","","","","43.382355","43.382355","43.382355","450","450","450"
"153060","-64.052284","-64.052284","-64.052284","422","422","422","","","","","","","","","","","","","","","","","",""
"153110","","","","","","","","","","","","","425.42374","425.42374","425.42374","424","424","424","","","","","",""
"153883","","","","","","","-27.868853","-27.868853","-27.868853","423","423","423","","","","","","","","","","","",""
"153964","","","","","","","","","","","","","","","","","","","27.97619","27.97619","27.97619","451","451","451"
"154061","-80.327866","-80.327866","-80.327866","423","423","423","","","","","","","","","","","","","","","","","",""
"154111","","","","","","","","","","","","","209.27835","209.27835","209.27835","425","425","425","","","","","",""
"154652","","","","","","","-136.02203","-136.02203","-136.02203","424","424","424","","","","","","","","","","","",""
"154965","","","","","","","","","","","","","","","","","","","99.346405","99.346405","99.346405","452","452","452"
"155062","-42.372883","-42.372883","-42.372883","424","424","424","","","","","","","","","","","","","","","","","",""
"155112","","","","","","","","","","","","","471.9298","471.9298","471.9298","426","426","426","","","","","",""
"155653","","","","","","","92.439865","92.439865","92.439865","432","432","432","","","","","","","","","","","",""
"155966","","","","","","","","","","","","","","","","","","","-40.98361","-40.98361","-40.98361","461","461","461"
"156063","-3.7800686","-3.7800686","-3.7800686","432","432","432","","","","","","","","","","","","","","","","","",""
"156113","","","","","","","","","","","","","192.96875","192.96875","192.96875","434","434","434","","","","","",""
"156654","","","","","","","-15.789474","-15.789474","-15.789474","433","433","433","","","","","","","","","","","",""
"156967","","","","","","","","","","","","","","","","","","","188.13559","188.13559","188.13559","462","462","462"
"157064","-57.894737","-57.894737","-57.894737","433","433","433","","","","","","","","","","","","","","","","","",""
"157114","","","","","","","","","","","","","227.81458","227.81458","227.81458","435","435","435","","","","","",""
"157655","","","","","","","-17.96875","-17.96875","-17.96875","434","434","434","","","","","","","","","","","",""
"157968","","","","","","","","","","","","","","","","","","","16.838488","16.838488","16.838488","463","463","463"
"158065","-60.9375","-60.9375","-60.9375","434","434","434","","","","","","","","","","","","","","","","","",""
"158115","","","","","","","","","","","","","522.291","522.291","522.291","436","436","436","","","","","",""
"158656","","","","","","","-30.463575","-30.463575","-30.463575","435","435","435","","","","","","","","","","","",""
"158969","","","","","","","","","","","","","","","","","","","-54.385963","-54.385963","-54.385963","464","464","464"
"159066","-60.2649","-60.2649","-60.2649","435","435","435","","","","","","","","","","","","","","","","","",""
"159116","","","","","","","","","","","","","571.00977","571.00977","571.00977","437","437","437","","","","","",""
"159409","","","","","","","","","","","","","","","","","","","-96.925","-96.925","-96.925","465","465","465"
"159657","","","","","","","64.086685","64.086685","64.086685","436","436","436","","","","","","","","","","","",""
"160067","-65.944275","-65.944275","-65.944275","443","443","443","","","","","","","","","","","","","","","","","",""
"160117","","","","","","","","","","","","","445.45456","445.45456","445.45456","445","445","445","","","","","",""
"160410","","","","","","","","","","","","","","","","","","","65.56291","65.56291","65.56291","474","474","474"
"160658","","","","","","","-2.2801304","-2.2801304","-2.2801304","444","444","444","","","","","","","","","","","",""
"161068","-60.912052","-60.912052","-60.912052","444","444","444","","","","","","","","","","","","","","","","","",""
"161118","","","","","","","","","","","","","299.2248","299.2248","299.2248","446","446","446","","","","","",""
"161411","","","","","","","","","","","","","","","","","","","51.702785","51.702785","51.702785","475","475","475"
"161659","","","","","","","93.93939","93.93939","93.93939","445","445","445","","","","","","","","","","","",""
"162069","-63.636364","-63.636364","-63.636364","445","445","445","","","","","","","","","","","","","","","","","",""
"162119","","","","","","","","","","","","","367.3913","367.3913","367.3913","447","447","447","","","","","",""
"162412","","","","","","","","","","","","","","","","","","","46.579803","46.579803","46.579803","476","476","476"
"162660","","","","","","","24.031008","24.031008","24.031008","446","446","446","","","","","","","","","","","",""
"163070","-49.612404","-49.612404","-49.612404","446","446","446","","","","","","","","","","","","","","","","","",""
"163120","","","","","","","","","","","","","328.99408","328.99408","328.99408","448","448","448","","","","","",""
"163413","","","","","","","","","","","","","","","","","","","-3.030303","-3.030303","-3.030303","477","477","477"
"163661","","","","","","","-52.898552","-52.898552","-52.898552","447","447","447","","","","","","","","","","","",""
"164071","-60.144928","-60.144928","-60.144928","454","454","454","","","","","","","","","","","","","","","","","",""
"164121","","","","","","","","","","","","","135.95506","135.95506","135.95506","456","456","456","","","","","",""
"164414","","","","","","","","","","","","","","","","","","","-14.7286825","-14.7286825","-14.7286825","486","486","486"
"164662","","","","","","","27.218935","27.218935","27.218935","455","455","455","","","","","","","","","","","",""
"165072","-49.704144","-49.704144","-49.704144","455","455","455","","","","","","","","","","","","","","","","","",""
"165122","","","","","","","","","","","","","312.90323","312.90323","312.90323","457","457","457","","","","","",""
"165415","","","","","","","","","","","","","","","","","","","-45.652172","-45.652172","-45.652172","487","487","487"
"165663","","","","","","","16.10487","16.10487","16.10487","456","456","456","","","","","","","","","","","",""
"166073","-58.8015","-58.8015","-58.8015","456","456","456","","","","","","","","","","","","","","","","","",""
"166123","","","","","","","","","","","","","284.31372","284.31372","284.31372","458","458","458","","","","","",""
"166416","","","","","","","","","","","","","","","","","","","98.22485","98.22485","98.22485","488","488","488"
"166664","","","","","","","3.2258065","3.2258065","3.2258065","457","457","457","","","","","","","","","","","",""
"167074","-77.41936","-77.41936","-77.41936","457","457","457","","","","","","","","","","","","","","","","","",""
"167124","","","","","","","","","","","","","325.99277","325.99277","325.99277","459","459","459","","","","","",""
"167417","","","","","","","","","","","","","","","","","","","-6.367041","-6.367041","-6.367041","489","489","489"
"167665","","","","","","","150.9804","150.9804","150.9804","458","458","458","","","","","","","","","","","",""
"168075","-56.862743","-56.862743","-56.862743","465","465","465","","","","","","","","","","","","","","","","","",""
"168125","","","","","","","","","","","","","409.2251","409.2251","409.2251","467","467","467","","","","","",""
"168418","","","","","","","","","","","","","","","","","","","-32.258064","-32.258064","-32.258064","498","498","498"
"168666","","","","","","","4.693141","4.693141","4.693141","466","466","466","","","","","","","","","","","",""
"169076","-60.288807","-60.288807","-60.288807","466","466","466","","","","","","","","","","","","","","","","","",""
"169126","","","","","","","","","","","","","297.35098","297.35098","297.35098","468","468","468","","","","","",""
"169419","","","","","","","","","","","","","","","","","","","92.15686","92.15686","92.15686","499","499","499"
"169667","","","","","","","29.15129","29.15129","29.15129","467","467","467","","","","","","","","","","","",""
"170077","-48.339485","-48.339485","-48.339485","467","467","467","","","","","","","","","","","","","","","","","",""
"170127","","","","","","","","","","","","","455.88235","455.88235","455.88235","469","469","469","","","","","",""
"170420","","","","","","","","","","","","","","","","","","","-49.458485","-49.458485","-49.458485","500","500","500"
"170668","","","","","","","35.76159","35.76159","35.76159","468","468","468","","","","","","","","","","","",""
"171078","-47.019867","-47.019867","-47.019867","468","468","468","","","","","","","","","","","","","","","","","",""
"171128","","","","","","","","","","","","","352.76874","352.76874","352.76874","470","470","470","","","","","",""
"171421","","","","","","","","","","","","","","","","","","","-4.0590405","-4.0590405","-4.0590405","501","501","501"
"171669","","","","","","","-44.117645","-44.117645","-44.117645","469","469","469","","","","","","","","","","","",""
"172079","-79.411766","-79.411766","-79.411766","476","476","476","","","","","","","","","","","","","","","","","",""
"172129","","","","","","","","","","","","","728.6713","728.6713","728.6713","478","478","478","","","","","",""
"172422","","","","","","","","","","","","","","","","","","","-37.086094","-37.086094","-37.086094","510","510","510"
"172670","","","","","","","92.18241","92.18241","92.18241","477","477","477","","","","","","","","","","","",""
"173080","-60.912052","-60.912052","-60.912052","477","477","477","","","","","","","","","","","","","","","","","",""
"173130","","","","","","","","","","","","","475.4386","475.4386","475.4386","479","479","479","","","","","",""
"173423","","","","","","","","","","","","","","","","","","","82.35294","82.35294","82.35294","511","511","511"
"173671","","","","","","","109.79021","109.79021","109.79021","478","478","478","","","","","","","","","","","",""
"173972","","","","","","","","","","","","","","","","","","","-131.8987","-131.8987","-131.8987","512","512","512"
"174081","-12.587413","-12.587413","-12.587413","478","478","478","","","","","","","","","","","","","","","","","",""
"174131","","","","","","","","","","","","","839.75903","839.75903","839.75903","480","480","480","","","","","",""
"174672","","","","","","","61.403507","61.403507","61.403507","479","479","479","","","","","","","","","","","",""
"174973","","","","","","","","","","","","","","","","","","","46.853146","46.853146","46.853146","513","513","513"
"175082","-43.85965","-43.85965","-43.85965","479","479","479","","","","","","","","","","","","","","","","","",""
"175132","","","","","","","","","","","","","306.66666","306.66666","306.66666","481","481","481","","","","","",""
"175673","","","","","","","-7.6305223","-7.6305223","-7.6305223","480","480","480","","","","","","","","","","","",""
"175974","","","","","","","","","","","","","","","","","","","-36.842106","-36.842106","-36.842106","514","514","514"
"176083","-67.87148","-67.87148","-67.87148","480","480","480","","","","","","","","","","","","","","","","","",""
"176133","","","","","","","","","","","","","509.67743","509.67743","509.67743","489","489","489","","","","","",""
"176674","","","","","","","20","20","20","488","488","488","","","","","","","","","","","",""
"176975","","","","","","","","","","","","","","","","","","","-39.759037","-39.759037","-39.759037","523","523","523"
"177084","-56.666668","-56.666668","-56.666668","488","488","488","","","","","","","","","","","","","","","","","",""
"177134","","","","","","","","","","","","","284.32837","284.32837","284.32837","490","490","490","","","","","",""
"177310","","","","","","","","","","","","","","","","","","","-76.63333","-76.63333","-76.63333","524","524","524"
"177352","","","","","","","-125.66451","-125.66451","-125.66451","489","489","489","","","","","","","","","","","",""
"177742","-146.24516","-146.24516","-146.24516","489","489","489","","","","","","","","","","","","","","","","","",""
"178135","","","","","","","","","","","","","387.5445","387.5445","387.5445","491","491","491","","","","","",""
"178311","","","","","","","","","","","","","","","","","","","19.35484","19.35484","19.35484","525","525","525"
"178353","","","","","","","-6.716418","-6.716418","-6.716418","490","490","490","","","","","","","","","","","",""
"178743","-73.8806","-73.8806","-73.8806","490","490","490","","","","","","","","","","","","","","","","","",""
"179136","","","","","","","","","","","","","841.8182","841.8182","841.8182","492","492","492","","","","","",""
"179312","","","","","","","","","","","","","","","","","","","-14.179105","-14.179105","-14.179105","526","526","526"
"179354","","","","","","","85.05338","85.05338","85.05338","491","491","491","","","","","","","","","","","",""
"179744","-43.060497","-43.060497","-43.060497","491","491","491","","","","","","","","","","","","","","","","","",""
"180014","","","","","","","-114.89091","-114.89091","-114.89091","492","492","492","","","","","","","","","","","",""
"180137","","","","","","","","","","","","","446.7128","446.7128","446.7128","493","493","493","","","","","",""
"180313","","","","","","","","","","","","","","","","","","","-43.060497","-43.060497","-43.060497","535","535","535"
"180745","-45.454544","-45.454544","-45.454544","499","499","499","","","","","","","","","","","","","","","","","",""
"180892","","","","","","","-114.93564","-114.93564","-114.93564","500","500","500","","","","","","","","","","","",""
"181138","","","","","","","","","","","","","566.6667","566.6667","566.6667","501","501","501","","","","","",""
"181314","","","","","","","","","","","","","","","","","","","-41.81818","-41.81818","-41.81818","536","536","536"
"181746","-23.875433","-23.875433","-23.875433","500","500","500","","","","","","","","","","","","","","","","","",""
"181893","","","","","","","20.879122","20.879122","20.879122","501","501","501","","","","","","","","","","","",""
"182139","","","","","","","","","","","","","469.57928","469.57928","469.57928","502","502","502","","","","","",""
"182315","","","","","","","","","","","","","","","","","","","76.47059","76.47059","76.47059","537","537","537"
"182747","-63.369965","-63.369965","-63.369965","501","501","501","","","","","","","","","","","","","","","","","",""
"182894","","","","","","","32.686085","32.686085","32.686085","502","502","502","","","","","","","","","","","",""
"183140","","","","","","","","","","","","","393.86502","393.86502","393.86502","503","503","503","","","","","",""
"183316","","","","","","","","","","","","","","","","","","","-4.7619047","-4.7619047","-4.7619047","538","538","538"
"183748","-44.983818","-44.983818","-44.983818","502","502","502","","","","","","","","","","","","","","","","","",""
"183895","","","","","","","222.08589","222.08589","222.08589","503","503","503","","","","","","","","","","","",""
"184141","","","","","","","","","","","","","511.65048","511.65048","511.65048","504","504","504","","","","","",""
"184317","","","","","","","","","","","","","","","","","","","35.92233","35.92233","35.92233","539","539","539"
"184749","-66.25767","-66.25767","-66.25767","510","510","510","","","","","","","","","","","","","","","","","",""
"184896","","","","","","","217.1521","217.1521","217.1521","511","511","511","","","","","","","","","","","",""
"185142","","","","","","","","","","","","","513.54584","513.54584","513.54584","512","512","512","","","","","",""
"185318","","","","","","","","","","","","","","","","","","","59.5092","59.5092","59.5092","548","548","548"
"185750","-83.81877","-83.81877","-83.81877","511","511","511","","","","","","","","","","","","","","","","","",""
"185897","","","","","","","35.458168","35.458168","35.458168","512","512","512","","","","","","","","","","","",""
"186143","","","","","","","","","","","","","620.1258","620.1258","620.1258","513","513","513","","","","","",""
"186319","","","","","","","","","","","","","","","","","","","-38.511326","-38.511326","-38.511326","549","549","549"
"186694","","","","","","","","","","","","","","","","","","","-109.41155","-109.41155","-109.41155","550","550","550"
"186751","-40.239044","-40.239044","-40.239044","512","512","512","","","","","","","","","","","","","","","","","",""
"186898","","","","","","","38.36478","38.36478","38.36478","513","513","513","","","","","","","","","","","",""
"187144","","","","","","","","","","","","","605.32916","605.32916","605.32916","514","514","514","","","","","",""
"187695","","","","","","","","","","","","","","","","","","","-8.805032","-8.805032","-8.805032","551","551","551"
"187752","-59.119495","-59.119495","-59.119495","513","513","513","","","","","","","","","","","","","","","","","",""
"187899","","","","","","","229.15361","229.15361","229.15361","514","514","514","","","","","","","","","","","",""
"188145","","","","","","","","","","","","","291.6084","291.6084","291.6084","515","515","515","","","","","",""
"188696","","","","","","","","","","","","","","","","","","","-31.034483","-31.034483","-31.034483","560","560","560"
"188753","-78.05643","-78.05643","-78.05643","521","521","521","","","","","","","","","","","","","","","","","",""
"188900","","","","","","","99.3007","99.3007","99.3007","522","522","522","","","","","","","","","","","",""
"189146","","","","","","","","","","","","","867.50903","867.50903","867.50903","523","523","523","","","","","",""
"189697","","","","","","","","","","","","","","","","","","","11.888112","11.888112","11.888112","561","561","561"
"189754","-58.041958","-58.041958","-58.041958","522","522","522","","","","","","","","","","","","","","","","","",""
"189901","","","","","","","-16.967508","-16.967508","-16.967508","523","523","523","","","","","","","","","","","",""
"190147","","","","","","","","","","","","","398.2699","398.2699","398.2699","524","524","524","","","","","",""
"190698","","","","","","","","","","","","","","","","","","","-67.509026","-67.509026","-67.509026","562","562","562"
"190755","-49.458485","-49.458485","-49.458485","523","523","523","","","","","","","","","","","","","","","","","",""
"190902","","","","","","","246.02077","246.02077","246.02077","524","524","524","","","","","","","","","","","",""
"191148","","","","","","","","","","","","","405.92886","405.92886","405.92886","525","525","525","","","","","",""
"191699","","","","","","","","","","","","","","","","","","","7.266436","7.266436","7.266436","563","563","563"
"191756","-72.31834","-72.31834","-72.31834","524","524","524","","","","","","","","","","","","","","","","","",""
"191903","","","","","","","6.7193675","6.7193675","6.7193675","525","525","525","","","","","","","","","","","",""
"192149","","","","","","","","","","","","","860.9929","860.9929","860.9929","526","526","526","","","","","",""
"192700","","","","","","","","","","","","","","","","","","","54.150196","54.150196","54.150196","572","572","572"
"192757","26.482214","26.482214","26.482214","532","532","532","","","","","","","","","","","","","","","","","",""
"192904","","","","","","","197.87234","197.87234","197.87234","533","533","533","","","","","","","","","","","",""
"193150","","","","","","","","","","","","","593.6027","593.6027","593.6027","534","534","534","","","","","",""
"193701","","","","","","","","","","","","","","","","","","","116.31206","116.31206","116.31206","573","573","573"
"193758","-50.35461","-50.35461","-50.35461","533","533","533","","","","","","","","","","","","","","","","","",""
"193905","","","","","","","125.589226","125.589226","125.589226","534","534","534","","","","","","","","","","","",""
"194151","","","","","","","","","","","","","544.9511","544.9511","544.9511","535","535","535","","","","","",""
"194702","","","","","","","","","","","","","","","","","","","-12.457912","-12.457912","-12.457912","574","574","574"
"194759","-66.32996","-66.32996","-66.32996","534","534","534","","","","","","","","","","","","","","","","","",""
"194906","","","","","","","69.38111","69.38111","69.38111","535","535","535","","","","","","","","","","","",""
"195152","","","","","","","","","","","","","593.06934","593.06934","593.06934","536","536","536","","","","","",""
"195703","","","","","","","","","","","","","","","","","","","173.61563","173.61563","173.61563","575","575","575"
"195760","-80.456024","-80.456024","-80.456024","535","535","535","","","","","","","","","","","","","","","","","",""
"195907","","","","","","","-30.69307","-30.69307","-30.69307","536","536","536","","","","","","","","","","","",""
"196153","","","","","","","","","","","","","401.7301","401.7301","401.7301","537","537","537","","","","","",""
"196704","","","","","","","","","","","","","","","","","","","-20.79208","-20.79208","-20.79208","584","584","584"
"196761","-33.9934","-33.9934","-33.9934","543","543","543","","","","","","","","","","","","","","","","","",""
"196908","","","","","","","0.34602076","0.34602076","0.34602076","544","544","544","","","","","","","","","","","",""
"197154","","","","","","","","","","","","","620.68964","620.68964","620.68964","545","545","545","","","","","",""
"197705","","","","","","","","","","","","","","","","","","","-34.256054","-34.256054","-34.256054","585","585","585"
"197762","-34.256054","-34.256054","-34.256054","544","544","544","","","","","","","","","","","","","","","","","",""
"197909","","","","","","","3.4482758","3.4482758","3.4482758","545","545","545","","","","","","","","","","","",""
"198155","","","","","","","","","","","","","189.56229","189.56229","189.56229","546","546","546","","","","","",""
"198706","","","","","","","","","","","","","","","","","","","151.72414","151.72414","151.72414","586","586","586"
"198763","-58.62069","-58.62069","-58.62069","545","545","545","","","","","","","","","","","","","","","","","",""
"198910","","","","","","","-25.925926","-25.925926","-25.925926","546","546","546","","","","","","","","","","","",""
"199156","","","","","","","","","","","","","341.86047","341.86047","341.86047","547","547","547","","","","","",""
"199707","","","","","","","","","","","","","","","","","","","4.3771043","4.3771043","4.3771043","587","587","587"
"199764","-29.292929","-29.292929","-29.292929","546","546","546","","","","","","","","","","","","","","","","","",""
"199911","","","","","","","192.35881","192.35881","192.35881","547","547","547","","","","","","","","","","","",""
"200157","","","","","","","","","","","","","792.5926","792.5926","792.5926","548","548","548","","","","","",""
"200708","","","","","","","","","","","","","","","","","","","-13.621263","-13.621263","-13.621263","596","596","596"
"200765","-43.521595","-43.521595","-43.521595","554","554","554","","","","","","","","","","","","","","","","","",""
"200912","","","","","","","207.40741","207.40741","207.40741","555","555","555","","","","","","","","","","","",""
"201057","-51.22222","-51.22222","-51.22222","555","555","555","","","","","","","","","","","","","","","","","",""
"201158","","","","","","","","","","","","","425.29184","425.29184","425.29184","556","556","556","","","","","",""
"201709","","","","","","","","","","","","","","","","","","","55.555557","55.555557","55.555557","597","597","597"
"201913","","","","","","","219.06615","219.06615","219.06615","556","556","556","","","","","","","","","","","",""
"202058","-18.287937","-18.287937","-18.287937","556","556","556","","","","","","","","","","","","","","","","","",""
"202159","","","","","","","","","","","","","333.22476","333.22476","333.22476","557","557","557","","","","","",""
"202710","","","","","","","","","","","","","","","","","","","67.31518","67.31518","67.31518","598","598","598"
"202914","","","","","","","-8.794788","-8.794788","-8.794788","557","557","557","","","","","","","","","","","",""
"203059","-54.397392","-54.397392","-54.397392","557","557","557","","","","","","","","","","","","","","","","","",""
"203160","","","","","","","","","","","","","306.25","306.25","306.25","558","558","558","","","","","",""
"203711","","","","","","","","","","","","","","","","","","","69.38111","69.38111","69.38111","599","599","599"
"203915","","","","","","","35.416668","35.416668","35.416668","558","558","558","","","","","","","","","","","",""
"204060","-47.916668","-47.916668","-47.916668","558","558","558","","","","","","","","","","","","","","","","","",""
"204161","","","","","","","","","","","","","818.30066","818.30066","818.30066","559","559","559","","","","","",""
"204712","","","","","","","","","","","","","","","","","","","-9.722222","-9.722222","-9.722222","600","600","600"
"204916","","","","","","","154.90196","154.90196","154.90196","566","566","566","","","","","","","","","","","",""
"205017","-103.996735","-103.996735","-103.996735","566","566","566","","","","","","","","","","","","","","","","","",""
"205162","","","","","","","","","","","","","617.5325","617.5325","617.5325","567","567","567","","","","","",""
"205713","","","","","","","","","","","","","","","","","","","89.54248","89.54248","89.54248","609","609","609"
"205917","","","","","","","175.97403","175.97403","175.97403","567","567","567","","","","","","","","","","","",""
"206018","29.87013","29.87013","29.87013","567","567","567","","","","","","","","","","","","","","","","","",""
"206163","","","","","","","","","","","","","489.90536","489.90536","489.90536","568","568","568","","","","","",""
"206714","","","","","","","","","","","","","","","","","","","7.142857","7.142857","7.142857","610","610","610"
"206765","-127.18139","-127.18139","-127.18139","568","568","568","","","","","","","","","","","","","","","","","",""
"206918","","","","","","","183.91167","183.91167","183.91167","568","568","568","","","","","","","","","","","",""
"207164","","","","","","","","","","","","","828.8256","828.8256","828.8256","569","569","569","","","","","",""
"207715","","","","","","","","","","","","","","","","","","","38.80126","38.80126","38.80126","611","611","611"
"207766","-25.266905","-25.266905","-25.266905","569","569","569","","","","","","","","","","","","","","","","","",""
"207919","","","","","","","255.87189","255.87189","255.87189","569","569","569","","","","","","","","","","","",""
"208165","","","","","","","","","","","","","540.7767","540.7767","540.7767","570","570","570","","","","","",""
"208716","","","","","","","","","","","","","","","","","","","63.70107","63.70107","63.70107","612","612","612"
"208767","-2.9126213","-2.9126213","-2.9126213","570","570","570","","","","","","","","","","","","","","","","","",""
"208920","","","","","","","55.339806","55.339806","55.339806","577","577","577","","","","","","","","","","","",""
"209166","","","","","","","","","","","","","641.6107","641.6107","641.6107","578","578","578","","","","","",""
"209717","","","","","","","","","","","","","","","","","","","191.26213","191.26213","191.26213","621","621","621"
"209768","-56.37584","-56.37584","-56.37584","578","578","578","","","","","","","","","","","","","","","","","",""
"209921","","","","","","","111.40939","111.40939","111.40939","578","578","578","","","","","","","","","","","",""
"210167","","","","","","","","","","","","","361.2903","361.2903","361.2903","579","579","579","","","","","",""
"210718","","","","","","","","","","","","","","","","","","","-53.020134","-53.020134","-53.020134","622","622","622"
"210769","3.2258065","3.2258065","3.2258065","579","579","579","","","","","","","","","","","","","","","","","",""
"210922","","","","","","","16.129032","16.129032","16.129032","579","579","579","","","","","","","","","","","",""
"211168","","","","","","","","","","","","","581.11456","581.11456","581.11456","580","580","580","","","","","",""
"211719","","","","","","","","","","","","","","","","","","","16.129032","16.129032","16.129032","623","623","623"
"211770","-38.080494","-38.080494","-38.080494","580","580","580","","","","","","","","","","","","","","","","","",""
"211923","","","","","","","64.086685","64.086685","64.086685","580","580","580","","","","","","","","","","","",""
"212169","","","","","","","","","","","","","569.0141","569.0141","569.0141","581","581","581","","","","","",""
"212720","","","","","","","","","","","","","","","","","","","107.43034","107.43034","107.43034","624","624","624"
"212745","-130.39859","-130.39859","-130.39859","581","581","581","","","","","","","","","","","","","","","","","",""
"212924","","","","","","","83.098595","83.098595","83.098595","581","581","581","","","","","","","","","","","",""
"213170","","","","","","","","","","","","","456.77655","456.77655","456.77655","589","589","589","","","","","",""
"213373","-144.28499","-144.28499","-144.28499","589","589","589","","","","","","","","","","","","","","","","","",""
"213721","","","","","","","","","","","","","","","","","","","-11.971831","-11.971831","-11.971831","633","633","633"
"213925","","","","","","","196.7033","196.7033","196.7033","589","589","589","","","","","","","","","","","",""
"214171","","","","","","","","","","","","","12.211221","12.211221","12.211221","590","590","590","","","","","",""
"214374","-0.990099","-0.990099","-0.990099","590","590","590","","","","","","","","","","","","","","","","","",""
"214722","","","","","","","","","","","","","","","","","","","24.542124","24.542124","24.542124","634","634","634"
"214926","","","","","","","190.42905","190.42905","190.42905","590","590","590","","","","","","","","","","","",""
"215172","","","","","","","","","","","","","352.5994","352.5994","352.5994","591","591","591","","","","","",""
"215375","-44.95413","-44.95413","-44.95413","591","591","591","","","","","","","","","","","","","","","","","",""
"215723","","","","","","","","","","","","","","","","","","","55.115513","55.115513","55.115513","635","635","635"
"215927","","","","","","","270.03058","270.03058","270.03058","591","591","591","","","","","","","","","","","",""
"216125","-116.58082","-116.58082","-116.58082","592","592","592","","","","","","","","","","","","","","","","","",""
"216173","","","","","","","","","","","","","273.28766","273.28766","273.28766","592","592","592","","","","","",""
"216724","","","","","","","","","","","","","","","","","","","-29.663609","-29.663609","-29.663609","636","636","636"
"216928","","","","","","","108.904106","108.904106","108.904106","592","592","592","","","","","","","","","","","",""
"217126","-24.528301","-24.528301","-24.528301","600","600","600","","","","","","","","","","","","","","","","","",""
"217174","","","","","","","","","","","","","494.33963","494.33963","494.33963","600","600","600","","","","","",""
"217725","","","","","","","","","","","","","","","","","","","-28.082191","-28.082191","-28.082191","645","645","645"
"217929","","","","","","","195.59749","195.59749","195.59749","600","600","600","","","","","","","","","","","",""
"218127","-28.057554","-28.057554","-28.057554","601","601","601","","","","","","","","","","","","","","","","","",""
"218175","","","","","","","","","","","","","666.1871","666.1871","666.1871","601","601","601","","","","","",""
"218726","","","","","","","","","","","","","","","","","","","44.654087","44.654087","44.654087","646","646","646"
"218930","","","","","","","51.079136","51.079136","51.079136","601","601","601","","","","","","","","","","","",""
"219128","-33.110367","-33.110367","-33.110367","602","602","602","","","","","","","","","","","","","","","","","",""
"219176","","","","","","","","","","","","","174.2475","174.2475","174.2475","602","602","602","","","","","",""
"219727","","","","","","","","","","","","","","","","","","","-56.834534","-56.834534","-56.834534","647","647","647"
"219931","","","","","","","100.6689","100.6689","100.6689","602","602","602","","","","","","","","","","","",""
"220129","22.977346","22.977346","22.977346","603","603","603","","","","","","","","","","","","","","","","","",""
"220177","","","","","","","","","","","","","459.87054","459.87054","459.87054","603","603","603","","","","","",""
"220489","","","","","","","","","","","","","18.350649","18.350649","18.350649","604","604","604","","","","","",""
"220728","","","","","","","","","","","","","","","","","","","67.22408","67.22408","67.22408","648","648","648"
"220932","","","","","","","19.7411","19.7411","19.7411","603","603","603","","","","","","","","","","","",""
"221130","13.636364","13.636364","13.636364","604","604","604","","","","","","","","","","","","","","","","","",""
"221490","","","","","","","","","","","","","200","200","200","612","612","612","","","","","",""
"221729","","","","","","","","","","","","","","","","","","","129.77347","129.77347","129.77347","657","657","657"
"221933","","","","","","","46.103897","46.103897","46.103897","611","611","611","","","","","","","","","","","",""
"222131","48.387096","48.387096","48.387096","612","612","612","","","","","","","","","","","","","","","","","",""
"222491","","","","","","","","","","","","","472.28915","472.28915","472.28915","613","613","613","","","","","",""
"222730","","","","","","","","","","","","","","","","","","","127.27273","127.27273","127.27273","658","658","658"
"222898","-125.29518","-125.29518","-125.29518","613","613","613","","","","","","","","","","","","","","","","","",""
"222934","","","","","","","122.58064","122.58064","122.58064","612","612","612","","","","","","","","","","","",""
"223492","","","","","","","","","","","","","235.64014","235.64014","235.64014","614","614","614","","","","","",""
"223731","","","","","","","","","","","","","","","","","","","-77.41936","-77.41936","-77.41936","659","659","659"
"223899","45.32872","45.32872","45.32872","614","614","614","","","","","","","","","","","","","","","","","",""
"223935","","","","","","","243.37349","243.37349","243.37349","613","613","613","","","","","","","","","","","",""
"224493","","","","","","","","","","","","","389.3617","389.3617","389.3617","615","615","615","","","","","",""
"224732","","","","","","","","","","","","","","","","","","","-27.710844","-27.710844","-27.710844","660","660","660"
"224900","24.113476","24.113476","24.113476","615","615","615","","","","","","","","","","","","","","","","","",""
"224936","","","","","","","117.99308","117.99308","117.99308","614","614","614","","","","","","","","","","","",""
"225494","","","","","","","","","","","","","607.3955","607.3955","607.3955","623","623","623","","","","","",""
"225733","","","","","","","","","","","","","","","","","","","45.32872","45.32872","45.32872","669","669","669"
"225901","-35.69132","-35.69132","-35.69132","623","623","623","","","","","","","","","","","","","","","","","",""
"225937","","","","","","","102.12766","102.12766","102.12766","622","622","622","","","","","","","","","","","",""
"226495","","","","","","","","","","","","","502.60587","502.60587","502.60587","624","624","624","","","","","",""
"226734","","","","","","","","","","","","","","","","","","","56.02837","56.02837","56.02837","670","670","670"
"226902","-57.654724","-57.654724","-57.654724","624","624","624","","","","","","","","","","","","","","","","","",""
"226938","","","","","","","41.4791","41.4791","41.4791","623","623","623","","","","","","","","","","","",""
"227496","","","","","","","","","","","","","596.2025","596.2025","596.2025","625","625","625","","","","","",""
"227735","","","","","","","","","","","","","","","","","","","18.971062","18.971062","18.971062","671","671","671"
"227903","26.58228","26.58228","26.58228","625","625","625","","","","","","","","","","","","","","","","","",""
"227939","","","","","","","199.67427","199.67427","199.67427","624","624","624","","","","","","","","","","","",""
"228497","","","","","","","","","","","","","559.30597","559.30597","559.30597","626","626","626","","","","","",""
"228736","","","","","","","","","","","","","","","","","","","193.1596","193.1596","193.1596","672","672","672"
"228904","-5.362776","-5.362776","-5.362776","626","626","626","","","","","","","","","","","","","","","","","",""
"228940","","","","","","","108.860756","108.860756","108.860756","625","625","625","","","","","","","","","","","",""
"229498","","","","","","","","","","","","","560.89966","560.89966","560.89966","634","634","634","","","","","",""
"229737","","","","","","","","","","","","","","","","","","","-43.037975","-43.037975","-43.037975","681","681","681"
"229905","-20.415224","-20.415224","-20.415224","634","634","634","","","","","","","","","","","","","","","","","",""
"229941","","","","","","","193.3754","193.3754","193.3754","633","633","633","","","","","","","","","","","",""
"230279","-113.47118","-113.47118","-113.47118","635","635","635","","","","","","","","","","","","","","","","","",""
"230499","","","","","","","","","","","","","588.1356","588.1356","588.1356","635","635","635","","","","","",""
"230738","","","","","","","","","","","","","","","","","","","82.9653","82.9653","82.9653","682","682","682"
"230942","","","","","","","391.3495","391.3495","391.3495","634","634","634","","","","","","","","","","","",""
"230978","-129.43155","-129.43155","-129.43155","636","636","636","","","","","","","","","","","","","","","","","",""
"231500","","","","","","","","","","","","","326.1745","326.1745","326.1745","636","636","636","","","","","",""
"231739","","","","","","","","","","","","","","","","","","","21.107267","21.107267","21.107267","683","683","683"
"231943","","","","","","","72.881355","72.881355","72.881355","635","635","635","","","","","","","","","","","",""
"231979","-23.344948","-23.344948","-23.344948","637","637","637","","","","","","","","","","","","","","","","","",""
"232501","","","","","","","","","","","","","739.72125","739.72125","739.72125","637","637","637","","","","","",""
"232740","","","","","","","","","","","","","","","","","","","-5.084746","-5.084746","-5.084746","684","684","684"
"232944","","","","","","","423.48993","423.48993","423.48993","636","636","636","","","","","","","","","","","",""
"232980","-62.962963","-62.962963","-62.962963","638","638","638","","","","","","","","","","","","","","","","","",""
"233502","","","","","","","","","","","","","500","500","500","645","645","645","","","","","",""
"233741","","","","","","","","","","","","","","","","","","","54.362415","54.362415","54.362415","693","693","693"
"233945","","","","","","","391.28918","391.28918","391.28918","644","644","644","","","","","","","","","","","",""
"233981","-42.492012","-42.492012","-42.492012","646","646","646","","","","","","","","","","","","","","","","","",""
"234503","","","","","","","","","","","","","324.92014","324.92014","324.92014","646","646","646","","","","","",""
"234742","","","","","","","","","","","","","","","","","","","-37.28223","-37.28223","-37.28223","694","694","694"
"234802","-156.42229","-156.42229","-156.42229","647","647","647","","","","","","","","","","","","","","","","","",""
"234946","","","","","","","329.62964","329.62964","329.62964","645","645","645","","","","","","","","","","","",""
"235504","","","","","","","","","","","","","836.3057","836.3057","836.3057","647","647","647","","","","","",""
"235704","-163.13432","-163.13432","-163.13432","648","648","648","","","","","","","","","","","","","","","","","",""
"235743","","","","","","","","","","","","","","","","","","","11.111111","11.111111","11.111111","695","695","695"
"235947","","","","","","","286.58148","286.58148","286.58148","646","646","646","","","","","","","","","","","",""
"236505","","","","","","","","","","","","","413.43283","413.43283","413.43283","648","648","648","","","","","",""
"236705","-43.925232","-43.925232","-43.925232","649","649","649","","","","","","","","","","","","","","","","","",""
"236744","","","","","","","","","","","","","","","","","","","18.210863","18.210863","18.210863","696","696","696"
"236948","","","","","","","240.76433","240.76433","240.76433","647","647","647","","","","","","","","","","","",""
"237506","","","","","","","","","","","","","498.13083","498.13083","498.13083","649","649","649","","","","","",""
"237621","-148.21063","-148.21063","-148.21063","657","657","657","","","","","","","","","","","","","","","","","",""
"237745","","","","","","","","","","","","","","","","","","","-10.828026","-10.828026","-10.828026","705","705","705"
"237949","","","","","","","305.97015","305.97015","305.97015","655","655","655","","","","","","","","","","","",""
"238507","","","","","","","","","","","","","823.588","823.588","823.588","657","657","657","","","","","",""
"238622","53.256706","53.256706","53.256706","658","658","658","","","","","","","","","","","","","","","","","",""
"238746","","","","","","","","","","","","","","","","","","","25.373135","25.373135","25.373135","706","706","706"
"238950","","","","","","","389.0966","389.0966","389.0966","656","656","656","","","","","","","","","","","",""
"239508","","","","","","","","","","","","","869.34863","869.34863","869.34863","658","658","658","","","","","",""
"239623","55.62914","55.62914","55.62914","659","659","659","","","","","","","","","","","","","","","","","",""
"239747","","","","","","","","","","","","","","","","","","","-34.57944","-34.57944","-34.57944","707","707","707"
"239951","","","","","","","102.65781","102.65781","102.65781","657","657","657","","","","","","","","","","","",""
"240385","-153.77777","-153.77777","-153.77777","660","660","660","","","","","","","","","","","","","","","","","",""
"240509","","","","","","","","","","","","","648.34436","648.34436","648.34436","659","659","659","","","","","",""
"240748","","","","","","","","","","","","","","","","","","","-16.943521","-16.943521","-16.943521","708","708","708"
"240952","","","","","","","195.01915","195.01915","195.01915","658","658","658","","","","","","","","","","","",""
"241386","57.190636","57.190636","57.190636","661","661","661","","","","","","","","","","","","","","","","","",""
"241510","","","","","","","","","","","","","559.2593","559.2593","559.2593","660","660","660","","","","","",""
"241749","","","","","","","","","","","","","","","","","","","-0.38314176","-0.38314176","-0.38314176","717","717","717"
"241953","","","","","","","313.9073","313.9073","313.9073","666","666","666","","","","","","","","","","","",""
"242387","73.07692","73.07692","73.07692","669","669","669","","","","","","","","","","","","","","","","","",""
"242511","","","","","","","","","","","","","816.38794","816.38794","816.38794","668","668","668","","","","","",""
"242750","","","","","","","","","","","","","","","","","","","-20.5298","-20.5298","-20.5298","718","718","718"
"242954","","","","","","","425.92593","425.92593","425.92593","667","667","667","","","","","","","","","","","",""
"243388","-6.0150375","-6.0150375","-6.0150375","670","670","670","","","","","","","","","","","","","","","","","",""
"243404","","","","","","","","","","","","","910.8","910.8","910.8","669","669","669","","","","","",""
"243751","","","","","","","","","","","","","","","","","","","-48.148148","-48.148148","-48.148148","719","719","719"
"243955","","","","","","","234.44817","234.44817","234.44817","668","668","668","","","","","","","","","","","",""
"244389","-24.81203","-24.81203","-24.81203","671","671","671","","","","","","","","","","","","","","","","","",""
"244405","","","","","","","","","","","","","869.9248","869.9248","869.9248","670","670","670","","","","","",""
"244752","","","","","","","","","","","","","","","","","","","-23.076923","-23.076923","-23.076923","720","720","720"
"244956","","","","","","","534.61536","534.61536","534.61536","669","669","669","","","","","","","","","","","",""
"245390","136.94778","136.94778","136.94778","672","672","672","","","","","","","","","","","","","","","","","",""
"245406","","","","","","","","","","","","","817.2932","817.2932","817.2932","671","671","671","","","","","",""
"245753","","","","","","","","","","","","","","","","","","","-7.6923075","-7.6923075","-7.6923075","721","721","721"
"245957","","","","","","","678.1955","678.1955","678.1955","677","677","677","","","","","","","","","","","",""
"245991","-126.76747","-126.76747","-126.76747","680","680","680","","","","","","","","","","","","","","","","","",""
"246407","","","","","","","","","","","","","855.8233","855.8233","855.8233","679","679","679","","","","","",""
"246754","","","","","","","","","","","","","","","","","","","125.56391","125.56391","125.56391","730","730","730"
"246958","","","","","","","666.9173","666.9173","666.9173","678","678","678","","","","","","","","","","","",""
"246992","-14.675768","-14.675768","-14.675768","681","681","681","","","","","","","","","","","","","","","","","",""
"247408","","","","","","","","","","","","","677.10846","677.10846","677.10846","680","680","680","","","","","",""
"247755","","","","","","","","","","","","","","","","","","","80.451126","80.451126","80.451126","731","731","731"
"247959","","","","","","","305.6225","305.6225","305.6225","679","679","679","","","","","","","","","","","",""
"247993","-24.30279","-24.30279","-24.30279","682","682","682","","","","","","","","","","","","","","","","","",""
"248409","","","","","","","","","","","","","882.9352","882.9352","882.9352","681","681","681","","","","","",""
"248756","","","","","","","","","","","","","","","","","","","68.6747","68.6747","68.6747","732","732","732"
"248960","","","","","","","321.68674","321.68674","321.68674","680","680","680","","","","","","","","","","","",""
"248994","-31.147541","-31.147541","-31.147541","683","683","683","","","","","","","","","","","","","","","","","",""
"249410","","","","","","","","","","","","","708.76495","708.76495","708.76495","682","682","682","","","","","",""
"249757","","","","","","","","","","","","","","","","","","","-54.81928","-54.81928","-54.81928","733","733","733"
"249961","","","","","","","241.29692","241.29692","241.29692","688","688","688","","","","","","","","","","","",""
"249995","-61.41479","-61.41479","-61.41479","691","691","691","","","","","","","","","","","","","","","","","",""
"250411","","","","","","","","","","","","","362.29507","362.29507","362.29507","690","690","690","","","","","",""
"250758","","","","","","","","","","","","","","","","","","","-1.0238907","-1.0238907","-1.0238907","742","742","742"
"250962","","","","","","","302.39044","302.39044","302.39044","689","689","689","","","","","","","","","","","",""
"250996","-9.090909","-9.090909","-9.090909","692","692","692","","","","","","","","","","","","","","","","","",""
"251412","","","","","","","","","","","","","710.28937","710.28937","710.28937","691","691","691","","","","","",""
"251759","","","","","","","","","","","","","","","","","","","11.553785","11.553785","11.553785","743","743","743"
"251963","","","","","","","381.96722","381.96722","381.96722","690","690","690","","","","","","","","","","","",""
"251997","47.90997","47.90997","47.90997","693","693","693","","","","","","","","","","","","","","","","","",""
"252413","","","","","","","","","","","","","556.5657","556.5657","556.5657","692","692","692","","","","","",""
"252760","","","","","","","","","","","","","","","","","","","-11.4754095","-11.4754095","-11.4754095","744","744","744"
"252964","","","","","","","436.97748","436.97748","436.97748","691","691","691","","","","","","","","","","","",""
"252998","-39.759037","-39.759037","-39.759037","694","694","694","","","","","","","","","","","","","","","","","",""
"253414","","","","","","","","","","","","","330.86816","330.86816","330.86816","693","693","693","","","","","",""
"253761","","","","","","","","","","","","","","","","","","","12.540193","12.540193","12.540193","745","745","745"
"253965","","","","","","","418.51852","418.51852","418.51852","699","699","699","","","","","","","","","","","",""
"253999","-59.04437","-59.04437","-59.04437","702","702","702","","","","","","","","","","","","","","","","","",""
"254415","","","","","","","","","","","","","336.74698","336.74698","336.74698","701","701","701","","","","","",""
"254762","","","","","","","","","","","","","","","","","","","78.45118","78.45118","78.45118","754","754","754"
"254966","","","","","","","253.69775","253.69775","253.69775","700","700","700","","","","","","","","","","","",""
"255000","-17.491749","-17.491749","-17.491749","703","703","703","","","","","","","","","","","","","","","","","",""
"255416","","","","","","","","","","","","","794.19794","794.19794","794.19794","702","702","702","","","","","",""
"255763","","","","","","","","","","","","","","","","","","","47.90997","47.90997","47.90997","755","755","755"
"255967","","","","","","","183.13252","183.13252","183.13252","701","701","701","","","","","","","","","","","",""
"256001","-34.931507","-34.931507","-34.931507","704","704","704","","","","","","","","","","","","","","","","","",""
"256417","","","","","","","","","","","","","701.9802","701.9802","701.9802","703","703","703","","","","","",""
"256764","","","","","","","","","","","","","","","","","","","-51.807228","-51.807228","-51.807228","756","756","756"
"256968","","","","","","","381.22867","381.22867","381.22867","702","702","702","","","","","","","","","","","",""
"257002","20.253164","20.253164","20.253164","705","705","705","","","","","","","","","","","","","","","","","",""
"257418","","","","","","","","","","","","","828.0822","828.0822","828.0822","704","704","704","","","","","",""
"257765","","","","","","","","","","","","","","","","","","","-38.56655","-38.56655","-38.56655","757","757","757"
"257969","","","","","","","556.7657","556.7657","556.7657","703","703","703","","","","","","","","","","","",""
"258003","-29.824562","-29.824562","-29.824562","706","706","706","","","","","","","","","","","","","","","","","",""
"258419","","","","","","","","","","","","","475.94937","475.94937","475.94937","712","712","712","","","","","",""
"258766","","","","","","","","","","","","","","","","","","","18.811882","18.811882","18.811882","766","766","766"
"258970","","","","","","","341.78082","341.78082","341.78082","711","711","711","","","","","","","","","","","",""
"259004","-58.47751","-58.47751","-58.47751","714","714","714","","","","","","","","","","","","","","","","","",""
"259420","","","","","","","","","","","","","570.1754","570.1754","570.1754","713","713","713","","","","","",""
"259767","","","","","","","","","","","","","","","","","","","33.561646","33.561646","33.561646","767","767","767"
"259971","","","","","","","184.81012","184.81012","184.81012","712","712","712","","","","","","","","","","","",""
"260005","15.646258","15.646258","15.646258","715","715","715","","","","","","","","","","","","","","","","","",""
"260421","","","","","","","","","","","","","464.01385","464.01385","464.01385","714","714","714","","","","","",""
"260768","","","","","","","","","","","","","","","","","","","-24.050632","-24.050632","-24.050632","768","768","768"
"260972","","","","","","","538.5965","538.5965","538.5965","713","713","713","","","","","","","","","","","",""
"261006","-48.97959","-48.97959","-48.97959","716","716","716","","","","","","","","","","","","","","","","","",""
"261422","","","","","","","","","","","","","797.95917","797.95917","797.95917","715","715","715","","","","","",""
"261769","","","","","","","","","","","","","","","","","","","-15.789474","-15.789474","-15.789474","769","769","769"
"261973","","","","","","","526.2976","526.2976","526.2976","714","714","714","","","","","","","","","","","",""
"262007","-30.69307","-30.69307","-30.69307","717","717","717","","","","","","","","","","","","","","","","","",""
"262423","","","","","","","","","","","","","593.87756","593.87756","593.87756","723","723","723","","","","","",""
"262770","","","","","","","","","","","","","","","","","","","-75.77855","-75.77855","-75.77855","778","778","778"
"262974","","","","","","","229.93198","229.93198","229.93198","722","722","722","","","","","","","","","","","",""
"263008","-43.85965","-43.85965","-43.85965","725","725","725","","","","","","","","","","","","","","","","","",""
"263424","","","","","","","","","","","","","728.3828","728.3828","728.3828","724","724","724","","","","","",""
"263771","","","","","","","","","","","","","","","","","","","-31.97279","-31.97279","-31.97279","779","779","779"
"263975","","","","","","","372.78912","372.78912","372.78912","723","723","723","","","","","","","","","","","",""
"264009","-23.809525","-23.809525","-23.809525","726","726","726","","","","","","","","","","","","","","","","","",""
"264425","","","","","","","","","","","","","524.5614","524.5614","524.5614","725","725","725","","","","","",""
"264772","","","","","","","","","","","","","","","","","","","22.44898","22.44898","22.44898","780","780","780"
"264976","","","","","","","325.74258","325.74258","325.74258","724","724","724","","","","","","","","","","","",""
"265010","-65.63574","-65.63574","-65.63574","727","727","727","","","","","","","","","","","","","","","","","",""
"265426","","","","","","","","","","","","","341.26984","341.26984","341.26984","726","726","726","","","","","",""
"265773","","","","","","","","","","","","","","","","","","","-50.49505","-50.49505","-50.49505","781","781","781"
"265977","","","","","","","100","100","100","725","725","725","","","","","","","","","","","",""
"266011","-40.98361","-40.98361","-40.98361","728","728","728","","","","","","","","","","","","","","","","","",""
"266427","","","","","","","","","","","","","412.0275","412.0275","412.0275","734","734","734","","","","","",""
"266774","","","","","","","","","","","","","","","","","","","82.45614","82.45614","82.45614","790","790","790"
"266978","","","","","","","373.01587","373.01587","373.01587","733","733","733","","","","","","","","","","","",""
"267012","-50.980392","-50.980392","-50.980392","736","736","736","","","","","","","","","","","","","","","","","",""
"267061","","","","","","","","","","","","","","","","","","","-52.309525","-52.309525","-52.309525","791","791","791"
"267428","","","","","","","","","","","","","542.6229","542.6229","542.6229","735","735","735","","","","","",""
"267979","","","","","","","271.13403","271.13403","271.13403","734","734","734","","","","","","","","","","","",""
"268013","-51.890034","-51.890034","-51.890034","737","737","737","","","","","","","","","","","","","","","","","",""
"268062","","","","","","","","","","","","","","","","","","","198.96907","198.96907","198.96907","792","792","792"
"268429","","","","","","","","","","","","","821.5686","821.5686","821.5686","736","736","736","","","","","",""
"268980","","","","","","","67.21311","67.21311","67.21311","735","735","735","","","","","","","","","","","",""
"269014","-49.85251","-49.85251","-49.85251","738","738","738","","","","","","","","","","","","","","","","","",""
"269063","","","","","","","","","","","","","","","","","","","-50.81967","-50.81967","-50.81967","793","793","793"
"269430","","","","","","","","","","","","","827.835","827.835","827.835","737","737","737","","","","","",""
"269981","","","","","","","83.00654","83.00654","83.00654","736","736","736","","","","","","","","","","","",""
"270015","-16.058393","-16.058393","-16.058393","739","739","739","","","","","","","","","","","","","","","","","",""
"270064","","","","","","","","","","","","","","","","","","","-50.980392","-50.980392","-50.980392","794","794","794"
"270431","","","","","","","","","","","","","439.823","439.823","439.823","745","745","745","","","","","",""
"270982","","","","","","","243.64261","243.64261","243.64261","744","744","744","","","","","","","","","","","",""
"271016","-9.090909","-9.090909","-9.090909","747","747","747","","","","","","","","","","","","","","","","","",""
"271065","","","","","","","","","","","","","","","","","","","27.147766","27.147766","27.147766","803","803","803"
"271432","","","","","","","","","","","","","370.80292","370.80292","370.80292","746","746","746","","","","","",""
"271983","","","","","","","212.68437","212.68437","212.68437","745","745","745","","","","","","","","","","","",""
"272017","-7.894737","-7.894737","-7.894737","748","748","748","","","","","","","","","","","","","","","","","",""
"272066","","","","","","","","","","","","","","","","","","","6.19469","6.19469","6.19469","804","804","804"
"272433","","","","","","","","","","","","","634.0067","634.0067","634.0067","747","747","747","","","","","",""
"272984","","","","","","","221.16788","221.16788","221.16788","746","746","746","","","","","","","","","","","",""
"273018","-71.929825","-71.929825","-71.929825","749","749","749","","","","","","","","","","","","","","","","","",""
"273067","","","","","","","","","","","","","","","","","","","-52.554745","-52.554745","-52.554745","805","805","805"
"273434","","","","","","","","","","","","","288.1579","288.1579","288.1579","748","748","748","","","","","",""
"273985","","","","","","","139.05724","139.05724","139.05724","747","747","747","","","","","","","","","","","",""
"274019","-34.931507","-34.931507","-34.931507","750","750","750","","","","","","","","","","","","","","","","","",""
"274068","","","","","","","","","","","","","","","","","","","-2.3569024","-2.3569024","-2.3569024","806","806","806"
"274435","","","","","","","","","","","","","752.6316","752.6316","752.6316","756","756","756","","","","","",""
"274986","","","","","","","179.60527","179.60527","179.60527","755","755","755","","","","","","","","","","","",""
"275020","41.86851","41.86851","41.86851","758","758","758","","","","","","","","","","","","","","","","","",""
"275069","","","","","","","","","","","","","","","","","","","-53.94737","-53.94737","-53.94737","815","815","815"
"275436","","","","","","","","","","","","","780.13696","780.13696","780.13696","757","757","757","","","","","",""
"275987","","","","","","","559.6491","559.6491","559.6491","756","756","756","","","","","","","","","","","",""
"276021","-76.190475","-76.190475","-76.190475","759","759","759","","","","","","","","","","","","","","","","","",""
"276070","","","","","","","","","","","","","","","","","","","100","100","100","816","816","816"
"276437","","","","","","","","","","","","","412.11072","412.11072","412.11072","758","758","758","","","","","",""
"276988","","","","","","","78.08219","78.08219","78.08219","757","757","757","","","","","","","","","","","",""
"277022","-55.414013","-55.414013","-55.414013","760","760","760","","","","","","","","","","","","","","","","","",""
"277071","","","","","","","","","","","","","","","","","","","-69.178085","-69.178085","-69.178085","817","817","817"
"277438","","","","","","","","","","","","","49.659863","49.659863","49.659863","759","759","759","","","","","",""
"277989","","","","","","","194.11765","194.11765","194.11765","758","758","758","","","","","","","","","","","",""
"278023","-42.492012","-42.492012","-42.492012","761","761","761","","","","","","","","","","","","","","","","","",""
"278072","","","","","","","","","","","","","","","","","","","-65.39793","-65.39793","-65.39793","818","818","818"
"278439","","","","","","","","","","","","","431.84714","431.84714","431.84714","760","760","760","","","","","",""
"278990","","","","","","","498.63947","498.63947","498.63947","766","766","766","","","","","","","","","","","",""
"279024","-7.185629","-7.185629","-7.185629","769","769","769","","","","","","","","","","","","","","","","","",""
"279073","","","","","","","","","","","","","","","","","","","46.258503","46.258503","46.258503","827","827","827"
"279440","","","","","","","","","","","","","622.04474","622.04474","622.04474","768","768","768","","","","","",""
"279991","","","","","","","59.23567","59.23567","59.23567","767","767","767","","","","","","","","","","","",""
"280025","-13.043478","-13.043478","-13.043478","770","770","770","","","","","","","","","","","","","","","","","",""
"280074","","","","","","","","","","","","","","","","","","","-10.828026","-10.828026","-10.828026","828","828","828"
"280441","","","","","","","","","","","","","633.53296","633.53296","633.53296","769","769","769","","","","","",""
"280992","","","","","","","404.79233","404.79233","404.79233","768","768","768","","","","","","","","","","","",""
"281026","60","60","60","771","771","771","","","","","","","","","","","","","","","","","",""
"281075","","","","","","","","","","","","","","","","","","","-4.1533546","-4.1533546","-4.1533546","829","829","829"
"281442","","","","","","","","","","","","","843.1438","843.1438","843.1438","770","770","770","","","","","",""
"281993","","","","","","","516.7665","516.7665","516.7665","769","769","769","","","","","","","","","","","",""
"282027","-23.076923","-23.076923","-23.076923","772","772","772","","","","","","","","","","","","","","","","","",""
"282076","","","","","","","","","","","","","","","","","","","85.628746","85.628746","85.628746","830","830","830"
"282443","","","","","","","","","","","","","732","732","732","771","771","771","","","","","",""
"282994","","","","","","","381.60535","381.60535","381.60535","777","777","777","","","","","","","","","","","",""
"283028","-14.754098","-14.754098","-14.754098","780","780","780","","","","","","","","","","","","","","","","","",""
"283077","","","","","","","","","","","","","","","","","","","-6.354515","-6.354515","-6.354515","839","839","839"
"283444","","","","","","","","","","","","","299.2674","299.2674","299.2674","779","779","779","","","","","",""
"283995","","","","","","","368","368","368","778","778","778","","","","","","","","","","","",""
"284029","-76.047905","-76.047905","-76.047905","781","781","781","","","","","","","","","","","","","","","","","",""
"284061","","","","","","","","","","","","","-10.680327","-10.680327","-10.680327","780","780","780","","","","","",""
"284078","","","","","","","","","","","","","","","","","","","320","320","320","840","840","840"
"284536","","","","","","","","","","","","","","","","","","","-54.02491","-54.02491","-54.02491","841","841","841"
"284996","","","","","","","251.64835","251.64835","251.64835","779","779","779","","","","","","","","","","","",""
"285030","-13.857677","-13.857677","-13.857677","782","782","782","","","","","","","","","","","","","","","","","",""
"285062","","","","","","","","","","","","","157.48503","157.48503","157.48503","781","781","781","","","","","",""
"285537","","","","","","","","","","","","","","","","","","","-21.311476","-21.311476","-21.311476","842","842","842"
"285997","","","","","","","440.9836","440.9836","440.9836","780","780","780","","","","","","","","","","","",""
"286031","46.067417","46.067417","46.067417","783","783","783","","","","","","","","","","","","","","","","","",""
"286063","","","","","","","","","","","","","675.2809","675.2809","675.2809","782","782","782","","","","","",""
"286538","","","","","","","","","","","","","","","","","","","136.52695","136.52695","136.52695","843","843","843"
"286998","","","","","","","202.3952","202.3952","202.3952","788","788","788","","","","","","","","","","","",""
"287032","2.739726","2.739726","2.739726","791","791","791","","","","","","","","","","","","","","","","","",""
"287064","","","","","","","","","","","","","881.27344","881.27344","881.27344","790","790","790","","","","","",""
"287539","","","","","","","","","","","","","","","","","","","31.086142","31.086142","31.086142","852","852","852"
"287999","","","","","","","379.40076","379.40076","379.40076","789","789","789","","","","","","","","","","","",""
"288033","-21.630095","-21.630095","-21.630095","792","792","792","","","","","","","","","","","","","","","","","",""
"288065","","","","","","","","","","","","","656.8493","656.8493","656.8493","791","791","791","","","","","",""
"288540","","","","","","","","","","","","","","","","","","","139.70038","139.70038","139.70038","853","853","853"
"289000","","","","","","","428.08987","428.08987","428.08987","790","790","790","","","","","","","","","","","",""
"289034","-42.953022","-42.953022","-42.953022","793","793","793","","","","","","","","","","","","","","","","","",""
"289066","","","","","","","","","","","","","555.1724","555.1724","555.1724","792","792","792","","","","","",""
"289541","","","","","","","","","","","","","","","","","","","139.72603","139.72603","139.72603","854","854","854"
"290001","","","","","","","547.26025","547.26025","547.26025","791","791","791","","","","","","","","","","","",""
"290035","-23.076923","-23.076923","-23.076923","794","794","794","","","","","","","","","","","","","","","","","",""
"290067","","","","","","","","","","","","","822.8188","822.8188","822.8188","793","793","793","","","","","",""
"290542","","","","","","","","","","","","","","","","","","","69.279","69.279","69.279","855","855","855"
"291002","","","","","","","345.14105","345.14105","345.14105","799","799","799","","","","","","","","","","","",""
"291036","37.19512","37.19512","37.19512","802","802","802","","","","","","","","","","","","","","","","","",""
"291068","","","","","","","","","","","","","861.53845","861.53845","861.53845","801","801","801","","","","","",""
"291543","","","","","","","","","","","","","","","","","","","71.14094","71.14094","71.14094","864","864","864"
"292003","","","","","","","467.1141","467.1141","467.1141","800","800","800","","","","","","","","","","","",""
"292037","-19.117647","-19.117647","-19.117647","803","803","803","","","","","","","","","","","","","","","","","",""
"292069","","","","","","","","","","","","","451.82925","451.82925","451.82925","802","802","802","","","","","",""
"292544","","","","","","","","","","","","","","","","","","","96.15385","96.15385","96.15385","865","865","865"
"293004","","","","","","","830.7692","830.7692","830.7692","801","801","801","","","","","","","","","","","",""
"293038","-39.873417","-39.873417","-39.873417","804","804","804","","","","","","","","","","","","","","","","","",""
"293070","","","","","","","","","","","","","767.64703","767.64703","767.64703","803","803","803","","","","","",""
"293545","","","","","","","","","","","","","","","","","","","0.6097561","0.6097561","0.6097561","866","866","866"
"294005","","","","","","","506.7073","506.7073","506.7073","802","802","802","","","","","","","","","","","",""
"294039","45.833332","45.833332","45.833332","805","805","805","","","","","","","","","","","","","","","","","",""
"294071","","","","","","","","","","","","","602.5316","602.5316","602.5316","804","804","804","","","","","",""
"294546","","","","","","","","","","","","","","","","","","","-4.4117646","-4.4117646","-4.4117646","867","867","867"
"295006","","","","","","","440.44116","440.44116","440.44116","810","810","810","","","","","","","","","","","",""
"295040","-21.501707","-21.501707","-21.501707","813","813","813","","","","","","","","","","","","","","","","","",""
"295072","","","","","","","","","","","","","531.94446","531.94446","531.94446","812","812","812","","","","","",""
"295547","","","","","","","","","","","","","","","","","","","-11.3924055","-11.3924055","-11.3924055","876","876","876"
"296007","","","","","","","346.20255","346.20255","346.20255","811","811","811","","","","","","","","","","","",""
"296041","18.27957","18.27957","18.27957","814","814","814","","","","","","","","","","","","","","","","","",""
"296073","","","","","","","","","","","","","411.9454","411.9454","411.9454","813","813","813","","","","","",""
"296548","","","","","","","","","","","","","","","","","","","-20.13889","-20.13889","-20.13889","877","877","877"
"297008","","","","","","","549.30554","549.30554","549.30554","812","812","812","","","","","","","","","","","",""
"297042","-65.51724","-65.51724","-65.51724","815","815","815","","","","","","","","","","","","","","","","","",""
"297074","","","","","","","","","","","","","706.4516","706.4516","706.4516","814","814","814","","","","","",""
"297549","","","","","","","","","","","","","","","","","","","39.93174","39.93174","39.93174","878","878","878"
"298009","","","","","","","251.53584","251.53584","251.53584","813","813","813","","","","","","","","","","","",""
"298043","-24.012157","-24.012157","-24.012157","816","816","816","","","","","","","","","","","","","","","","","",""
"298075","","","","","","","","","","","","","448.27585","448.27585","448.27585","815","815","815","","","","","",""
"298550","","","","","","","","","","","","","","","","","","","115.053764","115.053764","115.053764","879","879","879"
"299010","","","","","","","426.8817","426.8817","426.8817","821","821","821","","","","","","","","","","","",""
"299044","-59.59596","-59.59596","-59.59596","824","824","824","","","","","","","","","","","","","","","","","",""
"299076","","","","","","","","","","","","","419.75684","419.75684","419.75684","823","823","823","","","","","",""
"299551","","","","","","","","","","","","","","","","","","","75.86207","75.86207","75.86207","888","888","888"
"300011","","","","","","","551.7241","551.7241","551.7241","822","822","822","","","","","","","","","","","",""
"300045","-7.051282","-7.051282","-7.051282","825","825","825","","","","","","","","","","","","","","","","","",""
"300077","","","","","","","","","","","","","559.9327","559.9327","559.9327","824","824","824","","","","","",""
"300552","","","","","","","","","","","","","","","","","","","-57.446808","-57.446808","-57.446808","889","889","889"
"301012","","","","","","","325.53192","325.53192","325.53192","823","823","823","","","","","","","","","","","",""
"301046","-56.52174","-56.52174","-56.52174","826","826","826","","","","","","","","","","","","","","","","","",""
"301078","","","","","","","","","","","","","573.0769","573.0769","573.0769","825","825","825","","","","","",""
"301553","","","","","","","","","","","","","","","","","","","51.515152","51.515152","51.515152","890","890","890"
"302013","","","","","","","445.45456","445.45456","445.45456","824","824","824","","","","","","","","","","","",""
"302047","-65.83851","-65.83851","-65.83851","827","827","827","","","","","","","","","","","","","","","","","",""
"302079","","","","","","","","","","","","","351.505","351.505","351.505","826","826","826","","","","","",""
"302554","","","","","","","","","","","","","","","","","","","-58.333332","-58.333332","-58.333332","891","891","891"
"303014","","","","","","","239.74359","239.74359","239.74359","825","825","825","","","","","","","","","","","",""
"303048","9.929078","9.929078","9.929078","828","828","828","","","","","","","","","","","","","","","","","",""
"303080","","","","","","","","","","","","","505.59006","505.59006","505.59006","827","827","827","","","","","",""
"303555","","","","","","","","","","","","","","","","","","","-13.043478","-13.043478","-13.043478","900","900","900"
"304015","","","","","","","304.68228","304.68228","304.68228","833","833","833","","","","","","","","","","","",""
"304049","2.1671827","2.1671827","2.1671827","836","836","836","","","","","","","","","","","","","","","","","",""
"304081","","","","","","","","","","","","","538.29785","538.29785","538.29785","835","835","835","","","","","",""
"304556","","","","","","","","","","","","","","","","","","","36.64596","36.64596","36.64596","901","901","901"
"304829","","","","","","","","","","","","","","","","","","","-66.816315","-66.816315","-66.816315","902","902","902"
"305016","","","","","","","213.6646","213.6646","213.6646","834","834","834","","","","","","","","","","","",""
"305050","-63.099632","-63.099632","-63.099632","837","837","837","","","","","","","","","","","","","","","","","",""
"305082","","","","","","","","","","","","","698.7616","698.7616","698.7616","836","836","836","","","","","",""
"305830","","","","","","","","","","","","","","","","","","","-56.656345","-56.656345","-56.656345","903","903","903"
"306017","","","","","","","439.00708","439.00708","439.00708","835","835","835","","","","","","","","","","","",""
"306051","-6.976744","-6.976744","-6.976744","838","838","838","","","","","","","","","","","","","","","","","",""
"306083","","","","","","","","","","","","","530.99634","530.99634","530.99634","837","837","837","","","","","",""
"306831","","","","","","","","","","","","","","","","","","","91.88192","91.88192","91.88192","904","904","904"
"307018","","","","","","","172.44582","172.44582","172.44582","836","836","836","","","","","","","","","","","",""
"307052","-55.05618","-55.05618","-55.05618","839","839","839","","","","","","","","","","","","","","","","","",""
"307063","","","","","","","","","","","","","","","","","","","8.782946","8.782946","8.782946","905","905","905"
"307084","","","","","","","","","","","","","880.6202","880.6202","880.6202","838","838","838","","","","","",""
"308019","","","","","","","136.16237","136.16237","136.16237","844","844","844","","","","","","","","","","","",""
"308053","-59.866222","-59.866222","-59.866222","847","847","847","","","","","","","","","","","","","","","","","",""
"308064","","","","","","","","","","","","","","","","","","","31.086142","31.086142","31.086142","914","914","914"
"308085","","","","","","","","","","","","","484.26965","484.26965","484.26965","846","846","846","","","","","",""
"309020","","","","","","","279.84497","279.84497","279.84497","845","845","845","","","","","","","","","","","",""
"309054","-59.866222","-59.866222","-59.866222","848","848","848","","","","","","","","","","","","","","","","","",""
"309065","","","","","","","","","","","","","","","","","","","77.25752","77.25752","77.25752","915","915","915"
"309086","","","","","","","","","","","","","354.8495","354.8495","354.8495","847","847","847","","","","","",""
"310021","","","","","","","458.05243","458.05243","458.05243","846","846","846","","","","","","","","","","","",""
"310055","-55.555557","-55.555557","-55.555557","849","849","849","","","","","","","","","","","","","","","","","",""
"310066","","","","","","","","","","","","","","","","","","","60.53512","60.53512","60.53512","916","916","916"
"310087","","","","","","","","","","","","","739.4649","739.4649","739.4649","848","848","848","","","","","",""
"311022","","","","","","","522.0736","522.0736","522.0736","847","847","847","","","","","","","","","","","",""
"311056","-55.555557","-55.555557","-55.555557","850","850","850","","","","","","","","","","","","","","","","","",""
"311067","","","","","","","","","","","","","","","","","","","-77.77778","-77.77778","-77.77778","917","917","917"
"311088","","","","","","","","","","","","","511.1111","511.1111","511.1111","849","849","849","","","","","",""
"311953","-159.31133","-159.31133","-159.31133","858","858","858","","","","","","","","","","","","","","","","","",""
"312023","","","","","","","297.99332","297.99332","297.99332","855","855","855","","","","","","","","","","","",""
"312068","","","","","","","","","","","","","","","","","","","18.518518","18.518518","18.518518","926","926","926"
"312089","","","","","","","","","","","","","422.22223","422.22223","422.22223","857","857","857","","","","","",""
"312289","","","","","","","","","","","","","","","","","","","-50.201885","-50.201885","-50.201885","927","927","927"
"312842","-127.90973","-127.90973","-127.90973","859","859","859","","","","","","","","","","","","","","","","","",""
"313024","","","","","","","396.2963","396.2963","396.2963","856","856","856","","","","","","","","","","","",""
"313090","","","","","","","","","","","","","450.9434","450.9434","450.9434","858","858","858","","","","","",""
"313290","","","","","","","","","","","","","","","","","","","-20.972645","-20.972645","-20.972645","928","928","928"
"313843","-54.022987","-54.022987","-54.022987","860","860","860","","","","","","","","","","","","","","","","","",""
"314025","","","","","","","318.51852","318.51852","318.51852","857","857","857","","","","","","","","","","","",""
"314091","","","","","","","","","","","","","389.3617","389.3617","389.3617","859","859","859","","","","","",""
"314291","","","","","","","","","","","","","","","","","","","-31.034483","-31.034483","-31.034483","929","929","929"
"314844","-77.49196","-77.49196","-77.49196","861","861","861","","","","","","","","","","","","","","","","","",""
"314953","","","","","","","","","","","","","","","","","","","-108.122185","-108.122185","-108.122185","930","930","930"
"315026","","","","","","","311.32074","311.32074","311.32074","858","858","858","","","","","","","","","","","",""
"315092","","","","","","","","","","","","","374.13794","374.13794","374.13794","860","860","860","","","","","",""
"315845","-66.666664","-66.666664","-66.666664","869","869","869","","","","","","","","","","","","","","","","","",""
"315954","","","","","","","","","","","","","","","","","","","22.222221","22.222221","22.222221","939","939","939"
"316027","","","","","","","191.79332","191.79332","191.79332","866","866","866","","","","","","","","","","","",""
"316093","","","","","","","","","","","","","346.94534","346.94534","346.94534","868","868","868","","","","","",""
"316846","-15.441176","-15.441176","-15.441176","870","870","870","","","","","","","","","","","","","","","","","",""
"316955","","","","","","","","","","","","","","","","","","","17.647058","17.647058","17.647058","940","940","940"
"317028","","","","","","","-22.413794","-22.413794","-22.413794","867","867","867","","","","","","","","","","","",""
"317094","","","","","","","","","","","","","577.7778","577.7778","577.7778","869","869","869","","","","","",""
"317496","-122.69474","-122.69474","-122.69474","871","871","871","","","","","","","","","","","","","","","","","",""
"317956","","","","","","","","","","","","","","","","","","","103.50877","103.50877","103.50877","941","941","941"
"318029","","","","","","","276.20578","276.20578","276.20578","868","868","868","","","","","","","","","","","",""
"318095","","","","","","","","","","","","","708.82355","708.82355","708.82355","870","870","870","","","","","",""
"318497","27.868853","27.868853","27.868853","872","872","872","","","","","","","","","","","","","","","","","",""
"318957","","","","","","","","","","","","","","","","","","","218.03279","218.03279","218.03279","942","942","942"
"319030","","","","","","","222.22223","222.22223","222.22223","869","869","869","","","","","","","","","","","",""
"319096","","","","","","","","","","","","","784.2105","784.2105","784.2105","871","871","871","","","","","",""
"319498","-65.18987","-65.18987","-65.18987","880","880","880","","","","","","","","","","","","","","","","","",""
"319943","-104.82632","-104.82632","-104.82632","881","881","881","","","","","","","","","","","","","","","","","",""
"319958","","","","","","","","","","","","","","","","","","","-52.531647","-52.531647","-52.531647","951","951","951"
"320031","","","","","","","72.79412","72.79412","72.79412","877","877","877","","","","","","","","","","","",""
"320097","","","","","","","","","","","","","149.18033","149.18033","149.18033","879","879","879","","","","","",""
"320944","-41.747574","-41.747574","-41.747574","882","882","882","","","","","","","","","","","","","","","","","",""
"320959","","","","","","","","","","","","","","","","","","","110.52631","110.52631","110.52631","952","952","952"
"321032","","","","","","","489.4737","489.4737","489.4737","878","878","878","","","","","","","","","","","",""
"321098","","","","","","","","","","","","","333.5443","333.5443","333.5443","880","880","880","","","","","",""
"321945","32.258064","32.258064","32.258064","883","883","883","","","","","","","","","","","","","","","","","",""
"321960","","","","","","","","","","","","","","","","","","","52.10356","52.10356","52.10356","953","953","953"
"322033","","","","","","","40.98361","40.98361","40.98361","879","879","879","","","","","","","","","","","",""
"322099","","","","","","","","","","","","","775","775","775","881","881","881","","","","","",""
"322946","-74.72924","-74.72924","-74.72924","884","884","884","","","","","","","","","","","","","","","","","",""
"322961","","","","","","","","","","","","","","","","","","","12.903226","12.903226","12.903226","954","954","954"
"323034","","","","","","","349.3671","349.3671","349.3671","880","880","880","","","","","","","","","","","",""
"323100","","","","","","","","","","","","","488.99677","488.99677","488.99677","882","882","882","","","","","",""
"323947","11.498258","11.498258","11.498258","892","892","892","","","","","","","","","","","","","","","","","",""
"323962","","","","","","","","","","","","","","","","","","","4.693141","4.693141","4.693141","963","963","963"
"324035","","","","","","","380.26315","380.26315","380.26315","888","888","888","","","","","","","","","","","",""
"324101","","","","","","","","","","","","","812.9032","812.9032","812.9032","890","890","890","","","","","",""
"324948","-12.621359","-12.621359","-12.621359","893","893","893","","","","","","","","","","","","","","","","","",""
"324963","","","","","","","","","","","","","","","","","","","-19.860628","-19.860628","-19.860628","964","964","964"
"325036","","","","","","","314.23947","314.23947","314.23947","889","889","889","","","","","","","","","","","",""
"325102","","","","","","","","","","","","","845.8484","845.8484","845.8484","891","891","891","","","","","",""
"325706","-97.02857","-97.02857","-97.02857","894","894","894","","","","","","","","","","","","","","","","","",""
"325964","","","","","","","","","","","","","","","","","","","22.977346","22.977346","22.977346","965","965","965"
"326037","","","","","","","306.4516","306.4516","306.4516","890","890","890","","","","","","","","","","","",""
"326103","","","","","","","","","","","","","844.25085","844.25085","844.25085","892","892","892","","","","","",""
"326707","-60.96096","-60.96096","-60.96096","895","895","895","","","","","","","","","","","","","","","","","",""
"326965","","","","","","","","","","","","","","","","","","","110.71429","110.71429","110.71429","966","966","966"
"327038","","","","","","","325.99277","325.99277","325.99277","891","891","891","","","","","","","","","","","",""
"327104","","","","","","","","","","","","","366.0194","366.0194","366.0194","893","893","893","","","","","",""
"327708","-8.745247","-8.745247","-8.745247","903","903","903","","","","","","","","","","","","","","","","","",""
"327966","","","","","","","","","","","","","","","","","","","-51.95195","-51.95195","-51.95195","975","975","975"
"328039","","","","","","","161.32404","161.32404","161.32404","899","899","899","","","","","","","","","","","",""
"328105","","","","","","","","","","","","","696.4286","696.4286","696.4286","901","901","901","","","","","",""
"328709","-64.968155","-64.968155","-64.968155","904","904","904","","","","","","","","","","","","","","","","","",""
"328967","","","","","","","","","","","","","","","","","","","166.1597","166.1597","166.1597","976","976","976"
"329040","","","","","","","340.12946","340.12946","340.12946","900","900","900","","","","","","","","","","","",""
"329062","-81.943855","-81.943855","-81.943855","905","905","905","","","","","","","","","","","","","","","","","",""
"329106","","","","","","","","","","","","","584.6847","584.6847","584.6847","902","902","902","","","","","",""
"329968","","","","","","","","","","","","","","","","","","","-1.2738854","-1.2738854","-1.2738854","977","977","977"
"330041","","","","","","","339.2857","339.2857","339.2857","901","901","901","","","","","","","","","","","",""
"330063","35.036495","35.036495","35.036495","906","906","906","","","","","","","","","","","","","","","","","",""
"330107","","","","","","","","","","","","","542.5856","542.5856","542.5856","903","903","903","","","","","",""
"330858","-127.035194","-127.035194","-127.035194","907","907","907","","","","","","","","","","","","","","","","","",""
"330969","","","","","","","","","","","","","","","","","","","39.534885","39.534885","39.534885","978","978","978"
"331042","","","","","","","170.27026","170.27026","170.27026","902","902","902","","","","","","","","","","","",""
"331108","","","","","","","","","","","","","594.2675","594.2675","594.2675","904","904","904","","","","","",""
"331859","10.714286","10.714286","10.714286","915","915","915","","","","","","","","","","","","","","","","","",""
"331970","","","","","","","","","","","","","","","","","","","100.72993","100.72993","100.72993","987","987","987"
"332043","","","","","","","671.8631","671.8631","671.8631","910","910","910","","","","","","","","","","","",""
"332105","-101.524185","-101.524185","-101.524185","916","916","916","","","","","","","","","","","","","","","","","",""
"332109","","","","","","","","","","","","","381.72757","381.72757","381.72757","912","912","912","","","","","",""
"332971","","","","","","","","","","","","","","","","","","","-5.923345","-5.923345","-5.923345","988","988","988"
"333044","","","","","","","65.605095","65.605095","65.605095","911","911","911","","","","","","","","","","","",""
"333106","-83.05085","-83.05085","-83.05085","917","917","917","","","","","","","","","","","","","","","","","",""
"333110","","","","","","","","","","","","","816.0584","816.0584","816.0584","913","913","913","","","","","",""
"333972","","","","","","","","","","","","","","","","","","","17.857143","17.857143","17.857143","989","989","989"
"333980","","","","","","","","","","","","","760.9352","760.9352","760.9352","914","914","914","","","","","",""
"334045","","","","","","","132.55814","132.55814","132.55814","912","912","912","","","","","","","","","","","",""
"334107","-74.63768","-74.63768","-74.63768","918","918","918","","","","","","","","","","","","","","","","","",""
"334973","","","","","","","","","","","","","","","","","","","-34.640522","-34.640522","-34.640522","990","990","990"
"334981","","","","","","","","","","","","","289.2857","289.2857","289.2857","915","915","915","","","","","",""
"335046","","","","","","","421.8978","421.8978","421.8978","913","913","913","","","","","","","","","","","",""
"335108","-57.59717","-57.59717","-57.59717","919","919","919","","","","","","","","","","","","","","","","","",""
"335974","","","","","","","","","","","","","","","","","","","133.8983","133.8983","133.8983","999","999","999"
"335982","","","","","","","","","","","","","403.26797","403.26797","403.26797","923","923","923","","","","","",""
"336047","","","","","","","530.66205","530.66205","530.66205","921","921","921","","","","","","","","","","","",""
"336109","14.478114","14.478114","14.478114","927","927","927","","","","","","","","","","","","","","","","","",""
"336247","","","","","","","","","","","","","","","","","","","-61.88261","-61.88261","-61.88261","1000","1000","1000"
"336983","","","","","","","","","","","","","872.88135","872.88135","872.88135","924","924","924","","","","","",""
"337048","","","","","","","425","425","425","922","922","922","","","","","","","","","","","",""
"337110","-24.09241","-24.09241","-24.09241","928","928","928","","","","","","","","","","","","","","","","","",""
"337248","","","","","","","","","","","","","","","","","","","115.54771","115.54771","115.54771","1001","1001","1001"
"337984","","","","","","","","","","","","","885.50726","885.50726","885.50726","925","925","925","","","","","",""
"337986","-113.075676","-113.075676","-113.075676","929","929","929","","","","","","","","","","","","","","","","","",""
"338049","","","","","","","419.60785","419.60785","419.60785","923","923","923","","","","","","","","","","","",""
"338249","","","","","","","","","","","","","","","","","","","31.313131","31.313131","31.313131","1002","1002","1002"
"338985","","","","","","","","","","","","","755.12366","755.12366","755.12366","926","926","926","","","","","",""
"338987","-11.564626","-11.564626","-11.564626","930","930","930","","","","","","","","","","","","","","","","","",""
"339050","","","","","","","174.57628","174.57628","174.57628","924","924","924","","","","","","","","","","","",""
"339250","","","","","","","","","","","","","","","","","","","-7.5907593","-7.5907593","-7.5907593","1003","1003","1003"
"339986","","","","","","","","","","","","","452.18854","452.18854","452.18854","934","934","934","","","","","",""
"339988","-35.81081","-35.81081","-35.81081","938","938","938","","","","","","","","","","","","","","","","","",""
"340051","","","","","","","294.92755","294.92755","294.92755","932","932","932","","","","","","","","","","","",""
"340251","","","","","","","","","","","","","","","","","","","55.405407","55.405407","55.405407","1012","1012","1012"
"340357","-16.132624","-16.132624","-16.132624","939","939","939","","","","","","","","","","","","","","","","","",""
"340987","","","","","","","","","","","","","804.2904","804.2904","804.2904","935","935","935","","","","","",""
"341052","","","","","","","461.83746","461.83746","461.83746","933","933","933","","","","","","","","","","","",""
"341252","","","","","","","","","","","","","","","","","","","15.646258","15.646258","15.646258","1013","1013","1013"
"341358","-44.444443","-44.444443","-44.444443","940","940","940","","","","","","","","","","","","","","","","","",""
"341988","","","","","","","","","","","","","278.3784","278.3784","278.3784","936","936","936","","","","","",""
"342053","","","","","","","398.3165","398.3165","398.3165","934","934","934","","","","","","","","","","","",""
"342253","","","","","","","","","","","","","","","","","","","21.621622","21.621622","21.621622","1014","1014","1014"
"342359","-67.55162","-67.55162","-67.55162","941","941","941","","","","","","","","","","","","","","","","","",""
"342989","","","","","","","","","","","","","689.11566","689.11566","689.11566","937","937","937","","","","","",""
"343054","","","","","","","150.82509","150.82509","150.82509","935","935","935","","","","","","","","","","","",""
"343254","","","","","","","","","","","","","","","","","","","-14.893617","-14.893617","-14.893617","1015","1015","1015"
"343360","-51.04895","-51.04895","-51.04895","942","942","942","","","","","","","","","","","","","","","","","",""
"343990","","","","","","","","","","","","","866.2162","866.2162","866.2162","938","938","938","","","","","",""
"344055","","","","","","","440.54053","440.54053","440.54053","936","936","936","","","","","","","","","","","",""
"344255","","","","","","","","","","","","","","","","","","","43.790848","43.790848","43.790848","1024","1024","1024"
"344361","-30.930931","-30.930931","-30.930931","950","950","950","","","","","","","","","","","","","","","","","",""
"344814","-95.630035","-95.630035","-95.630035","951","951","951","","","","","","","","","","","","","","","","","",""
"344991","","","","","","","","","","","","","545.3901","545.3901","545.3901","946","946","946","","","","","",""
"345056","","","","","","","161.90475","161.90475","161.90475","944","944","944","","","","","","","","","","","",""
"345256","","","","","","","","","","","","","","","","","","","23.893805","23.893805","23.893805","1025","1025","1025"
"345801","","","","","","","126.37568","126.37568","126.37568","945","945","945","","","","","","","","","","","",""
"345810","-100.859856","-100.859856","-100.859856","952","952","952","","","","","","","","","","","","","","","","","",""
"345992","","","","","","","","","","","","","213.7255","213.7255","213.7255","947","947","947","","","","","",""
"346257","","","","","","","","","","","","","","","","","","","193.7063","193.7063","193.7063","1026","1026","1026"
"346664","-143.87769","-143.87769","-143.87769","953","953","953","","","","","","","","","","","","","","","","","",""
"346802","","","","","","","534.7518","534.7518","534.7518","946","946","946","","","","","","","","","","","",""
"346993","","","","","","","","","","","","","68.141594","68.141594","68.141594","948","948","948","","","","","",""
"347258","","","","","","","","","","","","","","","","","","","65.16517","65.16517","65.16517","1027","1027","1027"
"347477","","","","","","","","","","","","","","","","","","","-61.62933","-61.62933","-61.62933","1028","1028","1028"
"347665","14.09396","14.09396","14.09396","954","954","954","","","","","","","","","","","","","","","","","",""
"347803","","","","","","","475.1634","475.1634","475.1634","947","947","947","","","","","","","","","","","",""
"347994","","","","","","","","","","","","","434.96503","434.96503","434.96503","949","949","949","","","","","",""
"348478","","","","","","","","","","","","","","","","","","","31.386862","31.386862","31.386862","1037","1037","1037"
"348666","-67.97153","-67.97153","-67.97153","962","962","962","","","","","","","","","","","","","","","","","",""
"348804","","","","","","","71.091446","71.091446","71.091446","955","955","955","","","","","","","","","","","",""
"348995","","","","","","","","","","","","","326.42642","326.42642","326.42642","957","957","957","","","","","",""
"349479","","","","","","","","","","","","","","","","","","","90.08264","90.08264","90.08264","1038","1038","1038"
"349667","-39.285713","-39.285713","-39.285713","963","963","963","","","","","","","","","","","","","","","","","",""
"349805","","","","","","","382.5175","382.5175","382.5175","956","956","956","","","","","","","","","","","",""
"349996","","","","","","","","","","","","","232.15547","232.15547","232.15547","958","958","958","","","","","",""
"350480","","","","","","","","","","","","","","","","","","","-36.24161","-36.24161","-36.24161","1039","1039","1039"
"350668","12.318841","12.318841","12.318841","964","964","964","","","","","","","","","","","","","","","","","",""
"350806","","","","","","","509.60962","509.60962","509.60962","957","957","957","","","","","","","","","","","",""
"350997","","","","","","","","","","","","","100.72993","100.72993","100.72993","959","959","959","","","","","",""
"351481","","","","","","","","","","","","","","","","","","","35.231316","35.231316","35.231316","1040","1040","1040"
"351669","-48.52941","-48.52941","-48.52941","965","965","965","","","","","","","","","","","","","","","","","",""
"351807","","","","","","","193.28622","193.28622","193.28622","958","958","958","","","","","","","","","","","",""
"351998","","","","","","","","","","","","","565.28925","565.28925","565.28925","960","960","960","","","","","",""
"352482","","","","","","","","","","","","","","","","","","","310.7143","310.7143","310.7143","1049","1049","1049"
"352670","8.910892","8.910892","8.910892","973","973","973","","","","","","","","","","","","","","","","","",""
"352704","","","","","","","","","","","","","","","","","","","-71.27536","-71.27536","-71.27536","1050","1050","1050"
"352808","","","","","","","82.48175","82.48175","82.48175","966","966","966","","","","","","","","","","","",""
"352999","","","","","","","","","","","","","608.0537","608.0537","608.0537","968","968","968","","","","","",""
"353671","57.71812","57.71812","57.71812","974","974","974","","","","","","","","","","","","","","","","","",""
"353705","","","","","","","","","","","","","","","","","","","183.08824","183.08824","183.08824","1051","1051","1051"
"353809","","","","","","","309.0909","309.0909","309.0909","967","967","967","","","","","","","","","","","",""
"354000","","","","","","","","","","","","","472.95374","472.95374","472.95374","969","969","969","","","","","",""
"354577","-63.252235","-63.252235","-63.252235","975","975","975","","","","","","","","","","","","","","","","","",""
"354706","","","","","","","","","","","","","","","","","","","88.11881","88.11881","88.11881","1052","1052","1052"
"354810","","","","","","","433.55704","433.55704","433.55704","968","968","968","","","","","","","","","","","",""
"355001","","","","","","","","","","","","","771.4286","771.4286","771.4286","970","970","970","","","","","",""
"355578","-65.24064","-65.24064","-65.24064","976","976","976","","","","","","","","","","","","","","","","","",""
"355707","","","","","","","","","","","","","","","","","","","138.25504","138.25504","138.25504","1053","1053","1053"
"355811","","","","","","","537.0107","537.0107","537.0107","969","969","969","","","","","","","","","","","",""
"356002","","","","","","","","","","","","","664.49274","664.49274","664.49274","971","971","971","","","","","",""
"356125","-102.052444","-102.052444","-102.052444","977","977","977","","","","","","","","","","","","","","","","","",""
"356708","","","","","","","","","","","","","","","","","","","253.95189","253.95189","253.95189","1062","1062","1062"
"356812","","","","","","","350","350","350","977","977","977","","","","","","","","","","","",""
"357003","","","","","","","","","","","","","536.0294","536.0294","536.0294","979","979","979","","","","","",""
"357126","-37.956203","-37.956203","-37.956203","985","985","985","","","","","","","","","","","","","","","","","",""
"357671","","","","","","","","","","","","","","","","","","","-91.82192","-91.82192","-91.82192","1063","1063","1063"
"357813","","","","","","","606.5217","606.5217","606.5217","978","978","978","","","","","","","","","","","",""
"358004","","","","","","","","","","","","","461.0561","461.0561","461.0561","980","980","980","","","","","",""
"358127","-28.813559","-28.813559","-28.813559","986","986","986","","","","","","","","","","","","","","","","","",""
"358446","-79.55276","-79.55276","-79.55276","987","987","987","","","","","","","","","","","","","","","","","",""
"358611","","","","","","","202.75294","202.75294","202.75294","979","979","979","","","","","","","","","","","",""
"358672","","","","","","","","","","","","","","","","","","","368.53146","368.53146","368.53146","1064","1064","1064"
"359005","","","","","","","","","","","","","406.7114","406.7114","406.7114","981","981","981","","","","","",""
"359447","-27.444796","-27.444796","-27.444796","988","988","988","","","","","","","","","","","","","","","","","",""
"359612","","","","","","","269.63696","269.63696","269.63696","980","980","980","","","","","","","","","","","",""
"359673","","","","","","","","","","","","","","","","","","","202.91971","202.91971","202.91971","1065","1065","1065"
"360006","","","","","","","","","","","","","332.9897","332.9897","332.9897","982","982","982","","","","","",""
"360448","78.57143","78.57143","78.57143","989","989","989","","","","","","","","","","","","","","","","","",""
"360613","","","","","","","493.95972","493.95972","493.95972","988","988","988","","","","","","","","","","","",""
"360674","","","","","","","","","","","","","","","","","","","62.711864","62.711864","62.711864","1074","1074","1074"
"361007","","","","","","","","","","","","","349.19788","349.19788","349.19788","990","990","990","","","","","",""
"361449","42.857143","42.857143","42.857143","997","997","997","","","","","","","","","","","","","","","","","",""
"361614","","","","","","","291.75256","291.75256","291.75256","989","989","989","","","","","","","","","","","",""
"361675","","","","","","","","","","","","","","","","","","","28.834356","28.834356","28.834356","1075","1075","1075"
"361982","-51.650726","-51.650726","-51.650726","998","998","998","","","","","","","","","","","","","","","","","",""
"362008","","","","","","","","","","","","","316.08392","316.08392","316.08392","991","991","991","","","","","",""
"362488","-91.79194","-91.79194","-91.79194","999","999","999","","","","","","","","","","","","","","","","","",""
"362615","","","","","","","218.18182","218.18182","218.18182","990","990","990","","","","","","","","","","","",""
"362676","","","","","","","","","","","","","","","","","","","57.728706","57.728706","57.728706","1076","1076","1076"
"363009","","","","","","","","","","","","","513.1387","513.1387","513.1387","992","992","992","","","","","",""
"363489","-52.861954","-52.861954","-52.861954","1000","1000","1000","","","","","","","","","","","","","","","","","",""
"363616","","","","","","","504.8951","504.8951","504.8951","991","991","991","","","","","","","","","","","",""
"363677","","","","","","","","","","","","","","","","","","","28.571428","28.571428","28.571428","1077","1077","1077"
"364010","","","","","","","","","","","","","611.8644","611.8644","611.8644","993","993","993","","","","","",""
"364490","-51.76849","-51.76849","-51.76849","1001","1001","1001","","","","","","","","","","","","","","","","","",""
"364617","","","","","","","352.55475","352.55475","352.55475","999","999","999","","","","","","","","","","","",""
"364678","","","","","","","","","","","","","","","","","","","313.53384","313.53384","313.53384","1086","1086","1086"
"365011","","","","","","","","","","","","","320.2454","320.2454","320.2454","1001","1001","1001","","","","","",""
"365376","-52.370586","-52.370586","-52.370586","1009","1009","1009","","","","","","","","","","","","","","","","","",""
"365618","","","","","","","571.18646","571.18646","571.18646","1000","1000","1000","","","","","","","","","","","",""
"365679","","","","","","","","","","","","","","","","","","","276.81158","276.81158","276.81158","1087","1087","1087"
"366012","","","","","","","","","","","","","644.4795","644.4795","644.4795","1002","1002","1002","","","","","",""
"366248","","","","","","","122.476074","122.476074","122.476074","1001","1001","1001","","","","","","","","","","","",""
"366377","40.939598","40.939598","40.939598","1010","1010","1010","","","","","","","","","","","","","","","","","",""
"366680","","","","","","","","","","","","","","","","","","","229.67033","229.67033","229.67033","1088","1088","1088"
"366885","-128.51797","-128.51797","-128.51797","1011","1011","1011","","","","","","","","","","","","","","","","","",""
"367013","","","","","","","","","","","","","546.4286","546.4286","546.4286","1003","1003","1003","","","","","",""
"367249","","","","","","","385.8044","385.8044","385.8044","1002","1002","1002","","","","","","","","","","","",""
"367681","","","","","","","","","","","","","","","","","","","283.83838","283.83838","283.83838","1089","1089","1089"
"367886","-27.835052","-27.835052","-27.835052","1012","1012","1012","","","","","","","","","","","","","","","","","",""
"368014","","","","","","","","","","","","","501.50375","501.50375","501.50375","1004","1004","1004","","","","","",""
"368250","","","","","","","357.14285","357.14285","357.14285","1003","1003","1003","","","","","","","","","","","",""
"368682","","","","","","","","","","","","","","","","","","","131.51126","131.51126","131.51126","1098","1098","1098"
"368887","-14.089347","-14.089347","-14.089347","1020","1020","1020","","","","","","","","","","","","","","","","","",""
"369015","","","","","","","","","","","","","682.6087","682.6087","682.6087","1012","1012","1012","","","","","",""
"369251","","","","","","","283.45865","283.45865","283.45865","1011","1011","1011","","","","","","","","","","","",""
"369683","","","","","","","","","","","","","","","","","","","197.79411","197.79411","197.79411","1099","1099","1099"
"369888","4.7619047","4.7619047","4.7619047","1021","1021","1021","","","","","","","","","","","","","","","","","",""
"370016","","","","","","","","","","","","","676.55676","676.55676","676.55676","1013","1013","1013","","","","","",""
"370252","","","","","","","407.24637","407.24637","407.24637","1012","1012","1012","","","","","","","","","","","",""
"370684","","","","","","","","","","","","","","","","","","","175.16779","175.16779","175.16779","1100","1100","1100"
"370864","-160.90366","-160.90366","-160.90366","1022","1022","1022","","","","","","","","","","","","","","","","","",""
"371017","","","","","","","","","","","","","522.8956","522.8956","522.8956","1014","1014","1014","","","","","",""
"371253","","","","","","","614.2857","614.2857","614.2857","1013","1013","1013","","","","","","","","","","","",""
"371374","","","","","","","","","","","","","","","","","","","-36.307888","-36.307888","-36.307888","1101","1101","1101"
"371865","5.263158","5.263158","5.263158","1023","1023","1023","","","","","","","","","","","","","","","","","",""
"372018","","","","","","","","","","","","","527.00964","527.00964","527.00964","1015","1015","1015","","","","","",""
"372254","","","","","","","667.67676","667.67676","667.67676","1014","1014","1014","","","","","","","","","","","",""
"372375","","","","","","","","","","","","","","","","","","","271.13403","271.13403","271.13403","1102","1102","1102"
"372680","-130.71634","-130.71634","-130.71634","1024","1024","1024","","","","","","","","","","","","","","","","","",""
"373019","","","","","","","","","","","","","440.44116","440.44116","440.44116","1023","1023","1023","","","","","",""
"373255","","","","","","","510.93246","510.93246","510.93246","1022","1022","1022","","","","","","","","","","","",""
"373376","","","","","","","","","","","","","","","","","","","47.766323","47.766323","47.766323","1111","1111","1111"
"373645","-143.29646","-143.29646","-143.29646","1032","1032","1032","","","","","","","","","","","","","","","","","",""
"374020","","","","","","","","","","","","","309.39597","309.39597","309.39597","1024","1024","1024","","","","","",""
"374256","","","","","","","436.7647","436.7647","436.7647","1023","1023","1023","","","","","","","","","","","",""
"374377","","","","","","","","","","","","","","","","","","","303.1746","303.1746","303.1746","1112","1112","1112"
"374646","-54.397392","-54.397392","-54.397392","1033","1033","1033","","","","","","","","","","","","","","","","","",""
"374957","-90.52733","-90.52733","-90.52733","1034","1034","1034","","","","","","","","","","","","","","","","","",""
"375021","","","","","","","","","","","","","297.47635","297.47635","297.47635","1025","1025","1025","","","","","",""
"375257","","","","","","","238.92618","238.92618","238.92618","1024","1024","1024","","","","","","","","","","","",""
"375378","","","","","","","","","","","","","","","","","","","246.71533","246.71533","246.71533","1113","1113","1113"
"375706","-135.18633","-135.18633","-135.18633","1035","1035","1035","","","","","","","","","","","","","","","","","",""
"376022","","","","","","","","","","","","","563.2302","563.2302","563.2302","1026","1026","1026","","","","","",""
"376258","","","","","","","502.52365","502.52365","502.52365","1025","1025","1025","","","","","","","","","","","",""
"376344","-135.38684","-135.38684","-135.38684","1036","1036","1036","","","","","","","","","","","","","","","","","",""
"376379","","","","","","","","","","","","","","","","","","","91.729324","91.729324","91.729324","1114","1114","1114"
"377023","","","","","","","","","","","","","374.2268","374.2268","374.2268","1034","1034","1034","","","","","",""
"377259","","","","","","","518.5567","518.5567","518.5567","1033","1033","1033","","","","","","","","","","","",""
"377345","11.538462","11.538462","11.538462","1044","1044","1044","","","","","","","","","","","","","","","","","",""
"377380","","","","","","","","","","","","","","","","","","","102.33463","102.33463","102.33463","1123","1123","1123"
"378024","","","","","","","","","","","","","179.36508","179.36508","179.36508","1035","1035","1035","","","","","",""
"378260","","","","","","","291.75256","291.75256","291.75256","1034","1034","1034","","","","","","","","","","","",""
"378346","-12.587413","-12.587413","-12.587413","1045","1045","1045","","","","","","","","","","","","","","","","","",""
"378381","","","","","","","","","","","","","","","","","","","-36.39576","-36.39576","-36.39576","1124","1124","1124"
"379025","","","","","","","","","","","","","578.8321","578.8321","578.8321","1036","1036","1036","","","","","",""
"379261","","","","","","","763.49207","763.49207","763.49207","1035","1035","1035","","","","","","","","","","","",""
"379266","-141.8","-141.8","-141.8","1046","1046","1046","","","","","","","","","","","","","","","","","",""
"379382","","","","","","","","","","","","","","","","","","","225.7329","225.7329","225.7329","1125","1125","1125"
"380026","","","","","","","","","","","","","366.1654","366.1654","366.1654","1037","1037","1037","","","","","",""
"380262","","","","","","","783.2117","783.2117","783.2117","1036","1036","1036","","","","","","","","","","","",""
"380267","-35.59322","-35.59322","-35.59322","1047","1047","1047","","","","","","","","","","","","","","","","","",""
"380383","","","","","","","","","","","","","","","","","","","347.20496","347.20496","347.20496","1126","1126","1126"
"381027","","","","","","","","","","","","","499.2218","499.2218","499.2218","1045","1045","1045","","","","","",""
"381263","","","","","","","862.406","862.406","862.406","1044","1044","1044","","","","","","","","","","","",""
"381268","-29.936306","-29.936306","-29.936306","1055","1055","1055","","","","","","","","","","","","","","","","","",""
"381384","","","","","","","","","","","","","","","","","","","298.1763","298.1763","298.1763","1135","1135","1135"
"382028","","","","","","","","","","","","","801.06006","801.06006","801.06006","1046","1046","1046","","","","","",""
"382264","","","","","","","794.94165","794.94165","794.94165","1045","1045","1045","","","","","","","","","","","",""
"382269","16.20795","16.20795","16.20795","1056","1056","1056","","","","","","","","","","","","","","","","","",""
"382385","","","","","","","","","","","","","","","","","","","144.5141","144.5141","144.5141","1136","1136","1136"
"382946","-148.80841","-148.80841","-148.80841","1057","1057","1057","","","","","","","","","","","","","","","","","",""
"383029","","","","","","","","","","","","","711.0749","711.0749","711.0749","1047","1047","1047","","","","","",""
"383265","","","","","","","267.49118","267.49118","267.49118","1046","1046","1046","","","","","","","","","","","",""
"383386","","","","","","","","","","","","","","","","","","","488.46155","488.46155","488.46155","1137","1137","1137"
"383947","-39.849625","-39.849625","-39.849625","1058","1058","1058","","","","","","","","","","","","","","","","","",""
"384030","","","","","","","","","","","","","216.77019","216.77019","216.77019","1048","1048","1048","","","","","",""
"384266","","","","","","","189.90228","189.90228","189.90228","1047","1047","1047","","","","","","","","","","","",""
"384387","","","","","","","","","","","","","","","","","","","207.6923","207.6923","207.6923","1138","1138","1138"
"384948","-36.102238","-36.102238","-36.102238","1059","1059","1059","","","","","","","","","","","","","","","","","",""
"385031","","","","","","","","","","","","","535.25836","535.25836","535.25836","1056","1056","1056","","","","","",""
"385267","","","","","","","145.34161","145.34161","145.34161","1055","1055","1055","","","","","","","","","","","",""
"385388","","","","","","","","","","","","","","","","","","","21.875","21.875","21.875","1147","1147","1147"
"385559","-122.837715","-122.837715","-122.837715","1067","1067","1067","","","","","","","","","","","","","","","","","",""
"386032","","","","","","","","","","","","","410.9718","410.9718","410.9718","1057","1057","1057","","","","","",""
"386268","","","","","","","161.39818","161.39818","161.39818","1056","1056","1056","","","","","","","","","","","",""
"386389","","","","","","","","","","","","","","","","","","","249.15254","249.15254","249.15254","1148","1148","1148"
"386560","-37.28223","-37.28223","-37.28223","1068","1068","1068","","","","","","","","","","","","","","","","","",""
"387033","","","","","","","","","","","","","300","300","300","1058","1058","1058","","","","","",""
"387269","","","","","","","379.6238","379.6238","379.6238","1057","1057","1057","","","","","","","","","","","",""
"387390","","","","","","","","","","","","","","","","","","","339.49045","339.49045","339.49045","1149","1149","1149"
"387561","-57.446808","-57.446808","-57.446808","1069","1069","1069","","","","","","","","","","","","","","","","","",""
"388034","","","","","","","","","","","","","291.6084","291.6084","291.6084","1059","1059","1059","","","","","",""
"388270","","","","","","","288.46155","288.46155","288.46155","1058","1058","1058","","","","","","","","","","","",""
"388391","","","","","","","","","","","","","","","","","","","227.21713","227.21713","227.21713","1150","1150","1150"
"388562","-12.052117","-12.052117","-12.052117","1070","1070","1070","","","","","","","","","","","","","","","","","",""
"389035","","","","","","","","","","","","","571.875","571.875","571.875","1060","1060","1060","","","","","",""
"389271","","","","","","","281.11887","281.11887","281.11887","1066","1066","1066","","","","","","","","","","","",""
"389392","","","","","","","","","","","","","","","","","","","149.22119","149.22119","149.22119","1159","1159","1159"
"389563","115.82734","115.82734","115.82734","1078","1078","1078","","","","","","","","","","","","","","","","","",""
"390036","","","","","","","","","","","","","540.678","540.678","540.678","1068","1068","1068","","","","","",""
"390272","","","","","","","328.125","328.125","328.125","1067","1067","1067","","","","","","","","","","","",""
"390393","","","","","","","","","","","","","","","","","","","407.5188","407.5188","407.5188","1160","1160","1160"
"390564","3.3210332","3.3210332","3.3210332","1079","1079","1079","","","","","","","","","","","","","","","","","",""
"391037","","","","","","","","","","","","","329.9363","329.9363","329.9363","1069","1069","1069","","","","","",""
"391273","","","","","","","415.25424","415.25424","415.25424","1068","1068","1068","","","","","","","","","","","",""
"391394","","","","","","","","","","","","","","","","","","","423.96167","423.96167","423.96167","1161","1161","1161"
"391565","-29.936306","-29.936306","-29.936306","1080","1080","1080","","","","","","","","","","","","","","","","","",""
"391651","","","","","","","","","","","","","","","","","","","-52.83564","-52.83564","-52.83564","1162","1162","1162"
"392038","","","","","","","","","","","","","383.18042","383.18042","383.18042","1070","1070","1070","","","","","",""
"392274","","","","","","","218.47134","218.47134","218.47134","1069","1069","1069","","","","","","","","","","","",""
"392367","-60.434784","-60.434784","-60.434784","1081","1081","1081","","","","","","","","","","","","","","","","","",""
"392652","","","","","","","","","","","","","","","","","","","84.66899","84.66899","84.66899","1163","1163","1163"
"393039","","","","","","","","","","","","","404.67288","404.67288","404.67288","1071","1071","1071","","","","","",""
"393116","-154.76645","-154.76645","-154.76645","1082","1082","1082","","","","","","","","","","","","","","","","","",""
"393275","","","","","","","288.3792","288.3792","288.3792","1077","1077","1077","","","","","","","","","","","",""
"393463","","","","","","","","","","","","","","","","","","","-49.694324","-49.694324","-49.694324","1172","1172","1172"
"393778","-133.84566","-133.84566","-133.84566","1090","1090","1090","","","","","","","","","","","","","","","","","",""
"394040","","","","","","","","","","","","","824.812","824.812","824.812","1079","1079","1079","","","","","",""
"394276","","","","","","","258.25546","258.25546","258.25546","1078","1078","1078","","","","","","","","","","","",""
"394464","","","","","","","","","","","","","","","","","","","268.0782","268.0782","268.0782","1173","1173","1173"
"394779","-22.297297","-22.297297","-22.297297","1091","1091","1091","","","","","","","","","","","","","","","","","",""
"394933","","","","","","","","","","","","","","","","","","","-78.354675","-78.354675","-78.354675","1174","1174","1174"
"395041","","","","","","","","","","","","","471.88498","471.88498","471.88498","1080","1080","1080","","","","","",""
"395277","","","","","","","648.1203","648.1203","648.1203","1079","1079","1079","","","","","","","","","","","",""
"395780","-38.83792","-38.83792","-38.83792","1092","1092","1092","","","","","","","","","","","","","","","","","",""
"395934","","","","","","","","","","","","","","","","","","","29.15129","29.15129","29.15129","1175","1175","1175"
"396042","","","","","","","","","","","","","647.40485","647.40485","647.40485","1081","1081","1081","","","","","",""
"396278","","","","","","","385.62302","385.62302","385.62302","1080","1080","1080","","","","","","","","","","","",""
"396781","-36.102238","-36.102238","-36.102238","1093","1093","1093","","","","","","","","","","","","","","","","","",""
"396935","","","","","","","","","","","","","","","","","","","400","400","400","1176","1176","1176"
"397043","","","","","","","","","","","","","405.22647","405.22647","405.22647","1082","1082","1082","","","","","",""
"397279","","","","","","","252.94118","252.94118","252.94118","1081","1081","1081","","","","","","","","","","","",""
"397782","-44.736843","-44.736843","-44.736843","1101","1101","1101","","","","","","","","","","","","","","","","","",""
"397936","","","","","","","","","","","","","","","","","","","44.927536","44.927536","44.927536","1185","1185","1185"
"398044","","","","","","","","","","","","","385.8156","385.8156","385.8156","1090","1090","1090","","","","","",""
"398783","-61.83206","-61.83206","-61.83206","1102","1102","1102","","","","","","","","","","","","","","","","","",""
"398937","","","","","","","","","","","","","","","","","","","531.22925","531.22925","531.22925","1186","1186","1186"
"399045","","","","","","","","","","","","","727.3616","727.3616","727.3616","1091","1091","1091","","","","","",""
"399784","-25.423729","-25.423729","-25.423729","1103","1103","1103","","","","","","","","","","","","","","","","","",""
"399938","","","","","","","","","","","","","","","","","","","224.75883","224.75883","224.75883","1187","1187","1187"
"400046","","","","","","","","","","","","","320.8633","320.8633","320.8633","1092","1092","1092","","","","","",""
"400785","35.458168","35.458168","35.458168","1104","1104","1104","","","","","","","","","","","","","","","","","",""
"400939","","","","","","","","","","","","","","","","","","","14.864865","14.864865","14.864865","1188","1188","1188"
"401047","","","","","","","","","","","","","398.15497","398.15497","398.15497","1093","1093","1093","","","","","",""
"401940","","","","","","","","","","","","","","","","","","","184.40367","184.40367","184.40367","1197","1197","1197"
"402048","","","","","","","","","","","","","476.43314","476.43314","476.43314","1101","1101","1101","","","","","",""
"402941","","","","","","","","","","","","","","","","","","","264.21725","264.21725","264.21725","1198","1198","1198"
"403049","","","","","","","","","","","","","675.3623","675.3623","675.3623","1102","1102","1102","","","","","",""
"403942","","","","","","","","","","","","","","","","","","","144.73685","144.73685","144.73685","1199","1199","1199"
"404050","","","","","","","","","","","","","491.36212","491.36212","491.36212","1103","1103","1103","","","","","",""
"404943","","","","","","","","","","","","","","","","","","","308.39694","308.39694","308.39694","1200","1200","1200"
"405051","","","","","","","","","","","","","514.1479","514.1479","514.1479","1104","1104","1104","","","","","",""
"405944","","","","","","","","","","","","","","","","","","","116.94915","116.94915","116.94915","1209","1209","1209"
"406052","","","","","","","","","","","","","724.32434","724.32434","724.32434","1112","1112","1112","","","","","",""
"406945","","","","","","","","","","","","","","","","","","","43.426296","43.426296","43.426296","1210","1210","1210"
"407053","","","","","","","","","","","","","471.86545","471.86545","471.86545","1113","1113","1113","","","","","",""
"407946","","","","","","","","","","","","","","","","","","","162.97578","162.97578","162.97578","1211","1211","1211"
"408054","","","","","","","","","","","","","392.0128","392.0128","392.0128","1114","1114","1114","","","","","",""
"408947","","","","","","","","","","","","","","","","","","","31.782946","31.782946","31.782946","1212","1212","1212"
"409055","","","","","","","","","","","","","502.6316","502.6316","502.6316","1115","1115","1115","","","","","",""
"409948","","","","","","","","","","","","","","","","","","","168.8172","168.8172","168.8172","1221","1221","1221"
"410056","","","","","","","","","","","","","800.76337","800.76337","800.76337","1123","1123","1123","","","","","",""
"410949","","","","","","","","","","","","","","","","","","","133.0827","133.0827","133.0827","1222","1222","1222"
"411057","","","","","","","","","","","","","405.08475","405.08475","405.08475","1124","1124","1124","","","","","",""
"411950","","","","","","","","","","","","","","","","","","","-33.333332","-33.333332","-33.333332","1223","1223","1223"
"412058","","","","","","","","","","","","","752.58966","752.58966","752.58966","1125","1125","1125","","","","","",""
"412951","","","","","","","","","","","","","","","","","","","144.3609","144.3609","144.3609","1224","1224","1224"
"413059","","","","","","","","","","","","","470.93427","470.93427","470.93427","1126","1126","1126","","","","","",""
"413576","","","","","","","","","","","","","","","","","","","-96.78276","-96.78276","-96.78276","1225","1225","1225"
"414060","","","","","","","","","","","","","830.23254","830.23254","830.23254","1134","1134","1134","","","","","",""
"414577","","","","","","","","","","","","","","","","","","","328.05756","328.05756","328.05756","1234","1234","1234"
"415061","","","","","","","","","","","","","810.3943","810.3943","810.3943","1135","1135","1135","","","","","",""
"415578","","","","","","","","","","","","","","","","","","","149.14676","149.14676","149.14676","1235","1235","1235"
"416062","","","","","","","","","","","","","561.6541","561.6541","561.6541","1136","1136","1136","","","","","",""
"416579","","","","","","","","","","","","","","","","","","","280.43478","280.43478","280.43478","1236","1236","1236"
"417063","","","","","","","","","","","","","486.66666","486.66666","486.66666","1137","1137","1137","","","","","",""
"417580","","","","","","","","","","","","","","","","","","","217.33333","217.33333","217.33333","1237","1237","1237"
"418064","","","","","","","","","","","","","392.4812","392.4812","392.4812","1145","1145","1145","","","","","",""
"418581","","","","","","","","","","","","","","","","","","","216.54677","216.54677","216.54677","1246","1246","1246"
"419065","","","","","","","","","","","","","244.82759","244.82759","244.82759","1146","1146","1146","","","","","",""
"419582","","","","","","","","","","","","","","","","","","","408.59106","408.59106","408.59106","1247","1247","1247"
"420066","","","","","","","","","","","","","781.295","781.295","781.295","1147","1147","1147","","","","","",""
"420583","","","","","","","","","","","","","","","","","","","103.00752","103.00752","103.00752","1248","1248","1248"
"421067","","","","","","","","","","","","","777.1331","777.1331","777.1331","1148","1148","1148","","","","","",""
"421584","","","","","","","","","","","","","","","","","","","-22.535212","-22.535212","-22.535212","1249","1249","1249"
"422068","","","","","","","","","","","","","852.89856","852.89856","852.89856","1156","1156","1156","","","","","",""
"422585","","","","","","","","","","","","","","","","","","","-29.530201","-29.530201","-29.530201","1258","1258","1258"
"423069","","","","","","","","","","","","","257.33334","257.33334","257.33334","1157","1157","1157","","","","","",""
"423586","","","","","","","","","","","","","","","","","","","254.83871","254.83871","254.83871","1259","1259","1259"
"424070","","","","","","","","","","","","","382.01437","382.01437","382.01437","1158","1158","1158","","","","","",""
"424587","","","","","","","","","","","","","","","","","","","137.35408","137.35408","137.35408","1260","1260","1260"
"425071","","","","","","","","","","","","","508.24744","508.24744","508.24744","1159","1159","1159","","","","","",""
"425588","","","","","","","","","","","","","","","","","","","396.09375","396.09375","396.09375","1261","1261","1261"
"426589","","","","","","","","","","","","","","","","","","","185.71428","185.71428","185.71428","1270","1270","1270"
"427590","","","","","","","","","","","","","","","","","","","164.36781","164.36781","164.36781","1271","1271","1271"
"428591","","","","","","","","","","","","","","","","","","","88.4058","88.4058","88.4058","1272","1272","1272"
"429592","","","","","","","","","","","","","","","","","","","127.75801","127.75801","127.75801","1273","1273","1273"
"430593","","","","","","","","","","","","","","","","","","","-27.392738","-27.392738","-27.392738","1282","1282","1282"
"431594","","","","","","","","","","","","","","","","","","","181.85329","181.85329","181.85329","1283","1283","1283"
"432595","","","","","","","","","","","","","","","","","","","43.712574","43.712574","43.712574","1284","1284","1284"
"433596","","","","","","","","","","","","","","","","","","","-34.707905","-34.707905","-34.707905","1285","1285","1285"
"434597","","","","","","","","","","","","","","","","","","","23.41772","23.41772","23.41772","1294","1294","1294"
"435598","","","","","","","","","","","","","","","","","","","172.37354","172.37354","172.37354","1295","1295","1295"
"436599","","","","","","","","","","","","","","","","","","","-18.149466","-18.149466","-18.149466","1296","1296","1296"
"437600","","","","","","","","","","","","","","","","","","","32.404182","32.404182","32.404182","1297","1297","1297"
"438601","","","","","","","","","","","","","","","","","","","189.90228","189.90228","189.90228","1306","1306","1306"
"439602","","","","","","","","","","","","","","","","","","","35.48387","35.48387","35.48387","1307","1307","1307"
"440603","","","","","","","","","","","","","","","","","","","-28.082191","-28.082191","-28.082191","1308","1308","1308"
"441604","","","","","","","","","","","","","","","","","","","272.18045","272.18045","272.18045","1309","1309","1309"
"442605","","","","","","","","","","","","","","","","","","","102.0202","102.0202","102.0202","1318","1318","1318"
"443606","","","","","","","","","","","","","","","","","","","27.946129","27.946129","27.946129","1319","1319","1319"
"444607","","","","","","","","","","","","","","","","","","","310.82803","310.82803","310.82803","1320","1320","1320"
"445608","","","","","","","","","","","","","","","","","","","320.06268","320.06268","320.06268","1321","1321","1321"
"446609","","","","","","","","","","","","","","","","","","","355.83038","355.83038","355.83038","1330","1330","1330"
"447610","","","","","","","","","","","","","","","","","","","133.0827","133.0827","133.0827","1331","1331","1331"
"448611","","","","","","","","","","","","","","","","","","","302.82684","302.82684","302.82684","1332","1332","1332"
"448893","","","","","","","","","","","","","","","","","","","-49.985817","-49.985817","-49.985817","1333","1333","1333"
"449894","","","","","","","","","","","","","","","","","","","107.66773","107.66773","107.66773","1334","1334","1334"
"450895","","","","","","","","","","","","","","","","","","","117.55725","117.55725","117.55725","1343","1343","1343"
"451896","","","","","","","","","","","","","","","","","","","83.27974","83.27974","83.27974","1344","1344","1344"
"452897","","","","","","","","","","","","","","","","","","","95.48872","95.48872","95.48872","1345","1345","1345"
"453228","","","","","","","","","","","","","","","","","","","-27.266197","-27.266197","-27.266197","1346","1346","1346"
"454229","","","","","","","","","","","","","","","","","","","129.5082","129.5082","129.5082","1347","1347","1347"
"455230","","","","","","","","","","","","","","","","","","","206.27306","206.27306","206.27306","1356","1356","1356"
"456231","","","","","","","","","","","","","","","","","","","136.30138","136.30138","136.30138","1357","1357","1357"
"457232","","","","","","","","","","","","","","","","","","","378.57144","378.57144","378.57144","1358","1358","1358"
"458233","","","","","","","","","","","","","","","","","","","110.682495","110.682495","110.682495","1359","1359","1359"
"459234","","","","","","","","","","","","","","","","","","","259.4771","259.4771","259.4771","1368","1368","1368"
"460235","","","","","","","","","","","","","","","","","","","240.57971","240.57971","240.57971","1369","1369","1369"
"461236","","","","","","","","","","","","","","","","","","","206.8592","206.8592","206.8592","1370","1370","1370"
"462237","","","","","","","","","","","","","","","","","","","113.05842","113.05842","113.05842","1371","1371","1371"
"463238","","","","","","","","","","","","","","","","","","","184.72223","184.72223","184.72223","1380","1380","1380"
"464239","","","","","","","","","","","","","","","","","","","255.21236","255.21236","255.21236","1381","1381","1381"
"465240","","","","","","","","","","","","","","","","","","","-9.090909","-9.090909","-9.090909","1382","1382","1382"
"466241","","","","","","","","","","","","","","","","","","","87.30159","87.30159","87.30159","1383","1383","1383"
"467242","","","","","","","","","","","","","","","","","","","-15.9159155","-15.9159155","-15.9159155","1392","1392","1392"
"467595","","","","","","","","","","","","","","","","","","","-67.19877","-67.19877","-67.19877","1393","1393","1393"
"468596","","","","","","","","","","","","","","","","","","","-10.216719","-10.216719","-10.216719","1394","1394","1394"
"469597","","","","","","","","","","","","","","","","","","","309.9617","309.9617","309.9617","1395","1395","1395"
"469975","","","","","","","","","","","","","","","","","","","-5.3966103","-5.3966103","-5.3966103","1396","1396","1396"
"470976","","","","","","","","","","","","","","","","","","","344.04333","344.04333","344.04333","1397","1397","1397"
"471977","","","","","","","","","","","","","","","","","","","521.4286","521.4286","521.4286","1406","1406","1406"
"472978","","","","","","","","","","","","","","","","","","","313.55933","313.55933","313.55933","1407","1407","1407"
"473979","","","","","","","","","","","","","","","","","","","194.11765","194.11765","194.11765","1408","1408","1408"
"474980","","","","","","","","","","","","","","","","","","","336.61972","336.61972","336.61972","1409","1409","1409"
"475981","","","","","","","","","","","","","","","","","","","203.75427","203.75427","203.75427","1418","1418","1418"
"476982","","","","","","","","","","","","","","","","","","","462.5","462.5","462.5","1419","1419","1419"
"477983","","","","","","","","","","","","","","","","","","","97.231834","97.231834","97.231834","1420","1420","1420"
"478984","","","","","","","","","","","","","","","","","","","187.16216","187.16216","187.16216","1421","1421","1421"
"479912","","","","","","","","","","","","","","","","","","","103.13171","103.13171","103.13171","1430","1430","1430"
"480913","","","","","","","","","","","","","","","","","","","200","200","200","1431","1431","1431"
"481914","","","","","","","","","","","","","","","","","","","312.18637","312.18637","312.18637","1432","1432","1432"
"482915","","","","","","","","","","","","","","","","","","","488.67926","488.67926","488.67926","1433","1433","1433"
"483916","","","","","","","","","","","","","","","","","","","358.6466","358.6466","358.6466","1442","1442","1442"
"484917","","","","","","","","","","","","","","","","","","","323.2082","323.2082","323.2082","1443","1443","1443"
"485918","","","","","","","","","","","","","","","","","","","257.6389","257.6389","257.6389","1444","1444","1444"
"486919","","","","","","","","","","","","","","","","","","","190.9699","190.9699","190.9699","1445","1445","1445"
"487920","","","","","","","","","","","","","","","","","","","401.7182","401.7182","401.7182","1454","1454","1454"
"488921","","","","","","","","","","","","","","","","","","","103.20856","103.20856","103.20856","1455","1455","1455"
"489922","","","","","","","","","","","","","","","","","","","135.50725","135.50725","135.50725","1456","1456","1456"
"490923","","","","","","","","","","","","","","","","","","","127.27273","127.27273","127.27273","1457","1457","1457"
"491924","","","","","","","","","","","","","","","","","","","39.68254","39.68254","39.68254","1466","1466","1466"
"492925","","","","","","","","","","","","","","","","","","","18.705036","18.705036","18.705036","1467","1467","1467"
"493926","","","","","","","","","","","","","","","","","","","392.4812","392.4812","392.4812","1468","1468","1468"
"494927","","","","","","","","","","","","","","","","","","","177.55103","177.55103","177.55103","1469","1469","1469"
"495928","","","","","","","","","","","","","","","","","","","134.7561","134.7561","134.7561","1478","1478","1478"
"496268","","","","","","","","","","","","","","","","","","","-67.35482","-67.35482","-67.35482","1479","1479","1479"
"497269","","","","","","","","","","","","","","","","","","","474.39447","474.39447","474.39447","1480","1480","1480"
"498270","","","","","","","","","","","","","","","","","","","188.80867","188.80867","188.80867","1481","1481","1481"
"499271","","","","","","","","","","","","","","","","","","","587.05035","587.05035","587.05035","1482","1482","1482"