"global_step","1777156828-grad-compression=surprise - charts/episodic_return","1777156828-grad-compression=surprise - charts/episodic_return__MIN","1777156828-grad-compression=surprise - charts/episodic_return__MAX","1777156828-grad-compression=surprise - _step","1777156828-grad-compression=surprise - _step__MIN","1777156828-grad-compression=surprise - _step__MAX","1776981725-grad-compression=none - charts/episodic_return","1776981725-grad-compression=none - charts/episodic_return__MIN","1776981725-grad-compression=none - charts/episodic_return__MAX","1776981725-grad-compression=none - _step","1776981725-grad-compression=none - _step__MIN","1776981725-grad-compression=none - _step__MAX"
"-3096","-49.090908","-49.090908","-49.090908","0","0","0","-49.090908","-49.090908","-49.090908","0","0","0"
"-2095","-57.627117","-57.627117","-57.627117","1","1","1","-57.627117","-57.627117","-57.627117","1","1","1"
"-1094","-54.248367","-54.248367","-54.248367","2","2","2","-54.248367","-54.248367","-54.248367","2","2","2"
"-93","-48.63014","-48.63014","-48.63014","3","3","3","-48.63014","-48.63014","-48.63014","3","3","3"
"908","-45.652172","-45.652172","-45.652172","15","15","15","-45.652172","-45.652172","-45.652172","14","14","14"
"1909","-45.255474","-45.255474","-45.255474","16","16","16","-45.255474","-45.255474","-45.255474","15","15","15"
"2910","-48.71795","-48.71795","-48.71795","17","17","17","-48.71795","-48.71795","-48.71795","16","16","16"
"3911","-42.446045","-42.446045","-42.446045","18","18","18","-42.446045","-42.446045","-42.446045","17","17","17"
"4912","-44.23792","-44.23792","-44.23792","30","30","30","-44.23792","-44.23792","-44.23792","28","28","28"
"5913","-31.97279","-31.97279","-31.97279","31","31","31","-31.97279","-31.97279","-31.97279","29","29","29"
"6914","-30.147058","-30.147058","-30.147058","32","32","32","-30.147058","-30.147058","-30.147058","30","30","30"
"7915","-28.813559","-28.813559","-28.813559","33","33","33","-28.813559","-28.813559","-28.813559","31","31","31"
"8916","-62.732918","-62.732918","-62.732918","45","45","45","-62.732918","-62.732918","-62.732918","42","42","42"
"9917","-21.39738","-21.39738","-21.39738","46","46","46","-21.39738","-21.39738","-21.39738","43","43","43"
"10918","-21.708185","-21.708185","-21.708185","47","47","47","-21.708185","-21.708185","-21.708185","44","44","44"
"11919","-47.183098","-47.183098","-47.183098","48","48","48","-47.183098","-47.183098","-47.183098","45","45","45"
"12920","-34.98452","-34.98452","-34.98452","60","60","60","-34.98452","-34.98452","-34.98452","56","56","56"
"13921","-28.327644","-28.327644","-28.327644","61","61","61","-28.327644","-28.327644","-28.327644","57","57","57"
"14922","-60.99291","-60.99291","-60.99291","62","62","62","-60.99291","-60.99291","-60.99291","58","58","58"
"15923","-19.753086","-19.753086","-19.753086","63","63","63","-19.753086","-19.753086","-19.753086","59","59","59"
"16924","-30.362118","-30.362118","-30.362118","75","75","75","-30.362118","-30.362118","-30.362118","70","70","70"
"17925","-21.146954","-21.146954","-21.146954","76","76","76","-21.146954","-21.146954","-21.146954","71","71","71"
"18926","-37.5","-37.5","-37.5","77","77","77","-37.5","-37.5","-37.5","72","72","72"
"19927","-44.805195","-44.805195","-44.805195","78","78","78","-44.805195","-44.805195","-44.805195","73","73","73"
"20928","-35.361217","-35.361217","-35.361217","90","90","90","-35.361217","-35.361217","-35.361217","84","84","84"
"21929","-53.177258","-53.177258","-53.177258","91","91","91","-53.177258","-53.177258","-53.177258","85","85","85"
"22930","-66.049385","-66.049385","-66.049385","92","92","92","-66.049385","-66.049385","-66.049385","86","86","86"
"23931","-47.882736","-47.882736","-47.882736","93","93","93","-47.882736","-47.882736","-47.882736","87","87","87"
"24932","-25.324675","-25.324675","-25.324675","105","105","105","-25.324675","-25.324675","-25.324675","98","98","98"
"25933","-54.86111","-54.86111","-54.86111","106","106","106","-54.86111","-54.86111","-54.86111","99","99","99"
"26934","-43.060497","-43.060497","-43.060497","107","107","107","-43.060497","-43.060497","-43.060497","100","100","100"
"27935","-61.42433","-61.42433","-61.42433","108","108","108","-61.42433","-61.42433","-61.42433","101","101","101"
"28936","39.465874","39.465874","39.465874","120","120","120","39.465874","39.465874","39.465874","112","112","112"
"29937","-60.1227","-60.1227","-60.1227","121","121","121","-60.1227","-60.1227","-60.1227","113","113","113"
"30938","-52.727272","-52.727272","-52.727272","122","122","122","-52.727272","-52.727272","-52.727272","114","114","114"
"31939","-67.84566","-67.84566","-67.84566","123","123","123","-67.84566","-67.84566","-67.84566","115","115","115"
"32940","-53.488373","-53.488373","-53.488373","139","139","139","-56.81063","-56.81063","-56.81063","126","126","126"
"33941","-46.478874","-46.478874","-46.478874","140","140","140","-46.478874","-46.478874","-46.478874","127","127","127"
"34942","-66.10169","-66.10169","-66.10169","141","141","141","-66.10169","-66.10169","-66.10169","128","128","128"
"35943","-69.32516","-69.32516","-69.32516","142","142","142","-72.39264","-72.39264","-72.39264","129","129","129"
"36944","-65.034966","-65.034966","-65.034966","158","158","158","-65.034966","-65.034966","-65.034966","140","140","140"
"37945","-51.672863","-51.672863","-51.672863","159","159","159","-51.672863","-51.672863","-51.672863","141","141","141"
"38946","-38.14433","-38.14433","-38.14433","160","160","160","-31.271477","-31.271477","-31.271477","142","142","142"
"39947","-64.28571","-64.28571","-64.28571","161","161","161","-64.28571","-64.28571","-64.28571","143","143","143"
"40948","-19.463087","-19.463087","-19.463087","162","162","162","-36.24161","-36.24161","-36.24161","144","144","144"
"41949","-48.79518","-48.79518","-48.79518","178","178","178","-54.81928","-54.81928","-54.81928","155","155","155"
"42950","-37.5","-37.5","-37.5","179","179","179","-37.5","-37.5","-37.5","156","156","156"
"43752","","","","","","","-146.1017","-146.1017","-146.1017","157","157","157"
"43951","-62.711864","-62.711864","-62.711864","180","180","180","","","","","",""
"44753","","","","","","","-44.827587","-44.827587","-44.827587","158","158","158"
"44952","-55.172413","-55.172413","-55.172413","181","181","181","","","","","",""
"45754","","","","","","","-75","-75","-75","169","169","169"
"45953","-3.5714285","-3.5714285","-3.5714285","197","197","197","","","","","",""
"46755","","","","","","","-29.104477","-29.104477","-29.104477","170","170","170"
"46954","-29.104477","-29.104477","-29.104477","198","198","198","","","","","",""
"47756","","","","","","","-59.752323","-59.752323","-59.752323","171","171","171"
"47955","-65.944275","-65.944275","-65.944275","199","199","199","","","","","",""
"48757","","","","","","","-52.68139","-52.68139","-52.68139","172","172","172"
"48956","-33.753944","-33.753944","-33.753944","200","200","200","","","","","",""
"49758","","","","","","","16.883118","16.883118","16.883118","183","183","183"
"49957","-38.311687","-38.311687","-38.311687","216","216","216","","","","","",""
"50759","","","","","","","-54.918034","-54.918034","-54.918034","184","184","184"
"50958","-38.52459","-38.52459","-38.52459","217","217","217","","","","","",""
"51760","","","","","","","-48.63014","-48.63014","-48.63014","185","185","185"
"51959","-48.63014","-48.63014","-48.63014","218","218","218","","","","","",""
"52761","","","","","","","-52.531647","-52.531647","-52.531647","186","186","186"
"52960","-46.20253","-46.20253","-46.20253","219","219","219","","","","","",""
"53762","","","","","","","-82.69896","-82.69896","-82.69896","197","197","197"
"53961","-61.937717","-61.937717","-61.937717","235","235","235","","","","","",""
"54763","","","","","","","-68.75","-68.75","-68.75","198","198","198"
"54962","-68.75","-68.75","-68.75","236","236","236","","","","","",""
"55764","","","","","","","-47.761192","-47.761192","-47.761192","199","199","199"
"55963","-55.22388","-55.22388","-55.22388","237","237","237","","","","","",""
"56765","","","","","","","-63.69637","-63.69637","-63.69637","200","200","200"
"56964","-60.396038","-60.396038","-60.396038","238","238","238","","","","","",""
"57766","","","","","","","-49.82079","-49.82079","-49.82079","211","211","211"
"57965","-71.326164","-71.326164","-71.326164","254","254","254","","","","","",""
"58767","","","","","","","28.113878","28.113878","28.113878","212","212","212"
"58966","-57.295372","-57.295372","-57.295372","255","255","255","","","","","",""
"59768","","","","","","","-32.624115","-32.624115","-32.624115","213","213","213"
"59967","-43.262413","-43.262413","-43.262413","256","256","256","","","","","",""
"60769","","","","","","","-74.26471","-74.26471","-74.26471","214","214","214"
"60968","-70.588234","-70.588234","-70.588234","257","257","257","","","","","",""
"61770","","","","","","","-36.758892","-36.758892","-36.758892","225","225","225"
"61969","-72.332016","-72.332016","-72.332016","273","273","273","","","","","",""
"62771","","","","","","","-74.19355","-74.19355","-74.19355","226","226","226"
"62970","-45.16129","-45.16129","-45.16129","274","274","274","","","","","",""
"63772","","","","","","","-54.098362","-54.098362","-54.098362","227","227","227"
"63971","-27.868853","-27.868853","-27.868853","275","275","275","","","","","",""
"64773","","","","","","","-27.33564","-27.33564","-27.33564","228","228","228"
"64972","-41.17647","-41.17647","-41.17647","276","276","276","","","","","",""
"65774","","","","","","","-64.15771","-64.15771","-64.15771","239","239","239"
"65973","-56.989246","-56.989246","-56.989246","292","292","292","","","","","",""
"66775","","","","","","","-27.0073","-27.0073","-27.0073","240","240","240"
"66974","-67.15328","-67.15328","-67.15328","293","293","293","","","","","",""
"67776","","","","","","","-37.5","-37.5","-37.5","241","241","241"
"67975","-50.657894","-50.657894","-50.657894","294","294","294","","","","","",""
"68777","","","","","","","-49.82079","-49.82079","-49.82079","242","242","242"
"68976","-10.394265","-10.394265","-10.394265","295","295","295","","","","","",""
"69778","","","","","","","-30.59937","-30.59937","-30.59937","253","253","253"
"69977","-2.208202","-2.208202","-2.208202","311","311","311","","","","","",""
"70779","","","","","","","-79.86577","-79.86577","-79.86577","254","254","254"
"70978","-32.885906","-32.885906","-32.885906","312","312","312","","","","","",""
"71780","","","","","","","24.161074","24.161074","24.161074","255","255","255"
"71979","-63.08725","-63.08725","-63.08725","313","313","313","","","","","",""
"72781","","","","","","","-75.945015","-75.945015","-75.945015","256","256","256"
"72980","-58.762886","-58.762886","-58.762886","314","314","314","","","","","",""
"73782","","","","","","","-69.96997","-69.96997","-69.96997","267","267","267"
"73981","-63.963963","-63.963963","-63.963963","330","330","330","","","","","",""
"74783","","","","","","","4.7619047","4.7619047","4.7619047","268","268","268"
"74982","-77.77778","-77.77778","-77.77778","331","331","331","","","","","",""
"75784","","","","","","","-27.631578","-27.631578","-27.631578","269","269","269"
"75983","-67.10526","-67.10526","-67.10526","332","332","332","","","","","",""
"76785","","","","","","","-42.528736","-42.528736","-42.528736","270","270","270"
"76984","-61.685825","-61.685825","-61.685825","333","333","333","","","","","",""
"77786","","","","","","","-18.699186","-18.699186","-18.699186","271","271","271"
"77985","-59.349594","-59.349594","-59.349594","349","349","349","","","","","",""
"78787","","","","","","","3.3333333","3.3333333","3.3333333","282","282","282"
"78986","-63.333332","-63.333332","-63.333332","350","350","350","","","","","",""
"79788","","","","","","","25.461254","25.461254","25.461254","283","283","283"
"79987","-74.16974","-74.16974","-74.16974","351","351","351","","","","","",""
"80789","","","","","","","-33.774834","-33.774834","-33.774834","284","284","284"
"80988","-70.19868","-70.19868","-70.19868","352","352","352","","","","","",""
"81790","","","","","","","-26.573427","-26.573427","-26.573427","285","285","285"
"81989","-65.034966","-65.034966","-65.034966","368","368","368","","","","","",""
"82791","","","","","","","-48.80546","-48.80546","-48.80546","296","296","296"
"82990","-41.979523","-41.979523","-41.979523","369","369","369","","","","","",""
"83792","","","","","","","-18.518518","-18.518518","-18.518518","297","297","297"
"83991","-70.37037","-70.37037","-70.37037","370","370","370","","","","","",""
"84793","","","","","","","74.05064","74.05064","74.05064","298","298","298"
"84992","-68.35443","-68.35443","-68.35443","371","371","371","","","","","",""
"85794","","","","","","","-68.05112","-68.05112","-68.05112","299","299","299"
"85993","-26.517572","-26.517572","-26.517572","372","372","372","","","","","",""
"86795","","","","","","","-4.5801525","-4.5801525","-4.5801525","310","310","310"
"86994","18.32061","18.32061","18.32061","388","388","388","","","","","",""
"87796","","","","","","","-44.85294","-44.85294","-44.85294","311","311","311"
"87995","-19.117647","-19.117647","-19.117647","389","389","389","","","","","",""
"88797","","","","","","","-5.6603775","-5.6603775","-5.6603775","312","312","312"
"88996","6.918239","6.918239","6.918239","390","390","390","","","","","",""
"89791","-119.49934","-119.49934","-119.49934","391","391","391","","","","","",""
"89798","","","","","","","-60.13289","-60.13289","-60.13289","313","313","313"
"90792","-25","-25","-25","407","407","407","","","","","",""
"90799","","","","","","","35.714287","35.714287","35.714287","324","324","324"
"91793","-1.2345679","-1.2345679","-1.2345679","408","408","408","","","","","",""
"91800","","","","","","","-41.358025","-41.358025","-41.358025","325","325","325"
"92794","-80.891716","-80.891716","-80.891716","409","409","409","","","","","",""
"92801","","","","","","","-58.598724","-58.598724","-58.598724","326","326","326"
"93795","-47.36842","-47.36842","-47.36842","410","410","410","","","","","",""
"93802","","","","","","","-29.824562","-29.824562","-29.824562","327","327","327"
"94796","-30.379747","-30.379747","-30.379747","426","426","426","","","","","",""
"94803","","","","","","","-20.886076","-20.886076","-20.886076","338","338","338"
"95797","7.5268817","7.5268817","7.5268817","427","427","427","","","","","",""
"95804","","","","","","","-53.405018","-53.405018","-53.405018","339","339","339"
"96798","69.23077","69.23077","69.23077","428","428","428","","","","","",""
"96805","","","","","","","-11.538462","-11.538462","-11.538462","340","340","340"
"97799","-41.780823","-41.780823","-41.780823","429","429","429","","","","","",""
"97806","","","","","","","-62.328766","-62.328766","-62.328766","341","341","341"
"98800","0.37174723","0.37174723","0.37174723","445","445","445","","","","","",""
"98807","","","","","","","-33.085503","-33.085503","-33.085503","352","352","352"
"99801","-67.741936","-67.741936","-67.741936","446","446","446","","","","","",""
"99808","","","","","","","12.903226","12.903226","12.903226","353","353","353"
"100802","11.864407","11.864407","11.864407","447","447","447","","","","","",""
"100809","","","","","","","8.474576","8.474576","8.474576","354","354","354"
"101803","-44.07895","-44.07895","-44.07895","448","448","448","","","","","",""
"101810","","","","","","","-27.631578","-27.631578","-27.631578","355","355","355"
"102804","-40","-40","-40","464","464","464","","","","","",""
"102811","","","","","","","-26.666666","-26.666666","-26.666666","366","366","366"
"103576","-95.14947","-95.14947","-95.14947","465","465","465","","","","","",""
"103812","","","","","","","31.672598","31.672598","31.672598","367","367","367"
"104577","-68.42105","-68.42105","-68.42105","466","466","466","","","","","",""
"104725","","","","","","","-127.94211","-127.94211","-127.94211","368","368","368"
"105578","-25.081432","-25.081432","-25.081432","467","467","467","","","","","",""
"105672","","","","","","","-145.64006","-145.64006","-145.64006","369","369","369"
"106579","-41.37931","-41.37931","-41.37931","483","483","483","","","","","",""
"106673","","","","","","","-44.827587","-44.827587","-44.827587","380","380","380"
"107580","-54.225353","-54.225353","-54.225353","484","484","484","","","","","",""
"107674","","","","","","","111.26761","111.26761","111.26761","381","381","381"
"108581","-40.59406","-40.59406","-40.59406","485","485","485","","","","","",""
"108675","","","","","","","91.41914","91.41914","91.41914","382","382","382"
"109582","1.3513514","1.3513514","1.3513514","486","486","486","","","","","",""
"109676","","","","","","","-15.540541","-15.540541","-15.540541","383","383","383"
"110583","-56.52174","-56.52174","-56.52174","487","487","487","","","","","",""
"110677","","","","","","","7.0234113","7.0234113","7.0234113","394","394","394"
"111584","5.4545455","5.4545455","5.4545455","503","503","503","","","","","",""
"111678","","","","","","","103.63636","103.63636","103.63636","395","395","395"
"112585","-62.546818","-62.546818","-62.546818","504","504","504","","","","","",""
"112679","","","","","","","27.340824","27.340824","27.340824","396","396","396"
"113586","-56.363636","-56.363636","-56.363636","505","505","505","","","","","",""
"113680","","","","","","","45.454544","45.454544","45.454544","397","397","397"
"114313","-151.81035","-151.81035","-151.81035","506","506","506","","","","","",""
"114681","","","","","","","17.241379","17.241379","17.241379","398","398","398"
"115314","-70.588234","-70.588234","-70.588234","522","522","522","","","","","",""
"115682","","","","","","","14.379085","14.379085","14.379085","409","409","409"
"116315","-78.723404","-78.723404","-78.723404","523","523","523","","","","","",""
"116683","","","","","","","-14.893617","-14.893617","-14.893617","410","410","410"
"117316","-31.29771","-31.29771","-31.29771","524","524","524","","","","","",""
"117684","","","","","","","41.221375","41.221375","41.221375","411","411","411"
"118317","-68.35443","-68.35443","-68.35443","525","525","525","","","","","",""
"118685","","","","","","","-8.227848","-8.227848","-8.227848","412","412","412"
"119318","-78.64769","-78.64769","-78.64769","541","541","541","","","","","",""
"119686","","","","","","","120.64057","120.64057","120.64057","423","423","423"
"120319","-55.414013","-55.414013","-55.414013","542","542","542","","","","","",""
"120687","","","","","","","-42.67516","-42.67516","-42.67516","424","424","424"
"121320","-63.265305","-63.265305","-63.265305","543","543","543","","","","","",""
"121688","","","","","","","112.244896","112.244896","112.244896","425","425","425"
"122321","62.7907","62.7907","62.7907","544","544","544","","","","","",""
"122599","","","","","","","-132.76047","-132.76047","-132.76047","426","426","426"
"123322","-62.02532","-62.02532","-62.02532","560","560","560","","","","","",""
"123600","","","","","","","-27.215189","-27.215189","-27.215189","437","437","437"
"124323","-58.199356","-58.199356","-58.199356","561","561","561","","","","","",""
"124601","","","","","","","15.755627","15.755627","15.755627","438","438","438"
"125324","30.584192","30.584192","30.584192","562","562","562","","","","","",""
"125602","","","","","","","9.965635","9.965635","9.965635","439","439","439"
"126325","-51.672863","-51.672863","-51.672863","563","563","563","","","","","",""
"126603","","","","","","","123.048325","123.048325","123.048325","440","440","440"
"127326","-23.58804","-23.58804","-23.58804","579","579","579","","","","","",""
"127604","","","","","","","102.65781","102.65781","102.65781","451","451","451"
"128327","-62.711864","-62.711864","-62.711864","580","580","580","","","","","",""
"128605","","","","","","","55.932205","55.932205","55.932205","452","452","452"
"129328","12.244898","12.244898","12.244898","581","581","581","","","","","",""
"129606","","","","","","","2.0408163","2.0408163","2.0408163","453","453","453"
"130329","-56.656345","-56.656345","-56.656345","582","582","582","","","","","",""
"130607","","","","","","","314.8607","314.8607","314.8607","454","454","454"
"131330","-63.333332","-63.333332","-63.333332","598","598","598","","","","","",""
"131608","","","","","","","-23.333334","-23.333334","-23.333334","465","465","465"
"132331","-29.824562","-29.824562","-29.824562","599","599","599","","","","","",""
"132609","","","","","","","19.298246","19.298246","19.298246","466","466","466"
"133332","-27.586206","-27.586206","-27.586206","600","600","600","","","","","",""
"133610","","","","","","","120.68965","120.68965","120.68965","467","467","467"
"134333","-12.052117","-12.052117","-12.052117","601","601","601","","","","","",""
"134611","","","","","","","105.21172","105.21172","105.21172","468","468","468"
"135334","-31.37255","-31.37255","-31.37255","617","617","617","","","","","",""
"135612","","","","","","","-57.51634","-57.51634","-57.51634","479","479","479"
"136335","37.037037","37.037037","37.037037","618","618","618","","","","","",""
"136613","","","","","","","111.111115","111.111115","111.111115","480","480","480"
"137336","-0.66225165","-0.66225165","-0.66225165","619","619","619","","","","","",""
"137614","","","","","","","2.6490066","2.6490066","2.6490066","481","481","481"
"138234","-147.49474","-147.49474","-147.49474","620","620","620","","","","","",""
"138615","","","","","","","215.78947","215.78947","215.78947","482","482","482"
"139235","40.84507","40.84507","40.84507","621","621","621","","","","","",""
"139424","","","","","","","-127.883095","-127.883095","-127.883095","493","493","493"
"140236","-6.8100357","-6.8100357","-6.8100357","637","637","637","","","","","",""
"140425","","","","","","","68.45878","68.45878","68.45878","494","494","494"
"141237","15.987461","15.987461","15.987461","638","638","638","","","","","",""
"141426","","","","","","","53.605015","53.605015","53.605015","495","495","495"
"142238","32.258064","32.258064","32.258064","639","639","639","","","","","",""
"142427","","","","","","","209.67741","209.67741","209.67741","496","496","496"
"143239","-18.149466","-18.149466","-18.149466","640","640","640","","","","","",""
"143428","","","","","","","440.92526","440.92526","440.92526","507","507","507"
"144240","-55.32646","-55.32646","-55.32646","656","656","656","","","","","",""
"144429","","","","","","","16.838488","16.838488","16.838488","508","508","508"
"144843","-139.26666","-139.26666","-139.26666","657","657","657","","","","","",""
"145430","","","","","","","-9.722222","-9.722222","-9.722222","509","509","509"
"145844","-42.446045","-42.446045","-42.446045","658","658","658","","","","","",""
"145995","","","","","","","-120.32877","-120.32877","-120.32877","510","510","510"
"146845","-44.444443","-44.444443","-44.444443","659","659","659","","","","","",""
"146996","","","","","","","76.47059","76.47059","76.47059","511","511","511"
"147846","-42.372883","-42.372883","-42.372883","675","675","675","","","","","",""
"147997","","","","","","","177.9661","177.9661","177.9661","522","522","522"
"148847","-28.327644","-28.327644","-28.327644","676","676","676","","","","","",""
"148998","","","","","","","381.22867","381.22867","381.22867","523","523","523"
"149848","50.735294","50.735294","50.735294","677","677","677","","","","","",""
"149999","","","","","","","650","650","650","524","524","524"
"150849","-1.7857143","-1.7857143","-1.7857143","678","678","678","","","","","",""
"151000","","","","","","","161.90475","161.90475","161.90475","525","525","525"
"151850","37.2549","37.2549","37.2549","694","694","694","","","","","",""
"152001","","","","","","","194.11765","194.11765","194.11765","536","536","536"
"152851","-31.147541","-31.147541","-31.147541","695","695","695","","","","","",""
"153002","","","","","","","500","500","500","537","537","537"
"153852","-35.59322","-35.59322","-35.59322","696","696","696","","","","","",""
"154003","","","","","","","289.8305","289.8305","289.8305","538","538","538"
"154853","-62.199314","-62.199314","-62.199314","697","697","697","","","","","",""
"155004","","","","","","","284.87973","284.87973","284.87973","539","539","539"
"155854","-22.807018","-22.807018","-22.807018","713","713","713","","","","","",""
"156005","","","","","","","475.4386","475.4386","475.4386","550","550","550"
"156855","-57.03125","-57.03125","-57.03125","714","714","714","","","","","",""
"157006","","","","","","","739.84375","739.84375","739.84375","551","551","551"
"157856","-7.284768","-7.284768","-7.284768","715","715","715","","","","","",""
"158007","","","","","","","257.6159","257.6159","257.6159","552","552","552"
"158857","-56.656345","-56.656345","-56.656345","716","716","716","","","","","",""
"159008","","","","","","","534.6749","534.6749","534.6749","553","553","553"
"159858","-38.11075","-38.11075","-38.11075","732","732","732","","","","","",""
"160009","","","","","","","134.5277","134.5277","134.5277","564","564","564"
"160859","-12.121212","-12.121212","-12.121212","733","733","733","","","","","",""
"161010","","","","","","","272.72726","272.72726","272.72726","565","565","565"
"161860","8.527132","8.527132","8.527132","734","734","734","","","","","",""
"162011","","","","","","","632.55817","632.55817","632.55817","566","566","566"
"162861","-56.52174","-56.52174","-56.52174","735","735","735","","","","","",""
"163012","","","","","","","519.56525","519.56525","519.56525","567","567","567"
"163862","-61.53846","-61.53846","-61.53846","751","751","751","","","","","",""
"164013","","","","","","","243.19527","243.19527","243.19527","578","578","578"
"164863","12.35955","12.35955","12.35955","752","752","752","","","","","",""
"165014","","","","","","","188.38951","188.38951","188.38951","579","579","579"
"165864","-67.741936","-67.741936","-67.741936","753","753","753","","","","","",""
"166015","","","","","","","267.74194","267.74194","267.74194","580","580","580"
"166865","-49.019608","-49.019608","-49.019608","754","754","754","","","","","",""
"167016","","","","","","","750.9804","750.9804","750.9804","581","581","581"
"167866","-42.238266","-42.238266","-42.238266","755","755","755","","","","","",""
"168017","","","","","","","816.9675","816.9675","816.9675","592","592","592"
"168867","-70.479706","-70.479706","-70.479706","771","771","771","","","","","",""
"169018","","","","","","","852.02954","852.02954","852.02954","593","593","593"
"169868","-56.953644","-56.953644","-56.953644","772","772","772","","","","","",""
"170019","","","","","","","317.21854","317.21854","317.21854","594","594","594"
"170869","-14.705882","-14.705882","-14.705882","773","773","773","","","","","",""
"171020","","","","","","","273.52942","273.52942","273.52942","595","595","595"
"171870","-44.62541","-44.62541","-44.62541","774","774","774","","","","","",""
"172021","","","","","","","668.7296","668.7296","668.7296","596","596","596"
"172871","-9.090909","-9.090909","-9.090909","790","790","790","","","","","",""
"173022","","","","","","","686.71326","686.71326","686.71326","607","607","607"
"173872","-64.91228","-64.91228","-64.91228","791","791","791","","","","","",""
"174023","","","","","","","696.4912","696.4912","696.4912","608","608","608"
"174873","-59.83936","-59.83936","-59.83936","792","792","792","","","","","",""
"175024","","","","","","","426.10443","426.10443","426.10443","609","609","609"
"175874","-20","-20","-20","793","793","793","","","","","",""
"176025","","","","","","","560","560","560","610","610","610"
"176875","-83.870964","-83.870964","-83.870964","809","809","809","","","","","",""
"177026","","","","","","","751.6129","751.6129","751.6129","621","621","621"
"177454","","","","","","","43.967163","43.967163","43.967163","622","622","622"
"177876","-73.8806","-73.8806","-73.8806","810","810","810","","","","","",""
"178455","","","","","","","711.3879","711.3879","711.3879","623","623","623"
"178877","20.99644","20.99644","20.99644","811","811","811","","","","","",""
"179456","","","","","","","689.0909","689.0909","689.0909","624","624","624"
"179878","60","60","60","812","812","812","","","","","",""
"180457","","","","","","","664.7059","664.7059","664.7059","635","635","635"
"180879","-20.415224","-20.415224","-20.415224","828","828","828","","","","","",""
"181458","","","","","","","625.2747","625.2747","625.2747","636","636","636"
"181880","-19.41392","-19.41392","-19.41392","829","829","829","","","","","",""
"182459","","","","","","","22.977346","22.977346","22.977346","637","637","637"
"182881","26.213593","26.213593","26.213593","830","830","830","","","","","",""
"183460","","","","","","","642.3313","642.3313","642.3313","638","638","638"
"183882","-23.312883","-23.312883","-23.312883","831","831","831","","","","","",""
"184461","","","","","","","353.07443","353.07443","353.07443","649","649","649"
"184883","-51.45631","-51.45631","-51.45631","847","847","847","","","","","",""
"185462","","","","","","","338.247","338.247","338.247","650","650","650"
"185884","-20.318726","-20.318726","-20.318726","848","848","848","","","","","",""
"186463","","","","","","","453.4591","453.4591","453.4591","651","651","651"
"186885","-15.094339","-15.094339","-15.094339","849","849","849","","","","","",""
"187464","","","","","","","486.2069","486.2069","486.2069","652","652","652"
"187886","-9.090909","-9.090909","-9.090909","850","850","850","","","","","",""
"188465","","","","","","","742.65735","742.65735","742.65735","663","663","663"
"188887","18.881119","18.881119","18.881119","866","866","866","","","","","",""
"189466","","","","","","","441.51624","441.51624","441.51624","664","664","664"
"189888","-74.72924","-74.72924","-74.72924","867","867","867","","","","","",""
"190467","","","","","","","291.00345","291.00345","291.00345","665","665","665"
"190889","-68.85813","-68.85813","-68.85813","868","868","868","","","","","",""
"191468","","","","","","","58.102768","58.102768","58.102768","666","666","666"
"191890","-9.090909","-9.090909","-9.090909","869","869","869","","","","","",""
"192469","","","","","","","563.12054","563.12054","563.12054","667","667","667"
"192891","38.29787","38.29787","38.29787","885","885","885","","","","","",""
"193470","","","","","","","724.91583","724.91583","724.91583","678","678","678"
"193892","-39.39394","-39.39394","-39.39394","886","886","886","","","","","",""
"194471","","","","","","","512.37787","512.37787","512.37787","679","679","679"
"194893","-80.456024","-80.456024","-80.456024","887","887","887","","","","","",""
"195472","","","","","","","652.4752","652.4752","652.4752","680","680","680"
"195894","-7.5907593","-7.5907593","-7.5907593","888","888","888","","","","","",""
"196473","","","","","","","682.0069","682.0069","682.0069","681","681","681"
"196895","10.726644","10.726644","10.726644","904","904","904","","","","","",""
"197474","","","","","","","103.44827","103.44827","103.44827","692","692","692"
"197896","-79.31035","-79.31035","-79.31035","905","905","905","","","","","",""
"198475","","","","","","","788.8889","788.8889","788.8889","693","693","693"
"198897","-66.32996","-66.32996","-66.32996","906","906","906","","","","","",""
"199476","","","","","","","604.3189","604.3189","604.3189","694","694","694"
"199898","-73.42193","-73.42193","-73.42193","907","907","907","","","","","",""
"200477","","","","","","","581.4815","581.4815","581.4815","695","695","695"
"200899","3.7037036","3.7037036","3.7037036","923","923","923","","","","","",""
"201478","","","","","","","826.07007","826.07007","826.07007","706","706","706"
"201900","16.731518","16.731518","16.731518","924","924","924","","","","","",""
"202479","","","","","","","228.99023","228.99023","228.99023","707","707","707"
"202901","-80.456024","-80.456024","-80.456024","925","925","925","","","","","",""
"203480","","","","","","","347.91666","347.91666","347.91666","708","708","708"
"203902","-72.22222","-72.22222","-72.22222","926","926","926","","","","","",""
"204481","","","","","","","756.20917","756.20917","756.20917","709","709","709"
"204903","-15.03268","-15.03268","-15.03268","942","942","942","","","","","",""
"205482","","","","","","","662.987","662.987","662.987","720","720","720"
"205904","-64.28571","-64.28571","-64.28571","943","943","943","","","","","",""
"206483","","","","","","","524.60565","524.60565","524.60565","721","721","721"
"206905","-40.06309","-40.06309","-40.06309","944","944","944","","","","","",""
"207484","","","","","","","860.85406","860.85406","860.85406","722","722","722"
"207906","-7.4733095","-7.4733095","-7.4733095","945","945","945","","","","","",""
"208485","","","","","","","327.18448","327.18448","327.18448","723","723","723"
"208907","-28.80259","-28.80259","-28.80259","961","961","961","","","","","",""
"209486","","","","","","","597.9866","597.9866","597.9866","734","734","734"
"209908","-79.86577","-79.86577","-79.86577","962","962","962","","","","","",""
"210487","","","","","","","451.6129","451.6129","451.6129","735","735","735"
"210909","61.29032","61.29032","61.29032","963","963","963","","","","","",""
"211488","","","","","","","283.90094","283.90094","283.90094","736","736","736"
"211910","-4.024768","-4.024768","-4.024768","964","964","964","","","","","",""
"212489","","","","","","","685.21124","685.21124","685.21124","737","737","737"
"212911","9.154929","9.154929","9.154929","965","965","965","","","","","",""
"213490","","","","","","","878.022","878.022","878.022","748","748","748"
"213912","13.553114","13.553114","13.553114","981","981","981","","","","","",""
"214491","","","","","","","190.42905","190.42905","190.42905","749","749","749"
"214913","-80.19802","-80.19802","-80.19802","982","982","982","","","","","",""
"215492","","","","","","","401.52905","401.52905","401.52905","750","750","750"
"215914","-17.431192","-17.431192","-17.431192","983","983","983","","","","","",""
"216493","","","","","","","536.9863","536.9863","536.9863","751","751","751"
"216915","-34.931507","-34.931507","-34.931507","984","984","984","","","","","",""
"217494","","","","","","","377.98743","377.98743","377.98743","762","762","762"
"217916","-30.81761","-30.81761","-30.81761","1000","1000","1000","","","","","",""
"218495","","","","","","","626.6187","626.6187","626.6187","763","763","763"
"218917","-78.41727","-78.41727","-78.41727","1001","1001","1001","","","","","",""
"219496","","","","","","","609.0301","609.0301","609.0301","764","764","764"
"219918","-73.24415","-73.24415","-73.24415","1002","1002","1002","","","","","",""
"220497","","","","","","","278.64078","278.64078","278.64078","765","765","765"
"220919","-41.747574","-41.747574","-41.747574","1003","1003","1003","","","","","",""
"221498","","","","","","","812.33765","812.33765","812.33765","776","776","776"
"221920","-12.337663","-12.337663","-12.337663","1019","1019","1019","","","","","",""
"222101","","","","","","","-8.487097","-8.487097","-8.487097","777","777","777"
"222921","16.129032","16.129032","16.129032","1020","1020","1020","","","","","",""
"223102","","","","","","","418.0723","418.0723","418.0723","778","778","778"
"223922","-15.662651","-15.662651","-15.662651","1021","1021","1021","","","","","",""
"224103","","","","","","","598.9619","598.9619","598.9619","779","779","779"
"224923","-30.795847","-30.795847","-30.795847","1022","1022","1022","","","","","",""
"225104","","","","","","","814.8936","814.8936","814.8936","780","780","780"
"225924","-14.893617","-14.893617","-14.893617","1038","1038","1038","","","","","",""
"226105","","","","","","","768.1672","768.1672","768.1672","791","791","791"
"226925","-51.76849","-51.76849","-51.76849","1039","1039","1039","","","","","",""
"227106","","","","","","","483.0619","483.0619","483.0619","792","792","792"
"227926","-67.42671","-67.42671","-67.42671","1040","1040","1040","","","","","",""
"228107","","","","","","","374.68353","374.68353","374.68353","793","793","793"
"228927","-55.6962","-55.6962","-55.6962","1041","1041","1041","","","","","",""
"229108","","","","","","","209.14827","209.14827","209.14827","794","794","794"
"229928","-46.37224","-46.37224","-46.37224","1057","1057","1057","","","","","",""
"230109","","","","","","","325.60553","325.60553","325.60553","805","805","805"
"230929","-55.0173","-55.0173","-55.0173","1058","1058","1058","","","","","",""
"231110","","","","","","","872.88135","872.88135","872.88135","806","806","806"
"231930","55.932205","55.932205","55.932205","1059","1059","1059","","","","","",""
"232111","","","","","","","863.0872","863.0872","863.0872","807","807","807"
"232931","101.342285","101.342285","101.342285","1060","1060","1060","","","","","",""
"233112","","","","","","","795.4704","795.4704","795.4704","808","808","808"
"233932","-5.923345","-5.923345","-5.923345","1076","1076","1076","","","","","",""
"234113","","","","","","","862.96295","862.96295","862.96295","819","819","819"
"234933","-25.925926","-25.925926","-25.925926","1077","1077","1077","","","","","",""
"235114","","","","","","","37.38019","37.38019","37.38019","820","820","820"
"235934","85.30351","85.30351","85.30351","1078","1078","1078","","","","","",""
"236115","","","","","","","259.87262","259.87262","259.87262","821","821","821"
"236935","-36.305733","-36.305733","-36.305733","1079","1079","1079","","","","","",""
"237116","","","","","","","562.6866","562.6866","562.6866","822","822","822"
"237867","-130.31343","-130.31343","-130.31343","1095","1095","1095","","","","","",""
"238117","","","","","","","314.33023","314.33023","314.33023","833","833","833"
"238868","-50.15576","-50.15576","-50.15576","1096","1096","1096","","","","","",""
"239118","","","","","","","305.3156","305.3156","305.3156","834","834","834"
"239869","46.1794","46.1794","46.1794","1097","1097","1097","","","","","",""
"240119","","","","","","","823.37164","823.37164","823.37164","835","835","835"
"240870","-50.19157","-50.19157","-50.19157","1098","1098","1098","","","","","",""
"241120","","","","","","","277.48343","277.48343","277.48343","836","836","836"
"241871","58.9404","58.9404","58.9404","1114","1114","1114","","","","","",""
"242121","","","","","","","251.85185","251.85185","251.85185","847","847","847"
"242872","-7.858991e-13","-7.858991e-13","-7.858991e-13","1115","1115","1115","","","","","",""
"243122","","","","","","","398.32776","398.32776","398.32776","848","848","848"
"243873","80.602005","80.602005","80.602005","1116","1116","1116","","","","","",""
"244123","","","","","","","450","450","450","849","849","849"
"244874","38.46154","38.46154","38.46154","1117","1117","1117","","","","","",""
"245124","","","","","","","610.5263","610.5263","610.5263","850","850","850"
"245875","-24.81203","-24.81203","-24.81203","1133","1133","1133","","","","","",""
"246125","","","","","","","809.7744","809.7744","809.7744","861","861","861"
"246876","-28.571428","-28.571428","-28.571428","1134","1134","1134","","","","","",""
"247126","","","","","","","863.8554","863.8554","863.8554","862","862","862"
"247877","40.56225","40.56225","40.56225","1135","1135","1135","","","","","",""
"248127","","","","","","","430.12048","430.12048","430.12048","863","863","863"
"248878","-3.6144578","-3.6144578","-3.6144578","1136","1136","1136","","","","","",""
"249128","","","","","","","691.8089","691.8089","691.8089","864","864","864"
"249879","-21.501707","-21.501707","-21.501707","1152","1152","1152","","","","","",""
"250129","","","","","","","505.5777","505.5777","505.5777","875","875","875"
"250880","206.7729","206.7729","206.7729","1153","1153","1153","","","","","",""
"251130","","","","","","","857.3771","857.3771","857.3771","876","876","876"
"251881","-70.491806","-70.491806","-70.491806","1154","1154","1154","","","","","",""
"252131","","","","","","","337.29904","337.29904","337.29904","877","877","877"
"252790","","","","","","","2.6501684","2.6501684","2.6501684","878","878","878"
"252882","-9.967846","-9.967846","-9.967846","1155","1155","1155","","","","","",""
"253791","","","","","","","35.048233","35.048233","35.048233","879","879","879"
"253883","-52.861954","-52.861954","-52.861954","1156","1156","1156","","","","","",""
"254792","","","","","","","665.06024","665.06024","665.06024","890","890","890"
"254884","-26.045015","-26.045015","-26.045015","1172","1172","1172","","","","","",""
"255793","","","","","","","169.62457","169.62457","169.62457","891","891","891"
"255885","-63.855423","-63.855423","-63.855423","1173","1173","1173","","","","","",""
"256794","","","","","","","315.84158","315.84158","315.84158","892","892","892"
"256886","-21.501707","-21.501707","-21.501707","1174","1174","1174","","","","","",""
"257795","","","","","","","886.3014","886.3014","886.3014","893","893","893"
"257887","61.71617","61.71617","61.71617","1175","1175","1175","","","","","",""
"258753","-128.18082","-128.18082","-128.18082","1191","1191","1191","","","","","",""
"258796","","","","","","","112.025314","112.025314","112.025314","904","904","904"
"259754","-30.379747","-30.379747","-30.379747","1192","1192","1192","","","","","",""
"259797","","","","","","","440.3509","440.3509","440.3509","905","905","905"
"260755","61.403507","61.403507","61.403507","1193","1193","1193","","","","","",""
"260798","","","","","","","529.7578","529.7578","529.7578","906","906","906"
"261756","21.107267","21.107267","21.107267","1194","1194","1194","","","","","",""
"261799","","","","","","","780.9524","780.9524","780.9524","907","907","907"
"262757","-45.57823","-45.57823","-45.57823","1210","1210","1210","","","","","",""
"262800","","","","","","","570.06805","570.06805","570.06805","918","918","918"
"263756","-46.638775","-46.638775","-46.638775","1211","1211","1211","","","","","",""
"263801","","","","","","","167.32674","167.32674","167.32674","919","919","919"
"264757","-66.9967","-66.9967","-66.9967","1212","1212","1212","","","","","",""
"264802","","","","","","","419.29825","419.29825","419.29825","920","920","920"
"265758","-64.91228","-64.91228","-64.91228","1213","1213","1213","","","","","",""
"265803","","","","","","","280.9524","280.9524","280.9524","921","921","921"
"266759","74.60317","74.60317","74.60317","1229","1229","1229","","","","","",""
"266804","","","","","","","240.20619","240.20619","240.20619","932","932","932"
"267760","3.0927835","3.0927835","3.0927835","1230","1230","1230","","","","","",""
"267805","","","","","","","824.59015","824.59015","824.59015","933","933","933"
"268761","63.934425","63.934425","63.934425","1231","1231","1231","","","","","",""
"268806","","","","","","","576.4706","576.4706","576.4706","934","934","934"
"269762","-70.588234","-70.588234","-70.588234","1232","1232","1232","","","","","",""
"269807","","","","","","","82.130585","82.130585","82.130585","935","935","935"
"270763","61.512028","61.512028","61.512028","1248","1248","1248","","","","","",""
"270808","","","","","","","189.08554","189.08554","189.08554","946","946","946"
"271764","-11.504425","-11.504425","-11.504425","1249","1249","1249","","","","","",""
"271809","","","","","","","881.75183","881.75183","881.75183","947","947","947"
"272765","-27.0073","-27.0073","-27.0073","1250","1250","1250","","","","","",""
"272810","","","","","","","391.5825","391.5825","391.5825","948","948","948"
"273766","61.61616","61.61616","61.61616","1251","1251","1251","","","","","",""
"273811","","","","","","","353.94736","353.94736","353.94736","949","949","949"
"274738","","","","","","","907.4","907.4","907.4","960","960","960"
"274767","-70.39474","-70.39474","-70.39474","1267","1267","1267","","","","","",""
"275739","","","","","","","742.46576","742.46576","742.46576","961","961","961"
"275768","-47.36842","-47.36842","-47.36842","1268","1268","1268","","","","","",""
"276740","","","","","","","311.7647","311.7647","311.7647","962","962","962"
"276769","16.438356","16.438356","16.438356","1269","1269","1269","","","","","",""
"277741","","","","","","","406.80273","406.80273","406.80273","963","963","963"
"277770","62.629757","62.629757","62.629757","1270","1270","1270","","","","","",""
"278742","","","","","","","412.73886","412.73886","412.73886","974","974","974"
"278771","-8.163265","-8.163265","-8.163265","1286","1286","1286","","","","","",""
"279743","","","","","","","880.8307","880.8307","880.8307","975","975","975"
"279772","-36.305733","-36.305733","-36.305733","1287","1287","1287","","","","","",""
"280744","","","","","","","651.497","651.497","651.497","976","976","976"
"280773","-0.9584665","-0.9584665","-0.9584665","1288","1288","1288","","","","","",""
"281745","","","","","","","435.11707","435.11707","435.11707","977","977","977"
"281774","-16.167665","-16.167665","-16.167665","1289","1289","1289","","","","","",""
"282746","","","","","","","852","852","852","988","988","988"
"282775","-59.866222","-59.866222","-59.866222","1305","1305","1305","","","","","",""
"283747","","","","","","","863.36993","863.36993","863.36993","989","989","989"
"283776","20","20","20","1306","1306","1306","","","","","",""
"284748","","","","","","","414.7541","414.7541","414.7541","990","990","990"
"284777","-8.424909","-8.424909","-8.424909","1307","1307","1307","","","","","",""
"285119","","","","","","","36.752693","36.752693","36.752693","991","991","991"
"285413","-68.31803","-68.31803","-68.31803","1308","1308","1308","","","","","",""
"286120","","","","","","","682.77155","682.77155","682.77155","992","992","992"
"286414","-19.161676","-19.161676","-19.161676","1309","1309","1309","","","","","",""
"287121","","","","","","","368.1648","368.1648","368.1648","1003","1003","1003"
"287415","49.812733","49.812733","49.812733","1325","1325","1325","","","","","",""
"288122","","","","","","","465.06848","465.06848","465.06848","1004","1004","1004"
"288416","-17.602997","-17.602997","-17.602997","1326","1326","1326","","","","","",""
"289123","","","","","","","385.8934","385.8934","385.8934","1005","1005","1005"
"289417","-7.5342464","-7.5342464","-7.5342464","1327","1327","1327","","","","","",""
"290124","","","","","","","836.24164","836.24164","836.24164","1006","1006","1006"
"290418","50.47022","50.47022","50.47022","1328","1328","1328","","","","","",""
"291125","","","","","","","784.61536","784.61536","784.61536","1017","1017","1017"
"291419","17.449665","17.449665","17.449665","1344","1344","1344","","","","","",""
"291918","","","","","","","467.24146","467.24146","467.24146","1018","1018","1018"
"292420","65.38461","65.38461","65.38461","1345","1345","1345","","","","","",""
"292919","","","","","","","355.88235","355.88235","355.88235","1019","1019","1019"
"293421","-57.317074","-57.317074","-57.317074","1346","1346","1346","","","","","",""
"293920","","","","","","","368.35443","368.35443","368.35443","1020","1020","1020"
"294422","17.647058","17.647058","17.647058","1347","1347","1347","","","","","",""
"294921","","","","","","","584.0278","584.0278","584.0278","1031","1031","1031"
"295423","-74.68355","-74.68355","-74.68355","1363","1363","1363","","","","","",""
"295922","","","","","","","637.20135","637.20135","637.20135","1032","1032","1032"
"296424","7.638889","7.638889","7.638889","1364","1364","1364","","","","","",""
"296923","","","","","","","606.0932","606.0932","606.0932","1033","1033","1033"
"297327","","","","","","","8.075862","8.075862","8.075862","1034","1034","1034"
"297425","-31.740614","-31.740614","-31.740614","1365","1365","1365","","","","","",""
"298328","","","","","","","699.3921","699.3921","699.3921","1035","1035","1035"
"298426","175.98566","175.98566","175.98566","1366","1366","1366","","","","","",""
"299329","","","","","","","785.5219","785.5219","785.5219","1046","1046","1046"
"299427","96.55173","96.55173","96.55173","1382","1382","1382","","","","","",""
"300330","","","","","","","239.74359","239.74359","239.74359","1047","1047","1047"
"300428","-17.93313","-17.93313","-17.93313","1383","1383","1383","","","","","",""
"301331","","","","","","","853.17725","853.17725","853.17725","1048","1048","1048"
"301429","54.882156","54.882156","54.882156","1384","1384","1384","","","","","",""
"302332","","","","","","","250.93167","250.93167","250.93167","1049","1049","1049"
"302430","63.46154","63.46154","63.46154","1385","1385","1385","","","","","",""
"303333","","","","","","","279.43262","279.43262","279.43262","1060","1060","1060"
"303431","33.779263","33.779263","33.779263","1401","1401","1401","","","","","",""
"304334","","","","","","","760.6811","760.6811","760.6811","1061","1061","1061"
"304432","-50.31056","-50.31056","-50.31056","1402","1402","1402","","","","","",""
"305335","","","","","","","331.7343","331.7343","331.7343","1062","1062","1062"
"305433","-14.893617","-14.893617","-14.893617","1403","1403","1403","","","","","",""
"306303","-155.84024","-155.84024","-155.84024","1404","1404","1404","","","","","",""
"306334","","","","","","","-25.281395","-25.281395","-25.281395","1063","1063","1063"
"307304","-22.509226","-22.509226","-22.509226","1420","1420","1420","","","","","",""
"307335","","","","","","","585.39325","585.39325","585.39325","1074","1074","1074"
"308305","39.534885","39.534885","39.534885","1421","1421","1421","","","","","",""
"308336","","","","","","","468.56186","468.56186","468.56186","1075","1075","1075"
"309306","139.70038","139.70038","139.70038","1422","1422","1422","","","","","",""
"309337","","","","","","","665.8863","665.8863","665.8863","1076","1076","1076"
"310307","-16.38796","-16.38796","-16.38796","1423","1423","1423","","","","","",""
"310338","","","","","","","451.85184","451.85184","451.85184","1077","1077","1077"
"311308","-9.698997","-9.698997","-9.698997","1439","1439","1439","","","","","",""
"311339","","","","","","","655.55554","655.55554","655.55554","1088","1088","1088"
"312309","11.111111","11.111111","11.111111","1440","1440","1440","","","","","",""
"312340","","","","","","","767.9245","767.9245","767.9245","1089","1089","1089"
"313056","-96.72222","-96.72222","-96.72222","1441","1441","1441","","","","","",""
"313311","-49.8283","-49.8283","-49.8283","1442","1442","1442","","","","","",""
"313341","","","","","","","216.10942","216.10942","216.10942","1090","1090","1090"
"314312","-17.93313","-17.93313","-17.93313","1443","1443","1443","","","","","",""
"314342","","","","","","","463.21838","463.21838","463.21838","1091","1091","1091"
"315313","14.942529","14.942529","14.942529","1444","1444","1444","","","","","",""
"315343","","","","","","","321.22186","321.22186","321.22186","1092","1092","1092"
"316314","-67.84566","-67.84566","-67.84566","1460","1460","1460","","","","","",""
"316344","","","","","","","422.22223","422.22223","422.22223","1103","1103","1103"
"317315","129.62962","129.62962","129.62962","1461","1461","1461","","","","","",""
"317345","","","","","","","767.64703","767.64703","767.64703","1104","1104","1104"
"318316","-52.205883","-52.205883","-52.205883","1462","1462","1462","","","","","",""
"318346","","","","","","","784.2105","784.2105","784.2105","1105","1105","1105"
"319317","-5.263158","-5.263158","-5.263158","1463","1463","1463","","","","","",""
"319347","","","","","","","181.96721","181.96721","181.96721","1106","1106","1106"
"320318","1.6393442","1.6393442","1.6393442","1479","1479","1479","","","","","",""
"320348","","","","","","","298.7342","298.7342","298.7342","1117","1117","1117"
"321319","-39.873417","-39.873417","-39.873417","1480","1480","1480","","","","","",""
"321349","","","","","","","801.3158","801.3158","801.3158","1118","1118","1118"
"322320","21.710526","21.710526","21.710526","1481","1481","1481","","","","","",""
"322350","","","","","","","722.0065","722.0065","722.0065","1119","1119","1119"
"323321","10.032362","10.032362","10.032362","1482","1482","1482","","","","","",""
"323351","","","","","","","880.64514","880.64514","880.64514","1120","1120","1120"
"324322","-35.48387","-35.48387","-35.48387","1498","1498","1498","","","","","",""
"324352","","","","","","","340.43323","340.43323","340.43323","1131","1131","1131"
"325323","-16.967508","-16.967508","-16.967508","1499","1499","1499","","","","","",""
"325353","","","","","","","335.54007","335.54007","335.54007","1132","1132","1132"
"326324","-44.25087","-44.25087","-44.25087","1500","1500","1500","","","","","",""
"326354","","","","","","","210.67961","210.67961","210.67961","1133","1133","1133"
"327325","19.7411","19.7411","19.7411","1501","1501","1501","","","","","",""
"327355","","","","","","","817.8571","817.8571","817.8571","1134","1134","1134"
"328326","-21.428572","-21.428572","-21.428572","1517","1517","1517","","","","","",""
"328356","","","","","","","212.31232","212.31232","212.31232","1145","1145","1145"
"329327","-27.927927","-27.927927","-27.927927","1518","1518","1518","","","","","",""
"329357","","","","","","","576.8061","576.8061","576.8061","1146","1146","1146"
"330328","40.68441","40.68441","40.68441","1519","1519","1519","","","","","",""
"330358","","","","","","","855.414","855.414","855.414","1147","1147","1147"
"331329","30.573248","30.573248","30.573248","1520","1520","1520","","","","","",""
"331359","","","","","","","265.44852","265.44852","265.44852","1148","1148","1148"
"332330","-0.33222592","-0.33222592","-0.33222592","1536","1536","1536","","","","","",""
"332360","","","","","","","637.22626","637.22626","637.22626","1159","1159","1159"
"333331","20.437956","20.437956","20.437956","1537","1537","1537","","","","","",""
"333361","","","","","","","311.1498","311.1498","311.1498","1160","1160","1160"
"334332","-19.860628","-19.860628","-19.860628","1538","1538","1538","","","","","",""
"334362","","","","","","","467.85715","467.85715","467.85715","1161","1161","1161"
"335333","-28.571428","-28.571428","-28.571428","1539","1539","1539","","","","","",""
"335363","","","","","","","501.3072","501.3072","501.3072","1162","1162","1162"
"336334","-11.764706","-11.764706","-11.764706","1555","1555","1555","","","","","",""
"336364","","","","","","","622.0339","622.0339","622.0339","1173","1173","1173"
"337335","-72.881355","-72.881355","-72.881355","1556","1556","1556","","","","","",""
"337365","","","","","","","461.5942","461.5942","461.5942","1174","1174","1174"
"338336","-34.782608","-34.782608","-34.782608","1557","1557","1557","","","","","",""
"338366","","","","","","","564.311","564.311","564.311","1175","1175","1175"
"339337","-15.194346","-15.194346","-15.194346","1558","1558","1558","","","","","",""
"339367","","","","","","","428.61954","428.61954","428.61954","1176","1176","1176"
"340338","-36.026936","-36.026936","-36.026936","1574","1574","1574","","","","","",""
"340368","","","","","","","173.9274","173.9274","173.9274","1187","1187","1187"
"341339","-33.9934","-33.9934","-33.9934","1575","1575","1575","","","","","",""
"341369","","","","","","","379.72974","379.72974","379.72974","1188","1188","1188"
"342340","65.54054","65.54054","65.54054","1576","1576","1576","","","","","",""
"342370","","","","","","","301.36053","301.36053","301.36053","1189","1189","1189"
"343341","-38.77551","-38.77551","-38.77551","1577","1577","1577","","","","","",""
"343371","","","","","","","795.27026","795.27026","795.27026","1190","1190","1190"
"344342","-35.81081","-35.81081","-35.81081","1593","1593","1593","","","","","",""
"344372","","","","","","","676.59576","676.59576","676.59576","1201","1201","1201"
"345343","-46.80851","-46.80851","-46.80851","1594","1594","1594","","","","","",""
"345373","","","","","","","331.37256","331.37256","331.37256","1202","1202","1202"
"346344","53.594772","53.594772","53.594772","1595","1595","1595","","","","","",""
"346374","","","","","","","286.43066","286.43066","286.43066","1203","1203","1203"
"347345","-32.153393","-32.153393","-32.153393","1596","1596","1596","","","","","",""
"347375","","","","","","","368.53146","368.53146","368.53146","1204","1204","1204"
"348346","-54.545456","-54.545456","-54.545456","1612","1612","1612","","","","","",""
"348376","","","","","","","110.21021","110.21021","110.21021","1215","1215","1215"
"349347","-18.918919","-18.918919","-18.918919","1613","1613","1613","","","","","",""
"349377","","","","","","","327.56183","327.56183","327.56183","1216","1216","1216"
"350348","-15.194346","-15.194346","-15.194346","1614","1614","1614","","","","","",""
"350378","","","","","","","487.59125","487.59125","487.59125","1217","1217","1217"
"351349","35.036495","35.036495","35.036495","1615","1615","1615","","","","","",""
"351379","","","","","","","829.7521","829.7521","829.7521","1218","1218","1218"
"352350","168.59505","168.59505","168.59505","1631","1631","1631","","","","","",""
"352380","","","","","","","738.92615","738.92615","738.92615","1229","1229","1229"
"352980","","","","","","","-21.009964","-21.009964","-21.009964","1230","1230","1230"
"353351","-39.597317","-39.597317","-39.597317","1632","1632","1632","","","","","",""
"353981","","","","","","","350","350","350","1231","1231","1231"
"354352","-18.149466","-18.149466","-18.149466","1633","1633","1633","","","","","",""
"354770","","","","","","","248.83623","248.83623","248.83623","1232","1232","1232"
"355353","-17.857143","-17.857143","-17.857143","1634","1634","1634","","","","","",""
"355771","","","","","","","510.29413","510.29413","510.29413","1233","1233","1233"
"356354","8.695652","8.695652","8.695652","1650","1650","1650","","","","","",""
"356772","","","","","","","332.34323","332.34323","332.34323","1244","1244","1244"
"357355","-48.52941","-48.52941","-48.52941","1651","1651","1651","","","","","",""
"357773","","","","","","","467.1141","467.1141","467.1141","1245","1245","1245"
"358356","-40.59406","-40.59406","-40.59406","1652","1652","1652","","","","","",""
"358774","","","","","","","625.08594","625.08594","625.08594","1246","1246","1246"
"359357","-26.174496","-26.174496","-26.174496","1653","1653","1653","","","","","",""
"359775","","","","","","","389.3048","389.3048","389.3048","1247","1247","1247"
"360351","-144.21718","-144.21718","-144.21718","1654","1654","1654","","","","","",""
"360776","","","","","","","830.06995","830.06995","830.06995","1258","1258","1258"
"361352","-33.15508","-33.15508","-33.15508","1670","1670","1670","","","","","",""
"361777","","","","","","","268.61313","268.61313","268.61313","1259","1259","1259"
"362353","4.895105","4.895105","4.895105","1671","1671","1671","","","","","",""
"362778","","","","","","","561.01697","561.01697","561.01697","1260","1260","1260"
"363354","-45.255474","-45.255474","-45.255474","1672","1672","1672","","","","","",""
"363779","","","","","","","430.67484","430.67484","430.67484","1261","1261","1261"
"364355","-62.711864","-62.711864","-62.711864","1673","1673","1673","","","","","",""
"364780","","","","","","","622.39746","622.39746","622.39746","1272","1272","1272"
"365356","16.564417","16.564417","16.564417","1689","1689","1689","","","","","",""
"365781","","","","","","","278.57144","278.57144","278.57144","1273","1273","1273"
"366357","-24.29022","-24.29022","-24.29022","1690","1690","1690","","","","","",""
"366782","","","","","","","614.2857","614.2857","614.2857","1274","1274","1274"
"367358","10.714286","10.714286","10.714286","1691","1691","1691","","","","","",""
"367783","","","","","","","755.07245","755.07245","755.07245","1275","1275","1275"
"368359","1.5037594","1.5037594","1.5037594","1692","1692","1692","","","","","",""
"368784","","","","","","","409.1575","409.1575","409.1575","1286","1286","1286"
"369360","-31.15942","-31.15942","-31.15942","1708","1708","1708","","","","","",""
"369785","","","","","","","307.4074","307.4074","307.4074","1287","1287","1287"
"370361","-8.424909","-8.424909","-8.424909","1709","1709","1709","","","","","",""
"370786","","","","","","","494.85532","494.85532","494.85532","1288","1288","1288"
"371362","-25.925926","-25.925926","-25.925926","1710","1710","1710","","","","","",""
"371787","","","","","","","447.79413","447.79413","447.79413","1289","1289","1289"
"372363","-61.41479","-61.41479","-61.41479","1711","1711","1711","","","","","",""
"372788","","","","","","","228.85905","228.85905","228.85905","1300","1300","1300"
"373364","50.735294","50.735294","50.735294","1727","1727","1727","","","","","",""
"373789","","","","","","","401.5773","401.5773","401.5773","1301","1301","1301"
"374080","-94.21879","-94.21879","-94.21879","1728","1728","1728","","","","","",""
"374790","","","","","","","274.57043","274.57043","274.57043","1302","1302","1302"
"375081","-62.14511","-62.14511","-62.14511","1729","1729","1729","","","","","",""
"375791","","","","","","","322.68042","322.68042","322.68042","1303","1303","1303"
"376082","16.838488","16.838488","16.838488","1730","1730","1730","","","","","",""
"376792","","","","","","","528.5714","528.5714","528.5714","1304","1304","1304"
"377083","34.02062","34.02062","34.02062","1746","1746","1746","","","","","",""
"377793","","","","","","","567.88324","567.88324","567.88324","1315","1315","1315"
"378084","42.857143","42.857143","42.857143","1747","1747","1747","","","","","",""
"378794","","","","","","","362.406","362.406","362.406","1316","1316","1316"
"379085","-19.708029","-19.708029","-19.708029","1748","1748","1748","","","","","",""
"379795","","","","","","","767.7043","767.7043","767.7043","1317","1317","1317"
"380086","65.413536","65.413536","65.413536","1749","1749","1749","","","","","",""
"380796","","","","","","","677.38513","677.38513","677.38513","1318","1318","1318"
"380892","-106.47004","-106.47004","-106.47004","1750","1750","1750","","","","","",""
"381797","","","","","","","346.25406","346.25406","346.25406","1329","1329","1329"
"381893","23.674911","23.674911","23.674911","1766","1766","1766","","","","","",""
"382188","-80.44006","-80.44006","-80.44006","1767","1767","1767","","","","","",""
"382409","-72.210556","-72.210556","-72.210556","1768","1768","1768","","","","","",""
"382798","","","","","","","222.98137","222.98137","222.98137","1330","1330","1330"
"383410","21.580547","21.580547","21.580547","1769","1769","1769","","","","","",""
"383799","","","","","","","282.97873","282.97873","282.97873","1331","1331","1331"
"384411","-40.438873","-40.438873","-40.438873","1770","1770","1770","","","","","",""
"384800","","","","","","","216.61443","216.61443","216.61443","1332","1332","1332"
"385122","-20.9","-20.9","-20.9","1786","1786","1786","","","","","",""
"385801","","","","","","","450","450","450","1343","1343","1343"
"386123","71.328674","71.328674","71.328674","1787","1787","1787","","","","","",""
"386802","","","","","","","529.3706","529.3706","529.3706","1344","1344","1344"
"387124","90.625","90.625","90.625","1788","1788","1788","","","","","",""
"387803","","","","","","","221.875","221.875","221.875","1345","1345","1345"
"388125","-28.813559","-28.813559","-28.813559","1789","1789","1789","","","","","",""
"388804","","","","","","","283.05084","283.05084","283.05084","1346","1346","1346"
"389126","-33.121017","-33.121017","-33.121017","1805","1805","1805","","","","","",""
"389805","","","","","","","514.64966","514.64966","514.64966","1357","1357","1357"
"390127","13.149847","13.149847","13.149847","1806","1806","1806","","","","","",""
"390806","","","","","","","193.57799","193.57799","193.57799","1358","1358","1358"
"391128","37.07165","37.07165","37.07165","1807","1807","1807","","","","","",""
"391807","","","","","","","202.18068","202.18068","202.18068","1359","1359","1359"
"392129","-39.849625","-39.849625","-39.849625","1808","1808","1808","","","","","",""
"392707","-93.70224","-93.70224","-93.70224","1809","1809","1809","","","","","",""
"392808","","","","","","","407.5188","407.5188","407.5188","1360","1360","1360"
"393708","3.8062284","3.8062284","3.8062284","1825","1825","1825","","","","","",""
"393809","","","","","","","653.9936","653.9936","653.9936","1371","1371","1371"
"394415","-86.876305","-86.876305","-86.876305","1826","1826","1826","","","","","",""
"394810","","","","","","","384.42908","384.42908","384.42908","1372","1372","1372"
"395416","73.758865","73.758865","73.758865","1827","1827","1827","","","","","",""
"395811","","","","","","","802.439","802.439","802.439","1373","1373","1373"
"396417","17.263844","17.263844","17.263844","1828","1828","1828","","","","","",""
"396812","","","","","","","329.078","329.078","329.078","1374","1374","1374"
"397418","79.85612","79.85612","79.85612","1844","1844","1844","","","","","",""
"397813","","","","","","","479.80457","479.80457","479.80457","1385","1385","1385"
"398419","213.65314","213.65314","213.65314","1845","1845","1845","","","","","",""
"398814","","","","","","","299.28058","299.28058","299.28058","1386","1386","1386"
"399251","-125.675156","-125.675156","-125.675156","1846","1846","1846","","","","","",""
"399815","","","","","","","464.57565","464.57565","464.57565","1387","1387","1387"
"400252","124.63768","124.63768","124.63768","1847","1847","1847","","","","","",""
"400816","","","","","","","489.17197","489.17197","489.17197","1388","1388","1388"
"401253","66.11295","66.11295","66.11295","1848","1848","1848","","","","","",""
"401817","","","","","","","653.62317","653.62317","653.62317","1399","1399","1399"
"402254","144.37299","144.37299","144.37299","1864","1864","1864","","","","","",""
"402818","","","","","","","770.4319","770.4319","770.4319","1400","1400","1400"
"402996","-103.054054","-103.054054","-103.054054","1865","1865","1865","","","","","",""
"403819","","","","","","","308.36014","308.36014","308.36014","1401","1401","1401"
"403997","187.46178","187.46178","187.46178","1866","1866","1866","","","","","",""
"404820","","","","","","","764.86487","764.86487","764.86487","1402","1402","1402"
"404998","152.39616","152.39616","152.39616","1867","1867","1867","","","","","",""
"405821","","","","","","","588.07336","588.07336","588.07336","1413","1413","1413"
"405999","171.05263","171.05263","171.05263","1883","1883","1883","","","","","",""
"406822","","","","","","","564.53674","564.53674","564.53674","1414","1414","1414"
"407000","117.55725","117.55725","117.55725","1884","1884","1884","","","","","",""
"407823","","","","","","","300","300","300","1415","1415","1415"
"408001","154.23729","154.23729","154.23729","1885","1885","1885","","","","","",""
"408824","","","","","","","510.687","510.687","510.687","1416","1416","1416"
"408919","-48.173706","-48.173706","-48.173706","1886","1886","1886","","","","","",""
"409825","","","","","","","764.4068","764.4068","764.4068","1427","1427","1427"
"409920","159.51556","159.51556","159.51556","1902","1902","1902","","","","","",""
"410826","","","","","","","374.10358","374.10358","374.10358","1428","1428","1428"
"410921","31.782946","31.782946","31.782946","1903","1903","1903","","","","","",""
"411827","","","","","","","287.54324","287.54324","287.54324","1429","1429","1429"
"411922","222.58064","222.58064","222.58064","1904","1904","1904","","","","","",""
"412828","","","","","","","853.48834","853.48834","853.48834","1430","1430","1430"
"412923","57.894737","57.894737","57.894737","1905","1905","1905","","","","","",""
"413829","","","","","","","713.62006","713.62006","713.62006","1441","1441","1441"
"413895","-130.33333","-130.33333","-130.33333","1921","1921","1921","","","","","",""
"414830","","","","","","","377.4436","377.4436","377.4436","1442","1442","1442"
"414896","57.894737","57.894737","57.894737","1922","1922","1922","","","","","",""
"415831","","","","","","","510","510","510","1443","1443","1443"
"415897","310.34482","310.34482","310.34482","1923","1923","1923","","","","","",""
"416832","","","","","","","636.8421","636.8421","636.8421","1444","1444","1444"
"416898","169.78418","169.78418","169.78418","1924","1924","1924","","","","","",""
"417833","","","","","","","365.51724","365.51724","365.51724","1455","1455","1455"
"417899","-48.80546","-48.80546","-48.80546","1940","1940","1940","","","","","",""
"418834","","","","","","","590.64746","590.64746","590.64746","1456","1456","1456"
"418900","153.62318","153.62318","153.62318","1941","1941","1941","","","","","",""
"419835","","","","","","","753.2423","753.2423","753.2423","1457","1457","1457"
"419901","49.333332","49.333332","49.333332","1942","1942","1942","","","","","",""
"420836","","","","","","","592.029","592.029","592.029","1458","1458","1458"
"420902","-38.848923","-38.848923","-38.848923","1943","1943","1943","","","","","",""
"421837","","","","","","","508","508","508","1459","1459","1459"
"421903","198.96907","198.96907","198.96907","1959","1959","1959","","","","","",""
"422838","","","","","","","281.29495","281.29495","281.29495","1470","1470","1470"
"422904","57.894737","57.894737","57.894737","1960","1960","1960","","","","","",""
"423839","","","","","","","700.68726","700.68726","700.68726","1471","1471","1471"
"423905","-29.577465","-29.577465","-29.577465","1961","1961","1961","","","","","",""
"424538","-99.34161","-99.34161","-99.34161","1962","1962","1962","","","","","",""
"424840","","","","","","","294.73685","294.73685","294.73685","1472","1472","1472"
"425539","72.043015","72.043015","72.043015","1963","1963","1963","","","","","",""
"425841","","","","","","","329.57745","329.57745","329.57745","1473","1473","1473"
"426540","86.77043","86.77043","86.77043","1979","1979","1979","","","","","",""
"426842","","","","","","","738.92615","738.92615","738.92615","1484","1484","1484"
"427541","64.0625","64.0625","64.0625","1980","1980","1980","","","","","",""
"427843","","","","","","","523.6559","523.6559","523.6559","1485","1485","1485"
"428536","-117.15714","-117.15714","-117.15714","1981","1981","1981","","","","","",""
"428844","","","","","","","822.179","822.179","822.179","1486","1486","1486"
"429537","26.43678","26.43678","26.43678","1982","1982","1982","","","","","",""
"429845","","","","","","","595.3125","595.3125","595.3125","1487","1487","1487"
"430538","182.60869","182.60869","182.60869","1998","1998","1998","","","","","",""
"430846","","","","","","","889.2857","889.2857","889.2857","1498","1498","1498"
"431539","20.99644","20.99644","20.99644","1999","1999","1999","","","","","",""
"431847","","","","","","","631.8008","631.8008","631.8008","1499","1499","1499"
"432540","68.31683","68.31683","68.31683","2000","2000","2000","","","","","",""
"432848","","","","","","","860.1449","860.1449","860.1449","1500","1500","1500"
"433541","35.135136","35.135136","35.135136","2001","2001","2001","","","","","",""
"433849","","","","","","","444.48398","444.48398","444.48398","1501","1501","1501"
"434542","52.69461","52.69461","52.69461","2017","2017","2017","","","","","",""
"434850","","","","","","","751.48517","751.48517","751.48517","1512","1512","1512"
"435543","34.02062","34.02062","34.02062","2018","2018","2018","","","","","",""
"435851","","","","","","","691.5058","691.5058","691.5058","1513","1513","1513"
"436544","45.569622","45.569622","45.569622","2019","2019","2019","","","","","",""
"436852","","","","","","","447.9042","447.9042","447.9042","1514","1514","1514"
"437545","82.87938","82.87938","82.87938","2020","2020","2020","","","","","",""
"437853","","","","","","","401.7182","401.7182","401.7182","1515","1515","1515"
"438546","6.7615657","6.7615657","6.7615657","2036","2036","2036","","","","","",""
"438854","","","","","","","292.40506","292.40506","292.40506","1526","1526","1526"
"439547","63.763065","63.763065","63.763065","2037","2037","2037","","","","","",""
"439855","","","","","","","779.37744","779.37744","779.37744","1527","1527","1527"
"440548","30.29316","30.29316","30.29316","2038","2038","2038","","","","","",""
"440856","","","","","","","213.16727","213.16727","213.16727","1528","1528","1528"
"441549","-6.451613","-6.451613","-6.451613","2039","2039","2039","","","","","",""
"441857","","","","","","","579.4425","579.4425","579.4425","1529","1529","1529"
"442550","47.260273","47.260273","47.260273","2055","2055","2055","","","","","",""
"442858","","","","","","","430.9446","430.9446","430.9446","1540","1540","1540"
"443551","144.3609","144.3609","144.3609","2056","2056","2056","","","","","",""
"443859","","","","","","","519.35486","519.35486","519.35486","1541","1541","1541"
"444552","112.121216","112.121216","112.121216","2057","2057","2057","","","","","",""
"444860","","","","","","","215.0685","215.0685","215.0685","1542","1542","1542"
"445553","115.48821","115.48821","115.48821","2058","2058","2058","","","","","",""
"445861","","","","","","","433.8346","433.8346","433.8346","1543","1543","1543"
"446554","43.312103","43.312103","43.312103","2074","2074","2074","","","","","",""
"446862","","","","","","","553.19867","553.19867","553.19867","1554","1554","1554"
"446956","-55.3605","-55.3605","-55.3605","2075","2075","2075","","","","","",""
"447863","","","","","","","51.515152","51.515152","51.515152","1555","1555","1555"
"447957","41.342754","41.342754","41.342754","2076","2076","2076","","","","","",""
"448864","","","","","","","556.05096","556.05096","556.05096","1556","1556","1556"
"448958","76.69173","76.69173","76.69173","2077","2077","2077","","","","","",""
"449865","","","","","","","282.44513","282.44513","282.44513","1557","1557","1557"
"449959","-54.063602","-54.063602","-54.063602","2078","2078","2078","","","","","",""
"450866","","","","","","","415.90106","415.90106","415.90106","1568","1568","1568"
"450960","286.5248","286.5248","286.5248","2094","2094","2094","","","","","",""
"451867","","","","","","","557.8947","557.8947","557.8947","1569","1569","1569"
"451961","11.821086","11.821086","11.821086","2095","2095","2095","","","","","",""
"452868","","","","","","","242.75618","242.75618","242.75618","1570","1570","1570"
"452922","-73.762596","-73.762596","-73.762596","2096","2096","2096","","","","","",""
"453522","-69.767845","-69.767845","-69.767845","2097","2097","2097","","","","","",""
"453869","","","","","","","846.80853","846.80853","846.80853","1571","1571","1571"
"454523","-13.533834","-13.533834","-13.533834","2098","2098","2098","","","","","",""
"454870","","","","","","","299.36102","299.36102","299.36102","1582","1582","1582"
"455524","97.1831","97.1831","97.1831","2114","2114","2114","","","","","",""
"455871","","","","","","","319.84732","319.84732","319.84732","1583","1583","1583"
"456525","40.98361","40.98361","40.98361","2115","2115","2115","","","","","",""
"456773","","","","","","","-148.19936","-148.19936","-148.19936","1584","1584","1584"
"457526","25.461254","25.461254","25.461254","2116","2116","2116","","","","","",""
"457774","","","","","","","753.3835","753.3835","753.3835","1585","1585","1585"
"458527","-38.356163","-38.356163","-38.356163","2117","2117","2117","","","","","",""
"458775","","","","","","","269.71832","269.71832","269.71832","1596","1596","1596"
"459528","28.571428","28.571428","28.571428","2133","2133","2133","","","","","",""
"459776","","","","","","","172.13115","172.13115","172.13115","1597","1597","1597"
"460401","-124.78546","-124.78546","-124.78546","2134","2134","2134","","","","","",""
"460777","","","","","","","390.7749","390.7749","390.7749","1598","1598","1598"
"461402","43.790848","43.790848","43.790848","2135","2135","2135","","","","","",""
"461778","","","","","","","615.7534","615.7534","615.7534","1599","1599","1599"
"462403","-38.405796","-38.405796","-38.405796","2136","2136","2136","","","","","",""
"462779","","","","","","","639.2857","639.2857","639.2857","1600","1600","1600"
"463254","-130.74838","-130.74838","-130.74838","2152","2152","2152","","","","","",""
"463780","","","","","","","532.0475","532.0475","532.0475","1611","1611","1611"
"464255","-0.34364262","-0.34364262","-0.34364262","2153","2153","2153","","","","","",""
"464781","","","","","","","279.08496","279.08496","279.08496","1612","1612","1612"
"465256","52.77778","52.77778","52.77778","2154","2154","2154","","","","","",""
"465782","","","","","","","831.1594","831.1594","831.1594","1613","1613","1613"
"466257","73.74517","73.74517","73.74517","2155","2155","2155","","","","","",""
"466783","","","","","","","835.01807","835.01807","835.01807","1614","1614","1614"
"467258","78.45118","78.45118","78.45118","2171","2171","2171","","","","","",""
"467649","","","","","","","136.62405","136.62405","136.62405","1625","1625","1625"
"468259","-30.15873","-30.15873","-30.15873","2172","2172","2172","","","","","",""
"468650","","","","","","","587.5","587.5","587.5","1626","1626","1626"
"469260","-51.95195","-51.95195","-51.95195","2173","2173","2173","","","","","",""
"469651","","","","","","","316.9884","316.9884","316.9884","1627","1627","1627"
"470261","125.30864","125.30864","125.30864","2174","2174","2174","","","","","",""
"470652","","","","","","","536.36365","536.36365","536.36365","1628","1628","1628"
"471262","129.10217","129.10217","129.10217","2190","2190","2190","","","","","",""
"471653","","","","","","","493.6508","493.6508","493.6508","1639","1639","1639"
"472263","-34.865902","-34.865902","-34.865902","2191","2191","2191","","","","","",""
"472654","","","","","","","584.6847","584.6847","584.6847","1640","1640","1640"
"473264","8.474576","8.474576","8.474576","2192","2192","2192","","","","","",""
"473655","","","","","","","372.22223","372.22223","372.22223","1641","1641","1641"
"474265","-16.967508","-16.967508","-16.967508","2193","2193","2193","","","","","",""
"474656","","","","","","","352.0124","352.0124","352.0124","1642","1642","1642"
"475266","153.57143","153.57143","153.57143","2209","2209","2209","","","","","",""
"475588","","","","","","","331.9042","331.9042","331.9042","1653","1653","1653"
"476267","-28.813559","-28.813559","-28.813559","2210","2210","2210","","","","","",""
"476589","","","","","","","744.0678","744.0678","744.0678","1654","1654","1654"
"477268","-15.441176","-15.441176","-15.441176","2211","2211","2211","","","","","",""
"477590","","","","","","","394.58484","394.58484","394.58484","1655","1655","1655"
"478269","2.1126761","2.1126761","2.1126761","2212","2212","2212","","","","","",""
"478591","","","","","","","521.4286","521.4286","521.4286","1656","1656","1656"
"479270","36.518772","36.518772","36.518772","2228","2228","2228","","","","","",""
"479592","","","","","","","313.55933","313.55933","313.55933","1667","1667","1667"
"480271","-0.7352941","-0.7352941","-0.7352941","2229","2229","2229","","","","","",""
"480593","","","","","","","455.14706","455.14706","455.14706","1668","1668","1668"
"481272","-61.937717","-61.937717","-61.937717","2230","2230","2230","","","","","",""
"481594","","","","","","","685.21124","685.21124","685.21124","1669","1669","1669"
"482273","-35.81081","-35.81081","-35.81081","2231","2231","2231","","","","","",""
"482595","","","","","","","196.92833","196.92833","196.92833","1670","1670","1670"
"483274","-51.219513","-51.219513","-51.219513","2232","2232","2232","","","","","",""
"483596","","","","","","","521.32355","521.32355","521.32355","1681","1681","1681"
"484275","-29.032259","-29.032259","-29.032259","2248","2248","2248","","","","","",""
"484597","","","","","","","457.0934","457.0934","457.0934","1682","1682","1682"
"485276","86.37993","86.37993","86.37993","2249","2249","2249","","","","","",""
"485598","","","","","","","234.45946","234.45946","234.45946","1683","1683","1683"
"486277","-32.07547","-32.07547","-32.07547","2250","2250","2250","","","","","",""
"486599","","","","","","","345.12195","345.12195","345.12195","1684","1684","1684"
"487278","-39.849625","-39.849625","-39.849625","2251","2251","2251","","","","","",""
"487600","","","","","","","58.064518","58.064518","58.064518","1695","1695","1695"
"488279","-38.56655","-38.56655","-38.56655","2267","2267","2267","","","","","",""
"488601","","","","","","","667.0251","667.0251","667.0251","1696","1696","1696"
"489280","-16.666666","-16.666666","-16.666666","2268","2268","2268","","","","","",""
"489602","","","","","","","333.96225","333.96225","333.96225","1697","1697","1697"
"490281","-56.52174","-56.52174","-56.52174","2269","2269","2269","","","","","",""
"490603","","","","","","","527.8195","527.8195","527.8195","1698","1698","1698"
"491282","30.584192","30.584192","30.584192","2270","2270","2270","","","","","",""
"491604","","","","","","","732.7645","732.7645","732.7645","1709","1709","1709"
"492283","-30.481283","-30.481283","-30.481283","2286","2286","2286","","","","","",""
"492605","","","","","","","674.30554","674.30554","674.30554","1710","1710","1710"
"493284","-63.768116","-63.768116","-63.768116","2287","2287","2287","","","","","",""
"493606","","","","","","","846.4883","846.4883","846.4883","1711","1711","1711"
"494285","-73.48485","-73.48485","-73.48485","2288","2288","2288","","","","","",""
"494607","","","","","","","889.69073","889.69073","889.69073","1712","1712","1712"
"495286","52.38095","52.38095","52.38095","2289","2289","2289","","","","","",""
"495608","","","","","","","707.48663","707.48663","707.48663","1713","1713","1713"
"496287","-38.848923","-38.848923","-38.848923","2305","2305","2305","","","","","",""
"496609","","","","","","","302.17392","302.17392","302.17392","1724","1724","1724"
"497288","57.894737","57.894737","57.894737","2306","2306","2306","","","","","",""
"497610","","","","","","","324.24243","324.24243","324.24243","1725","1725","1725"
"498289","100","100","100","2307","2307","2307","","","","","",""
"498611","","","","","","","455.55554","455.55554","455.55554","1726","1726","1726"
"499290","-42.07317","-42.07317","-42.07317","2308","2308","2308","","","","","",""
"499612","","","","","","","439.56836","439.56836","439.56836","1727","1727","1727"
"500291","-23.58804","-23.58804","-23.58804","2324","2324","2324","","","","","",""
"500613","","","","","","","249.62405","249.62405","249.62405","1738","1738","1738"
"501292","-44.636677","-44.636677","-44.636677","2325","2325","2325","","","","","",""
"501614","","","","","","","316.32654","316.32654","316.32654","1739","1739","1739"
"502293","-56.6787","-56.6787","-56.6787","2326","2326","2326","","","","","",""
"502615","","","","","","","646.95123","646.95123","646.95123","1740","1740","1740"
"503294","36.690647","36.690647","36.690647","2327","2327","2327","","","","","",""
"503616","","","","","","","574.4186","574.4186","574.4186","1741","1741","1741"
"504295","38.0597","38.0597","38.0597","2343","2343","2343","","","","","",""
"504617","","","","","","","813.4948","813.4948","813.4948","1752","1752","1752"
"505296","-58.990536","-58.990536","-58.990536","2344","2344","2344","","","","","",""
"505618","","","","","","","524.5487","524.5487","524.5487","1753","1753","1753"
"506297","33.986927","33.986927","33.986927","2345","2345","2345","","","","","",""
"506619","","","","","","","403.59714","403.59714","403.59714","1754","1754","1754"
"507298","-14.498141","-14.498141","-14.498141","2346","2346","2346","","","","","",""
"507620","","","","","","","467.16418","467.16418","467.16418","1755","1755","1755"
"508299","-7.7490773","-7.7490773","-7.7490773","2362","2362","2362","","","","","",""
"508621","","","","","","","379.49527","379.49527","379.49527","1766","1766","1766"
"509300","-62.068966","-62.068966","-62.068966","2363","2363","2363","","","","","",""
"509622","","","","","","","527.451","527.451","527.451","1767","1767","1767"
"510301","16.607775","16.607775","16.607775","2364","2364","2364","","","","","",""
"510623","","","","","","","468.77322","468.77322","468.77322","1768","1768","1768"
"511302","14.285714","14.285714","14.285714","2365","2365","2365","","","","","",""
"511624","","","","","","","881.5498","881.5498","881.5498","1769","1769","1769"
"512303","-33.579334","-33.579334","-33.579334","2381","2381","2381","","","","","",""
"512625","","","","","","","613.7931","613.7931","613.7931","1780","1780","1780"
"513304","69.38111","69.38111","69.38111","2382","2382","2382","","","","","",""
"513626","","","","","","","804.5936","804.5936","804.5936","1781","1781","1781"
"514305","42.857143","42.857143","42.857143","2383","2383","2383","","","","","",""
"514627","","","","","","","275","275","275","1782","1782","1782"
"515306","-8.474576","-8.474576","-8.474576","2384","2384","2384","","","","","",""
"515628","","","","","","","641.6974","641.6974","641.6974","1783","1783","1783"
"516307","-38.14433","-38.14433","-38.14433","2400","2400","2400","","","","","",""
"516629","","","","","","","417.9153","417.9153","417.9153","1794","1794","1794"
"517030","-20.008745","-20.008745","-20.008745","2401","2401","2401","","","","","",""
"517630","","","","","","","830.15875","830.15875","830.15875","1795","1795","1795"
"518031","86.44068","86.44068","86.44068","2402","2402","2402","","","","","",""
"518631","","","","","","","540.678","540.678","540.678","1796","1796","1796"
"519032","-37.68546","-37.68546","-37.68546","2403","2403","2403","","","","","",""
"519632","","","","","","","631.95874","631.95874","631.95874","1797","1797","1797"
"520033","-7.3482428","-7.3482428","-7.3482428","2404","2404","2404","","","","","",""
"520633","","","","","","","892.39545","892.39545","892.39545","1808","1808","1808"
"521034","70.41801","70.41801","70.41801","2420","2420","2420","","","","","",""
"521634","","","","","","","327.11865","327.11865","327.11865","1809","1809","1809"
"522035","196.66667","196.66667","196.66667","2421","2421","2421","","","","","",""
"522635","","","","","","","196.7359","196.7359","196.7359","1810","1810","1810"
"523036","-44.444443","-44.444443","-44.444443","2422","2422","2422","","","","","",""
"523636","","","","","","","407.9872","407.9872","407.9872","1811","1811","1811"
"524037","67.25979","67.25979","67.25979","2423","2423","2423","","","","","",""
"524637","","","","","","","774.5981","774.5981","774.5981","1822","1822","1822"
"525038","35.231316","35.231316","35.231316","2439","2439","2439","","","","","",""
"525638","","","","","","","290","290","290","1823","1823","1823"
"526039","28.472221","28.472221","28.472221","2440","2440","2440","","","","","",""
"526639","","","","","","","209.02777","209.02777","209.02777","1824","1824","1824"
"527040","-38.77551","-38.77551","-38.77551","2441","2441","2441","","","","","",""
"527640","","","","","","","476.51245","476.51245","476.51245","1825","1825","1825"
"528041","-41.17647","-41.17647","-41.17647","2442","2442","2442","","","","","",""
"528641","","","","","","","757.65125","757.65125","757.65125","1836","1836","1836"
"529042","5.263158","5.263158","5.263158","2458","2458","2458","","","","","",""
"529642","","","","","","","219.44444","219.44444","219.44444","1837","1837","1837"
"530043","115.43408","115.43408","115.43408","2459","2459","2459","","","","","",""
"530643","","","","","","","362.58502","362.58502","362.58502","1838","1838","1838"
"531044","86.31179","86.31179","86.31179","2460","2460","2460","","","","","",""
"531644","","","","","","","786.0294","786.0294","786.0294","1839","1839","1839"
"532045","7.6923075","7.6923075","7.6923075","2461","2461","2461","","","","","",""
"532645","","","","","","","264.66165","264.66165","264.66165","1850","1850","1850"
"533046","93.03797","93.03797","93.03797","2477","2477","2477","","","","","",""
"533646","","","","","","","851.7685","851.7685","851.7685","1851","1851","1851"
"534047","-31.818182","-31.818182","-31.818182","2478","2478","2478","","","","","",""
"534647","","","","","","","827.75665","827.75665","827.75665","1852","1852","1852"
"535048","-49.49495","-49.49495","-49.49495","2479","2479","2479","","","","","",""
"535648","","","","","","","880.7692","880.7692","880.7692","1853","1853","1853"
"536049","180","180","180","2480","2480","2480","","","","","",""
"536649","","","","","","","409.49368","409.49368","409.49368","1864","1864","1864"
"537050","14.391144","14.391144","14.391144","2496","2496","2496","","","","","",""
"537650","","","","","","","846.9697","846.9697","846.9697","1865","1865","1865"
"538051","-45.652172","-45.652172","-45.652172","2497","2497","2497","","","","","",""
"538651","","","","","","","832.6599","832.6599","832.6599","1866","1866","1866"
"539052","146.57535","146.57535","146.57535","2498","2498","2498","","","","","",""
"539652","","","","","","","758.1818","758.1818","758.1818","1867","1867","1867"
"540053","233.33333","233.33333","233.33333","2499","2499","2499","","","","","",""
"540653","","","","","","","331.7343","331.7343","331.7343","1868","1868","1868"
"541054","150","150","150","2515","2515","2515","","","","","",""
"541654","","","","","","","852.89856","852.89856","852.89856","1879","1879","1879"
"542055","-14.373089","-14.373089","-14.373089","2516","2516","2516","","","","","",""
"542655","","","","","","","581.50684","581.50684","581.50684","1880","1880","1880"
"542959","-123.53333","-123.53333","-123.53333","2517","2517","2517","","","","","",""
"543656","","","","","","","260.54422","260.54422","260.54422","1881","1881","1881"
"543960","71.14094","71.14094","71.14094","2518","2518","2518","","","","","",""
"544657","","","","","","","226.66667","226.66667","226.66667","1882","1882","1882"
"544961","37.931034","37.931034","37.931034","2534","2534","2534","","","","","",""
"545658","","","","","","","325.07645","325.07645","325.07645","1893","1893","1893"
"545962","109.73783","109.73783","109.73783","2535","2535","2535","","","","","",""
"546659","","","","","","","868.62744","868.62744","868.62744","1894","1894","1894"
"546963","-27.392738","-27.392738","-27.392738","2536","2536","2536","","","","","",""
"547660","","","","","","","866.44293","866.44293","866.44293","1895","1895","1895"
"547964","64.91228","64.91228","64.91228","2537","2537","2537","","","","","",""
"548661","","","","","","","303.44827","303.44827","303.44827","1896","1896","1896"
"548965","16.27907","16.27907","16.27907","2553","2553","2553","","","","","",""
"549662","","","","","","","371.91013","371.91013","371.91013","1907","1907","1907"
"549966","23.239437","23.239437","23.239437","2554","2554","2554","","","","","",""
"550663","","","","","","","312.54126","312.54126","312.54126","1908","1908","1908"
"550967","170.62706","170.62706","170.62706","2555","2555","2555","","","","","",""
"551664","","","","","","","875.4386","875.4386","875.4386","1909","1909","1909"
"551968","49.006622","49.006622","49.006622","2556","2556","2556","","","","","",""
"552665","","","","","","","860.1329","860.1329","860.1329","1910","1910","1910"
"552969","75.675674","75.675674","75.675674","2572","2572","2572","","","","","",""
"553666","","","","","","","815.493","815.493","815.493","1921","1921","1921"
"553970","108.79121","108.79121","108.79121","2573","2573","2573","","","","","",""
"554667","","","","","","","569.967","569.967","569.967","1922","1922","1922"
"554971","0.67114097","0.67114097","0.67114097","2574","2574","2574","","","","","",""
"555668","","","","","","","323.84106","323.84106","323.84106","1923","1923","1923"
"555972","-25.373135","-25.373135","-25.373135","2575","2575","2575","","","","","",""
"556669","","","","","","","845.9459","845.9459","845.9459","1924","1924","1924"
"556973","69.49152","69.49152","69.49152","2576","2576","2576","","","","","",""
"557670","","","","","","","845.05493","845.05493","845.05493","1935","1935","1935"
"557974","42.39482","42.39482","42.39482","2592","2592","2592","","","","","",""
"558671","","","","","","","205.36913","205.36913","205.36913","1936","1936","1936"
"558975","148.22694","148.22694","148.22694","2593","2593","2593","","","","","",""
"559672","","","","","","","735.8209","735.8209","735.8209","1937","1937","1937"
"559976","58.844765","58.844765","58.844765","2594","2594","2594","","","","","",""
"560673","","","","","","","825.4237","825.4237","825.4237","1938","1938","1938"
"560977","105.882355","105.882355","105.882355","2595","2595","2595","","","","","",""
"561674","","","","","","","767.3139","767.3139","767.3139","1949","1949","1949"
"561978","6.1643834","6.1643834","6.1643834","2611","2611","2611","","","","","",""
"562675","","","","","","","318.43973","318.43973","318.43973","1950","1950","1950"
"562979","8.695652","8.695652","8.695652","2612","2612","2612","","","","","",""
"563676","","","","","","","546.2094","546.2094","546.2094","1951","1951","1951"
"563980","-42.760944","-42.760944","-42.760944","2613","2613","2613","","","","","",""
"564677","","","","","","","517.64703","517.64703","517.64703","1952","1952","1952"
"564981","27.946129","27.946129","27.946129","2614","2614","2614","","","","","",""
"565678","","","","","","","828.0822","828.0822","828.0822","1963","1963","1963"
"565982","63.04348","63.04348","63.04348","2630","2630","2630","","","","","",""
"566679","","","","","","","247.82608","247.82608","247.82608","1964","1964","1964"
"566983","-19.58042","-19.58042","-19.58042","2631","2631","2631","","","","","",""
"567680","","","","","","","64.98316","64.98316","64.98316","1965","1965","1965"
"567984","139.8754","139.8754","139.8754","2632","2632","2632","","","","","",""
"568681","","","","","","","48.148148","48.148148","48.148148","1966","1966","1966"
"568985","118.85522","118.85522","118.85522","2633","2633","2633","","","","","",""
"569682","","","","","","","436.23187","436.23187","436.23187","1977","1977","1977"
"569986","104.30108","104.30108","104.30108","2649","2649","2649","","","","","",""
"570683","","","","","","","637.76227","637.76227","637.76227","1978","1978","1978"
"570987","-15.750916","-15.750916","-15.750916","2650","2650","2650","","","","","",""
"571684","","","","","","","495.01556","495.01556","495.01556","1979","1979","1979"
"571988","29.139072","29.139072","29.139072","2651","2651","2651","","","","","",""
"572685","","","","","","","825.9259","825.9259","825.9259","1980","1980","1980"
"572989","211.64383","211.64383","211.64383","2652","2652","2652","","","","","",""
"573544","","","","","","","914.2","914.2","914.2","1991","1991","1991"
"573990","134.61539","134.61539","134.61539","2668","2668","2668","","","","","",""
"574545","","","","","","","852.381","852.381","852.381","1992","1992","1992"
"574991","117.898834","117.898834","117.898834","2669","2669","2669","","","","","",""
"575546","","","","","","","605.29803","605.29803","605.29803","1993","1993","1993"
"575992","212.5","212.5","212.5","2670","2670","2670","","","","","",""
"576547","","","","","","","704.7945","704.7945","704.7945","1994","1994","1994"
"576993","207.92683","207.92683","207.92683","2671","2671","2671","","","","","",""
"577221","","","","","","","932.7","932.7","932.7","1995","1995","1995"
"577994","150","150","150","2687","2687","2687","","","","","",""
"578222","","","","","","","814.3969","814.3969","814.3969","2006","2006","2006"
"578995","-21.501707","-21.501707","-21.501707","2688","2688","2688","","","","","",""
"579223","","","","","","","708.82355","708.82355","708.82355","2007","2007","2007"
"579996","0.9463722","0.9463722","0.9463722","2689","2689","2689","","","","","",""
"580224","","","","","","","275","275","275","2008","2008","2008"
"580997","139.8524","139.8524","139.8524","2690","2690","2690","","","","","",""
"581225","","","","","","","883.3333","883.3333","883.3333","2009","2009","2009"
"581998","20.689655","20.689655","20.689655","2706","2706","2706","","","","","",""
"582226","","","","","","","261.77475","261.77475","261.77475","2020","2020","2020"
"582999","77.84257","77.84257","77.84257","2707","2707","2707","","","","","",""
"583227","","","","","","","322.71292","322.71292","322.71292","2021","2021","2021"
"584000","132.14285","132.14285","132.14285","2708","2708","2708","","","","","",""
"584228","","","","","","","401.84503","401.84503","401.84503","2022","2022","2022"
"585001","-32.885906","-32.885906","-32.885906","2709","2709","2709","","","","","",""
"585229","","","","","","","262.06897","262.06897","262.06897","2023","2023","2023"
"586002","-49.090908","-49.090908","-49.090908","2725","2725","2725","","","","","",""
"586230","","","","","","","133.23615","133.23615","133.23615","2034","2034","2034"
"587003","176.09427","176.09427","176.09427","2726","2726","2726","","","","","",""
"587231","","","","","","","364.2857","364.2857","364.2857","2035","2035","2035"
"588004","109.83607","109.83607","109.83607","2727","2727","2727","","","","","",""
"588232","","","","","","","618.1208","618.1208","618.1208","2036","2036","2036"
"589005","152.52525","152.52525","152.52525","2728","2728","2728","","","","","",""
"589233","","","","","","","354.54544","354.54544","354.54544","2037","2037","2037"
"590006","198.56116","198.56116","198.56116","2744","2744","2744","","","","","",""
"590234","","","","","","","798.9899","798.9899","798.9899","2048","2048","2048"
"591007","-22.779922","-22.779922","-22.779922","2745","2745","2745","","","","","",""
"591235","","","","","","","772.13116","772.13116","772.13116","2049","2049","2049"
"592008","-30.147058","-30.147058","-30.147058","2746","2746","2746","","","","","",""
"592236","","","","","","","452.18854","452.18854","452.18854","2050","2050","2050"
"593009","33.779263","33.779263","33.779263","2747","2747","2747","","","","","",""
"593237","","","","","","","623.0216","623.0216","623.0216","2051","2051","2051"
"594010","5.263158","5.263158","5.263158","2763","2763","2763","","","","","",""
"594238","","","","","","","374.90347","374.90347","374.90347","2062","2062","2062"
"595011","57.706093","57.706093","57.706093","2764","2764","2764","","","","","",""
"595239","","","","","","","863.2353","863.2353","863.2353","2063","2063","2063"
"596012","216.20554","216.20554","216.20554","2765","2765","2765","","","","","",""
"596240","","","","","","","378.26086","378.26086","378.26086","2064","2064","2064"
"597013","-63.934425","-63.934425","-63.934425","2766","2766","2766","","","","","",""
"597241","","","","","","","656.5789","656.5789","656.5789","2065","2065","2065"
"598014","164.59145","164.59145","164.59145","2767","2767","2767","","","","","",""
"598242","","","","","","","373.1183","373.1183","373.1183","2076","2076","2076"
"599015","373.28244","373.28244","373.28244","2783","2783","2783","","","","","",""
"599243","","","","","","","848.6166","848.6166","848.6166","2077","2077","2077"
"600016","100","100","100","2784","2784","2784","","","","","",""
"600244","","","","","","","565.5738","565.5738","565.5738","2078","2078","2078"
"601017","126.5625","126.5625","126.5625","2785","2785","2785","","","","","",""
"601245","","","","","","","207.39299","207.39299","207.39299","2079","2079","2079"
"602018","39.534885","39.534885","39.534885","2786","2786","2786","","","","","",""
"602246","","","","","","","850.38165","850.38165","850.38165","2090","2090","2090"
"603019","26.58228","26.58228","26.58228","2802","2802","2802","","","","","",""
"603247","","","","","","","579.31036","579.31036","579.31036","2091","2091","2091"
"604020","28.378378","28.378378","28.378378","2803","2803","2803","","","","","",""
"604248","","","","","","","696.875","696.875","696.875","2092","2092","2092"
"604444","-13.060927","-13.060927","-13.060927","2804","2804","2804","","","","","",""
"605249","","","","","","","378.4053","378.4053","378.4053","2093","2093","2093"
"605445","37.80919","37.80919","37.80919","2805","2805","2805","","","","","",""
"606250","","","","","","","827.2152","827.2152","827.2152","2104","2104","2104"
"606446","181.25","181.25","181.25","2821","2821","2821","","","","","",""
"607251","","","","","","","734.4595","734.4595","734.4595","2105","2105","2105"
"607447","63.120567","63.120567","63.120567","2822","2822","2822","","","","","",""
"607654","-56.09322","-56.09322","-56.09322","2823","2823","2823","","","","","",""
"607828","-86.48328","-86.48328","-86.48328","2824","2824","2824","","","","","",""
"608168","","","","","","","268.7649","268.7649","268.7649","2106","2106","2106"
"608829","90.647484","90.647484","90.647484","2825","2825","2825","","","","","",""
"609169","","","","","","","624.38165","624.38165","624.38165","2107","2107","2107"
"609830","121.830986","121.830986","121.830986","2826","2826","2826","","","","","",""
"610170","","","","","","","379.16666","379.16666","379.16666","2108","2108","2108"
"610831","118.95425","118.95425","118.95425","2842","2842","2842","","","","","",""
"611171","","","","","","","743.9716","743.9716","743.9716","2119","2119","2119"
"611832","11.111111","11.111111","11.111111","2843","2843","2843","","","","","",""
"612172","","","","","","","459.32202","459.32202","459.32202","2120","2120","2120"
"612833","25.423729","25.423729","25.423729","2844","2844","2844","","","","","",""
"613173","","","","","","","538.2253","538.2253","538.2253","2121","2121","2121"
"613834","40.89347","40.89347","40.89347","2845","2845","2845","","","","","",""
"614174","","","","","","","176.97842","176.97842","176.97842","2122","2122","2122"
"614445","-136.05528","-136.05528","-136.05528","2861","2861","2861","","","","","",""
"615175","","","","","","","266.19717","266.19717","266.19717","2133","2133","2133"
"615446","-43.037975","-43.037975","-43.037975","2862","2862","2862","","","","","",""
"616176","","","","","","","318.30066","318.30066","318.30066","2134","2134","2134"
"617177","","","","","","","800.79364","800.79364","800.79364","2135","2135","2135"
"618178","","","","","","","401.69492","401.69492","401.69492","2136","2136","2136"
"619179","","","","","","","360.4811","360.4811","360.4811","2147","2147","2147"
"620180","","","","","","","663.97516","663.97516","663.97516","2148","2148","2148"
"621181","","","","","","","646.83545","646.83545","646.83545","2149","2149","2149"
"622182","","","","","","","349.6124","349.6124","349.6124","2150","2150","2150"
"623183","","","","","","","390","390","390","2161","2161","2161"
"624184","","","","","","","377.9661","377.9661","377.9661","2162","2162","2162"
"625185","","","","","","","862.96295","862.96295","862.96295","2163","2163","2163"
"626186","","","","","","","754.8387","754.8387","754.8387","2164","2164","2164"
"627187","","","","","","","232.35294","232.35294","232.35294","2175","2175","2175"
"628188","","","","","","","415.78946","415.78946","415.78946","2176","2176","2176"
"629189","","","","","","","644.1077","644.1077","644.1077","2177","2177","2177"
"630190","","","","","","","828.3154","828.3154","828.3154","2178","2178","2178"
"631191","","","","","","","795.082","795.082","795.082","2189","2189","2189"
"632192","","","","","","","196.61017","196.61017","196.61017","2190","2190","2190"
"633193","","","","","","","745.01843","745.01843","745.01843","2191","2191","2191"
"634194","","","","","","","340.55945","340.55945","340.55945","2192","2192","2192"
"635195","","","","","","","618.63116","618.63116","618.63116","2203","2203","2203"
"636196","","","","","","","710.8108","710.8108","710.8108","2204","2204","2204"
"637197","","","","","","","879.1667","879.1667","879.1667","2205","2205","2205"
"638198","","","","","","","386.01398","386.01398","386.01398","2206","2206","2206"
"639199","","","","","","","855.6314","855.6314","855.6314","2217","2217","2217"
"640200","","","","","","","140.625","140.625","140.625","2218","2218","2218"
"641201","","","","","","","518.705","518.705","518.705","2219","2219","2219"
"642202","","","","","","","699.2958","699.2958","699.2958","2220","2220","2220"
"643203","","","","","","","500","500","500","2231","2231","2231"
"644204","","","","","","","518.01245","518.01245","518.01245","2232","2232","2232"
"645205","","","","","","","788.8889","788.8889","788.8889","2233","2233","2233"
"646206","","","","","","","726.3473","726.3473","726.3473","2234","2234","2234"
"647207","","","","","","","309.5563","309.5563","309.5563","2245","2245","2245"
"648208","","","","","","","868.8716","868.8716","868.8716","2246","2246","2246"
"649209","","","","","","","807.0513","807.0513","807.0513","2247","2247","2247"
"650210","","","","","","","747.45764","747.45764","747.45764","2248","2248","2248"
"651211","","","","","","","499.29077","499.29077","499.29077","2249","2249","2249"
"652212","","","","","","","694.7761","694.7761","694.7761","2260","2260","2260"
"653213","","","","","","","236.70033","236.70033","236.70033","2261","2261","2261"
"654214","","","","","","","345.69287","345.69287","345.69287","2262","2262","2262"
"655215","","","","","","","322.58066","322.58066","322.58066","2263","2263","2263"
"656216","","","","","","","794.03973","794.03973","794.03973","2274","2274","2274"
"657217","","","","","","","411.02942","411.02942","411.02942","2275","2275","2275"
"658218","","","","","","","760.3896","760.3896","760.3896","2276","2276","2276"
"659219","","","","","","","351.04895","351.04895","351.04895","2277","2277","2277"
"660220","","","","","","","819.1919","819.1919","819.1919","2288","2288","2288"
"661221","","","","","","","364.05228","364.05228","364.05228","2289","2289","2289"
"662222","","","","","","","421.27658","421.27658","421.27658","2290","2290","2290"
"663223","","","","","","","785.90607","785.90607","785.90607","2291","2291","2291"
"664224","","","","","","","129.55975","129.55975","129.55975","2302","2302","2302"
"665225","","","","","","","290.681","290.681","290.681","2303","2303","2303"
"666226","","","","","","","844.44446","844.44446","844.44446","2304","2304","2304"
"667227","","","","","","","403.7037","403.7037","403.7037","2305","2305","2305"
"668228","","","","","","","291.75256","291.75256","291.75256","2316","2316","2316"
"669229","","","","","","","231.10368","231.10368","231.10368","2317","2317","2317"
"670230","","","","","","","521.7105","521.7105","521.7105","2318","2318","2318"
"671231","","","","","","","561.3924","561.3924","561.3924","2319","2319","2319"
"672232","","","","","","","364.2857","364.2857","364.2857","2330","2330","2330"
"673233","","","","","","","540.1384","540.1384","540.1384","2331","2331","2331"
"674234","","","","","","","547.8405","547.8405","547.8405","2332","2332","2332"
"675235","","","","","","","307.80142","307.80142","307.80142","2333","2333","2333"
"676236","","","","","","","451.02042","451.02042","451.02042","2344","2344","2344"
"676961","","","","","","","217.79288","217.79288","217.79288","2345","2345","2345"
"677962","","","","","","","346.09665","346.09665","346.09665","2346","2346","2346"
"678963","","","","","","","716.6667","716.6667","716.6667","2347","2347","2347"
"679964","","","","","","","177.9661","177.9661","177.9661","2358","2358","2358"
"680965","","","","","","","388.97058","388.97058","388.97058","2359","2359","2359"
"681966","","","","","","","295.6044","295.6044","295.6044","2360","2360","2360"
"682967","","","","","","","301.2945","301.2945","301.2945","2361","2361","2361"
"683968","","","","","","","404.91803","404.91803","404.91803","2362","2362","2362"
"684969","","","","","","","703.9216","703.9216","703.9216","2373","2373","2373"
"685970","","","","","","","525.46814","525.46814","525.46814","2374","2374","2374"
"686971","","","","","","","786.4469","786.4469","786.4469","2375","2375","2375"
"687972","","","","","","","836.10223","836.10223","836.10223","2376","2376","2376"
"688973","","","","","","","331.65466","331.65466","331.65466","2387","2387","2387"
"689974","","","","","","","826.6409","826.6409","826.6409","2388","2388","2388"
"690975","","","","","","","241.13713","241.13713","241.13713","2389","2389","2389"
"691976","","","","","","","152.70758","152.70758","152.70758","2390","2390","2390"
"692977","","","","","","","147.73415","147.73415","147.73415","2401","2401","2401"
"693978","","","","","","","201.11523","201.11523","201.11523","2402","2402","2402"
"694979","","","","","","","611.2676","611.2676","611.2676","2403","2403","2403"
"695980","","","","","","","310.9091","310.9091","310.9091","2404","2404","2404"
"696981","","","","","","","280.59702","280.59702","280.59702","2415","2415","2415"
"697982","","","","","","","346.42856","346.42856","346.42856","2416","2416","2416"
"698983","","","","","","","393.2886","393.2886","393.2886","2417","2417","2417"
"699984","","","","","","","265.94202","265.94202","265.94202","2418","2418","2418"
"700985","","","","","","","183.33333","183.33333","183.33333","2429","2429","2429"
"701986","","","","","","","432.52032","432.52032","432.52032","2430","2430","2430"
"702987","","","","","","","289.57056","289.57056","289.57056","2431","2431","2431"
"703988","","","","","","","483.91608","483.91608","483.91608","2432","2432","2432"
"704989","","","","","","","405.15463","405.15463","405.15463","2443","2443","2443"
"705990","","","","","","","162.99695","162.99695","162.99695","2444","2444","2444"
"706991","","","","","","","194.47853","194.47853","194.47853","2445","2445","2445"
"707992","","","","","","","608.0537","608.0537","608.0537","2446","2446","2446"
"708993","","","","","","","274.62234","274.62234","274.62234","2457","2457","2457"
"709994","","","","","","","535.68774","535.68774","535.68774","2458","2458","2458"
"710995","","","","","","","713.3333","713.3333","713.3333","2459","2459","2459"
"711996","","","","","","","294.9843","294.9843","294.9843","2460","2460","2460"
"712997","","","","","","","300.65146","300.65146","300.65146","2471","2471","2471"
"713998","","","","","","","623.9057","623.9057","623.9057","2472","2472","2472"
"714999","","","","","","","400","400","400","2473","2473","2473"
"716000","","","","","","","329.05405","329.05405","329.05405","2474","2474","2474"
"717001","","","","","","","807.7491","807.7491","807.7491","2485","2485","2485"
"718002","","","","","","","614.78876","614.78876","614.78876","2486","2486","2486"
"719003","","","","","","","336.17023","336.17023","336.17023","2487","2487","2487"
"720004","","","","","","","370.38327","370.38327","370.38327","2488","2488","2488"
"721005","","","","","","","524.61536","524.61536","524.61536","2499","2499","2499"
"722006","","","","","","","466.66666","466.66666","466.66666","2500","2500","2500"
"723007","","","","","","","219.85294","219.85294","219.85294","2501","2501","2501"
"724008","","","","","","","792.47314","792.47314","792.47314","2502","2502","2502"
"725009","","","","","","","340.43323","340.43323","340.43323","2513","2513","2513"
"726010","","","","","","","350","350","350","2514","2514","2514"
"727011","","","","","","","223.26283","223.26283","223.26283","2515","2515","2515"
"728012","","","","","","","237.62057","237.62057","237.62057","2516","2516","2516"
"729013","","","","","","","393.24326","393.24326","393.24326","2517","2517","2517"
"730014","","","","","","","311.57556","311.57556","311.57556","2528","2528","2528"
"731015","","","","","","","339.34427","339.34427","339.34427","2529","2529","2529"
"732016","","","","","","","622.97296","622.97296","622.97296","2530","2530","2530"
"733017","","","","","","","289.43893","289.43893","289.43893","2531","2531","2531"
"734018","","","","","","","232.25807","232.25807","232.25807","2542","2542","2542"
"735019","","","","","","","302.5974","302.5974","302.5974","2543","2543","2543"
"736020","","","","","","","451.9713","451.9713","451.9713","2544","2544","2544"
"737021","","","","","","","254.0856","254.0856","254.0856","2545","2545","2545"
"738022","","","","","","","475.4717","475.4717","475.4717","2556","2556","2556"
"739023","","","","","","","550.51904","550.51904","550.51904","2557","2557","2557"
"740024","","","","","","","274.1259","274.1259","274.1259","2558","2558","2558"
"741025","","","","","","","262.17947","262.17947","262.17947","2559","2559","2559"
"742026","","","","","","","740.678","740.678","740.678","2570","2570","2570"
"743027","","","","","","","74.60317","74.60317","74.60317","2571","2571","2571"
"744028","","","","","","","231.3253","231.3253","231.3253","2572","2572","2572"
"745029","","","","","","","728.125","728.125","728.125","2573","2573","2573"
"746030","","","","","","","512.6482","512.6482","512.6482","2584","2584","2584"
"747031","","","","","","","284.3844","284.3844","284.3844","2585","2585","2585"
"748032","","","","","","","377.94116","377.94116","377.94116","2586","2586","2586"
"749033","","","","","","","539.73065","539.73065","539.73065","2587","2587","2587"