"global_step","90p gc + 0.95 decay - charts/episodic_return","90p gc + 0.95 decay - charts/episodic_return__MIN","90p gc + 0.95 decay - charts/episodic_return__MAX","90p gc + 0.95 decay - _step","90p gc + 0.95 decay - _step__MIN","90p gc + 0.95 decay - _step__MAX","90p gc + 0.99 decay - charts/episodic_return","90p gc + 0.99 decay - charts/episodic_return__MIN","90p gc + 0.99 decay - charts/episodic_return__MAX","90p gc + 0.99 decay - _step","90p gc + 0.99 decay - _step__MIN","90p gc + 0.99 decay - _step__MAX","1774140526-grad-compression=accumulate-grads - charts/episodic_return","1774140526-grad-compression=accumulate-grads - charts/episodic_return__MIN","1774140526-grad-compression=accumulate-grads - charts/episodic_return__MAX","1774140526-grad-compression=accumulate-grads - _step","1774140526-grad-compression=accumulate-grads - _step__MIN","1774140526-grad-compression=accumulate-grads - _step__MAX","1774138806-grad-compression=None - charts/episodic_return","1774138806-grad-compression=None - charts/episodic_return__MIN","1774138806-grad-compression=None - charts/episodic_return__MAX","1774138806-grad-compression=None - _step","1774138806-grad-compression=None - _step__MIN","1774138806-grad-compression=None - _step__MAX"
"-3096","-52.727272","-52.727272","-52.727272","0","0","0","-52.727272","-52.727272","-52.727272","0","0","0","-52.727272","-52.727272","-52.727272","0","0","0","-52.727272","-52.727272","-52.727272","0","0","0"
"-2095","-60.451977","-60.451977","-60.451977","1","1","1","-60.451977","-60.451977","-60.451977","1","1","1","-60.451977","-60.451977","-60.451977","1","1","1","-60.451977","-60.451977","-60.451977","1","1","1"
"-1094","-54.248367","-54.248367","-54.248367","2","2","2","-54.248367","-54.248367","-54.248367","2","2","2","-54.248367","-54.248367","-54.248367","2","2","2","-54.248367","-54.248367","-54.248367","2","2","2"
"-93","-55.47945","-55.47945","-55.47945","3","3","3","-55.47945","-55.47945","-55.47945","3","3","3","-55.47945","-55.47945","-55.47945","3","3","3","-55.47945","-55.47945","-55.47945","3","3","3"
"908","-38.405796","-38.405796","-38.405796","11","11","11","-38.405796","-38.405796","-38.405796","11","11","11","-38.405796","-38.405796","-38.405796","11","11","11","-38.405796","-38.405796","-38.405796","11","11","11"
"1909","-41.60584","-41.60584","-41.60584","12","12","12","-41.60584","-41.60584","-41.60584","12","12","12","-41.60584","-41.60584","-41.60584","12","12","12","-41.60584","-41.60584","-41.60584","12","12","12"
"2910","-45.51282","-45.51282","-45.51282","13","13","13","-45.51282","-45.51282","-45.51282","13","13","13","-45.51282","-45.51282","-45.51282","13","13","13","-45.51282","-45.51282","-45.51282","13","13","13"
"3911","-46.043167","-46.043167","-46.043167","14","14","14","-46.043167","-46.043167","-46.043167","14","14","14","-46.043167","-46.043167","-46.043167","14","14","14","-46.043167","-46.043167","-46.043167","14","14","14"
"4912","-29.36803","-29.36803","-29.36803","22","22","22","-29.36803","-29.36803","-29.36803","22","22","22","-29.36803","-29.36803","-29.36803","22","22","22","-29.36803","-29.36803","-29.36803","22","22","22"
"5913","-48.97959","-48.97959","-48.97959","23","23","23","-48.97959","-48.97959","-48.97959","23","23","23","-48.97959","-48.97959","-48.97959","23","23","23","-48.97959","-48.97959","-48.97959","23","23","23"
"6914","-26.470589","-26.470589","-26.470589","24","24","24","-26.470589","-26.470589","-26.470589","24","24","24","-26.470589","-26.470589","-26.470589","24","24","24","-26.470589","-26.470589","-26.470589","24","24","24"
"7915","-38.98305","-38.98305","-38.98305","25","25","25","-38.98305","-38.98305","-38.98305","25","25","25","-38.98305","-38.98305","-38.98305","25","25","25","-38.98305","-38.98305","-38.98305","25","25","25"
"8916","-37.8882","-37.8882","-37.8882","33","33","33","-37.8882","-37.8882","-37.8882","33","33","33","-37.8882","-37.8882","-37.8882","33","33","33","-37.8882","-37.8882","-37.8882","33","33","33"
"9917","-8.296944","-8.296944","-8.296944","34","34","34","-8.296944","-8.296944","-8.296944","34","34","34","-8.296944","-8.296944","-8.296944","34","34","34","-8.296944","-8.296944","-8.296944","34","34","34"
"10918","-28.825623","-28.825623","-28.825623","35","35","35","-28.825623","-28.825623","-28.825623","35","35","35","-28.825623","-28.825623","-28.825623","35","35","35","-28.825623","-28.825623","-28.825623","35","35","35"
"11919","-43.661972","-43.661972","-43.661972","36","36","36","-43.661972","-43.661972","-43.661972","36","36","36","-43.661972","-43.661972","-43.661972","36","36","36","-43.661972","-43.661972","-43.661972","36","36","36"
"12920","-56.656345","-56.656345","-56.656345","44","44","44","-56.656345","-56.656345","-56.656345","44","44","44","-56.656345","-56.656345","-56.656345","44","44","44","-56.656345","-56.656345","-56.656345","44","44","44"
"13921","-48.80546","-48.80546","-48.80546","45","45","45","-48.80546","-48.80546","-48.80546","45","45","45","-48.80546","-48.80546","-48.80546","45","45","45","-48.80546","-48.80546","-48.80546","45","45","45"
"14922","-50.35461","-50.35461","-50.35461","46","46","46","-50.35461","-50.35461","-50.35461","46","46","46","-50.35461","-50.35461","-50.35461","46","46","46","-50.35461","-50.35461","-50.35461","46","46","46"
"15923","-66.049385","-66.049385","-66.049385","47","47","47","-66.049385","-66.049385","-66.049385","47","47","47","-66.049385","-66.049385","-66.049385","47","47","47","-66.049385","-66.049385","-66.049385","47","47","47"
"16924","-16.43454","-16.43454","-16.43454","55","55","55","-16.43454","-16.43454","-16.43454","55","55","55","-16.43454","-16.43454","-16.43454","55","55","55","-16.43454","-16.43454","-16.43454","55","55","55"
"17925","-46.23656","-46.23656","-46.23656","56","56","56","-46.23656","-46.23656","-46.23656","56","56","56","-46.23656","-46.23656","-46.23656","56","56","56","-46.23656","-46.23656","-46.23656","56","56","56"
"18926","-62.5","-62.5","-62.5","57","57","57","-62.5","-62.5","-62.5","57","57","57","-62.5","-62.5","-62.5","57","57","57","-62.5","-62.5","-62.5","57","57","57"
"19927","-41.55844","-41.55844","-41.55844","58","58","58","-41.55844","-41.55844","-41.55844","58","58","58","-41.55844","-41.55844","-41.55844","58","58","58","-41.55844","-41.55844","-41.55844","58","58","58"
"20928","-54.372623","-54.372623","-54.372623","66","66","66","-54.372623","-54.372623","-54.372623","66","66","66","-54.372623","-54.372623","-54.372623","66","66","66","-54.372623","-54.372623","-54.372623","66","66","66"
"21929","-43.143814","-43.143814","-43.143814","67","67","67","-43.143814","-43.143814","-43.143814","67","67","67","-43.143814","-43.143814","-43.143814","67","67","67","-43.143814","-43.143814","-43.143814","67","67","67"
"22930","-75.30864","-75.30864","-75.30864","68","68","68","-75.30864","-75.30864","-75.30864","68","68","68","-75.30864","-75.30864","-75.30864","68","68","68","-75.30864","-75.30864","-75.30864","68","68","68"
"23931","-60.912052","-60.912052","-60.912052","69","69","69","-60.912052","-60.912052","-60.912052","69","69","69","-60.912052","-60.912052","-60.912052","69","69","69","-60.912052","-60.912052","-60.912052","69","69","69"
"24932","-22.077923","-22.077923","-22.077923","77","77","77","-22.077923","-22.077923","-22.077923","77","77","77","-22.077923","-22.077923","-22.077923","77","77","77","-22.077923","-22.077923","-22.077923","77","77","77"
"25933","-61.805557","-61.805557","-61.805557","78","78","78","-61.805557","-61.805557","-61.805557","78","78","78","-61.805557","-61.805557","-61.805557","78","78","78","-61.805557","-61.805557","-61.805557","78","78","78"
"26934","-39.501778","-39.501778","-39.501778","79","79","79","-39.501778","-39.501778","-39.501778","79","79","79","-39.501778","-39.501778","-39.501778","79","79","79","-39.501778","-39.501778","-39.501778","79","79","79"
"27935","-34.7181","-34.7181","-34.7181","80","80","80","-34.7181","-34.7181","-34.7181","80","80","80","-34.7181","-34.7181","-34.7181","80","80","80","-34.7181","-34.7181","-34.7181","80","80","80"
"28936","-52.522255","-52.522255","-52.522255","88","88","88","-52.522255","-52.522255","-52.522255","88","88","88","-52.522255","-52.522255","-52.522255","88","88","88","-52.522255","-52.522255","-52.522255","88","88","88"
"29937","19.631903","19.631903","19.631903","89","89","89","19.631903","19.631903","19.631903","89","89","89","19.631903","19.631903","19.631903","89","89","89","19.631903","19.631903","19.631903","89","89","89"
"30938","-45.454544","-45.454544","-45.454544","90","90","90","-45.454544","-45.454544","-45.454544","90","90","90","-45.454544","-45.454544","-45.454544","90","90","90","-45.454544","-45.454544","-45.454544","90","90","90"
"31939","-71.0611","-71.0611","-71.0611","91","91","91","-71.0611","-71.0611","-71.0611","91","91","91","-71.0611","-71.0611","-71.0611","91","91","91","-71.0611","-71.0611","-71.0611","91","91","91"
"32940","-33.554817","-33.554817","-33.554817","99","99","99","-33.554817","-33.554817","-33.554817","99","99","99","-33.554817","-33.554817","-33.554817","99","99","99","-33.554817","-33.554817","-33.554817","99","99","99"
"33941","-66.19718","-66.19718","-66.19718","100","100","100","-63.380283","-63.380283","-63.380283","100","100","100","-66.19718","-66.19718","-66.19718","100","100","100","-63.380283","-63.380283","-63.380283","100","100","100"
"34942","-25.423729","-25.423729","-25.423729","101","101","101","-28.813559","-28.813559","-28.813559","101","101","101","-25.423729","-25.423729","-25.423729","101","101","101","-28.813559","-28.813559","-28.813559","101","101","101"
"35943","-20.2454","-20.2454","-20.2454","102","102","102","-29.447853","-29.447853","-29.447853","102","102","102","-23.312883","-23.312883","-23.312883","102","102","102","-29.447853","-29.447853","-29.447853","102","102","102"
"36944","-16.083916","-16.083916","-16.083916","110","110","110","-2.097902","-2.097902","-2.097902","110","110","110","-9.090909","-9.090909","-9.090909","110","110","110","-5.5944057","-5.5944057","-5.5944057","110","110","110"
"37945","-70.26022","-70.26022","-70.26022","111","111","111","-70.26022","-70.26022","-70.26022","111","111","111","-70.26022","-70.26022","-70.26022","111","111","111","-70.26022","-70.26022","-70.26022","111","111","111"
"38908","","","","","","","-175.48145","-175.48145","-175.48145","112","112","112","","","","","","","","","","","",""
"38946","-75.945015","-75.945015","-75.945015","112","112","112","","","","","","","-79.38145","-79.38145","-79.38145","112","112","112","-79.38145","-79.38145","-79.38145","112","112","112"
"39909","","","","","","","-35.064934","-35.064934","-35.064934","113","113","113","","","","","","","","","","","",""
"39947","-41.55844","-41.55844","-41.55844","113","113","113","","","","","","","-41.55844","-41.55844","-41.55844","113","113","113","-44.805195","-44.805195","-44.805195","113","113","113"
"40910","","","","","","","-73.154366","-73.154366","-73.154366","114","114","114","","","","","","","","","","","",""
"40948","-66.442955","-66.442955","-66.442955","114","114","114","","","","","","","-66.442955","-66.442955","-66.442955","114","114","114","-69.79866","-69.79866","-69.79866","114","114","114"
"41911","","","","","","","-66.86747","-66.86747","-66.86747","122","122","122","","","","","","","","","","","",""
"41949","-69.87952","-69.87952","-69.87952","122","122","122","","","","","","","-66.86747","-66.86747","-66.86747","122","122","122","-69.87952","-69.87952","-69.87952","122","122","122"
"42912","","","","","","","-67.2619","-67.2619","-67.2619","123","123","123","","","","","","","","","","","",""
"42950","-73.21429","-73.21429","-73.21429","123","123","123","","","","","","","-73.21429","-73.21429","-73.21429","123","123","123","-76.190475","-76.190475","-76.190475","123","123","123"
"43913","","","","","","","-49.152542","-49.152542","-49.152542","124","124","124","","","","","","","","","","","",""
"43951","-66.10169","-66.10169","-66.10169","124","124","124","","","","","","","-66.10169","-66.10169","-66.10169","124","124","124","-66.10169","-66.10169","-66.10169","124","124","124"
"44914","","","","","","","-31.034483","-31.034483","-31.034483","125","125","125","","","","","","","","","","","",""
"44952","-55.172413","-55.172413","-55.172413","125","125","125","","","","","","","-58.62069","-58.62069","-58.62069","125","125","125","-58.62069","-58.62069","-58.62069","125","125","125"
"45915","","","","","","","-60.714287","-60.714287","-60.714287","133","133","133","","","","","","","","","","","",""
"45953","-60.714287","-60.714287","-60.714287","133","133","133","","","","","","","-46.42857","-46.42857","-46.42857","133","133","133","-60.714287","-60.714287","-60.714287","133","133","133"
"46916","","","","","","","-32.83582","-32.83582","-32.83582","134","134","134","","","","","","","","","","","",""
"46954","-40.298508","-40.298508","-40.298508","134","134","134","","","","","","","-14.179105","-14.179105","-14.179105","134","134","134","-32.83582","-32.83582","-32.83582","134","134","134"
"47785","-151.94025","-151.94025","-151.94025","135","135","135","","","","","","","","","","","","","","","","","",""
"47917","","","","","","","-69.040245","-69.040245","-69.040245","135","135","135","","","","","","","","","","","",""
"47955","","","","","","","","","","","","","-72.13622","-72.13622","-72.13622","135","135","135","-75.2322","-75.2322","-75.2322","135","135","135"
"48786","-74.763405","-74.763405","-74.763405","136","136","136","","","","","","","","","","","","","","","","","",""
"48918","","","","","","","-52.68139","-52.68139","-52.68139","136","136","136","","","","","","","","","","","",""
"48956","","","","","","","","","","","","","-58.990536","-58.990536","-58.990536","136","136","136","-58.990536","-58.990536","-58.990536","136","136","136"
"49787","-31.818182","-31.818182","-31.818182","144","144","144","","","","","","","","","","","","","","","","","",""
"49919","","","","","","","-54.545456","-54.545456","-54.545456","144","144","144","","","","","","","","","","","",""
"49957","","","","","","","","","","","","","-74.02597","-74.02597","-74.02597","144","144","144","-70.77922","-70.77922","-70.77922","144","144","144"
"50788","2.4590163","2.4590163","2.4590163","145","145","145","","","","","","","","","","","","","","","","","",""
"50920","","","","","","","-30.32787","-30.32787","-30.32787","145","145","145","","","","","","","","","","","",""
"50958","","","","","","","","","","","","","-42.62295","-42.62295","-42.62295","145","145","145","-34.42623","-34.42623","-34.42623","145","145","145"
"51789","-72.60274","-72.60274","-72.60274","146","146","146","","","","","","","","","","","","","","","","","",""
"51921","","","","","","","-28.082191","-28.082191","-28.082191","146","146","146","","","","","","","","","","","",""
"51959","","","","","","","","","","","","","-62.328766","-62.328766","-62.328766","146","146","146","-28.082191","-28.082191","-28.082191","146","146","146"
"52790","-36.708862","-36.708862","-36.708862","147","147","147","","","","","","","","","","","","","","","","","",""
"52922","","","","","","","-27.215189","-27.215189","-27.215189","147","147","147","","","","","","","","","","","",""
"52960","","","","","","","","","","","","","-20.886076","-20.886076","-20.886076","147","147","147","-46.20253","-46.20253","-46.20253","147","147","147"
"53791","-27.33564","-27.33564","-27.33564","155","155","155","","","","","","","","","","","","","","","","","",""
"53923","","","","","","","-41.17647","-41.17647","-41.17647","155","155","155","","","","","","","","","","","",""
"53961","","","","","","","","","","","","","-58.47751","-58.47751","-58.47751","155","155","155","-48.096886","-48.096886","-48.096886","155","155","155"
"54564","-138.90555","-138.90555","-138.90555","156","156","156","","","","","","","","","","","","","","","","","",""
"54916","","","","","","","","","","","","","-132.8","-132.8","-132.8","156","156","156","","","","","",""
"54924","","","","","","","-23.61111","-23.61111","-23.61111","156","156","156","","","","","","","","","","","",""
"54962","","","","","","","","","","","","","","","","","","","-30.555555","-30.555555","-30.555555","156","156","156"
"55466","-163.8806","-163.8806","-163.8806","157","157","157","","","","","","","","","","","","","","","","","",""
"55917","","","","","","","","","","","","","-32.83582","-32.83582","-32.83582","157","157","157","","","","","",""
"55925","","","","","","","-47.761192","-47.761192","-47.761192","157","157","157","","","","","","","","","","","",""
"55963","","","","","","","","","","","","","","","","","","","-47.761192","-47.761192","-47.761192","157","157","157"
"56303","-150.4967","-150.4967","-150.4967","158","158","158","","","","","","","","","","","","","","","","","",""
"56918","","","","","","","","","","","","","-14.19142","-14.19142","-14.19142","158","158","158","","","","","",""
"56926","","","","","","","-73.59736","-73.59736","-73.59736","158","158","158","","","","","","","","","","","",""
"56964","","","","","","","","","","","","","","","","","","","-10.891089","-10.891089","-10.891089","158","158","158"
"57304","-24.731182","-24.731182","-24.731182","159","159","159","","","","","","","","","","","","","","","","","",""
"57919","","","","","","","","","","","","","-46.23656","-46.23656","-46.23656","166","166","166","","","","","",""
"57927","","","","","","","-60.573475","-60.573475","-60.573475","166","166","166","","","","","","","","","","","",""
"57965","","","","","","","","","","","","","","","","","","","-64.15771","-64.15771","-64.15771","166","166","166"
"58305","-50.177937","-50.177937","-50.177937","167","167","167","","","","","","","","","","","","","","","","","",""
"58920","","","","","","","","","","","","","-71.53025","-71.53025","-71.53025","167","167","167","","","","","",""
"58928","","","","","","","-39.501778","-39.501778","-39.501778","167","167","167","","","","","","","","","","","",""
"58966","","","","","","","","","","","","","","","","","","","-32.384342","-32.384342","-32.384342","167","167","167"
"59173","-144.04681","-144.04681","-144.04681","168","168","168","","","","","","","","","","","","","","","","","",""
"59894","-149.84117","-149.84117","-149.84117","169","169","169","","","","","","","","","","","","","","","","","",""
"59921","","","","","","","","","","","","","-68.085106","-68.085106","-68.085106","168","168","168","","","","","",""
"59929","","","","","","","-60.99291","-60.99291","-60.99291","168","168","168","","","","","","","","","","","",""
"59967","","","","","","","","","","","","","","","","","","","-60.99291","-60.99291","-60.99291","168","168","168"
"60895","-28.853754","-28.853754","-28.853754","170","170","170","","","","","","","","","","","","","","","","","",""
"60922","","","","","","","","","","","","","-66.911766","-66.911766","-66.911766","169","169","169","","","","","",""
"60930","","","","","","","-70.588234","-70.588234","-70.588234","169","169","169","","","","","","","","","","","",""
"60968","","","","","","","","","","","","","","","","","","","-70.588234","-70.588234","-70.588234","169","169","169"
"61896","-29.032259","-29.032259","-29.032259","178","178","178","","","","","","","","","","","","","","","","","",""
"61923","","","","","","","","","","","","","-56.52174","-56.52174","-56.52174","177","177","177","","","","","",""
"61931","","","","","","","-16.996048","-16.996048","-16.996048","177","177","177","","","","","","","","","","","",""
"61969","","","","","","","","","","","","","","","","","","","-76.284584","-76.284584","-76.284584","177","177","177"
"62897","-63.934425","-63.934425","-63.934425","179","179","179","","","","","","","","","","","","","","","","","",""
"62924","","","","","","","","","","","","","-19.35484","-19.35484","-19.35484","178","178","178","","","","","",""
"62932","","","","","","","-58.064518","-58.064518","-58.064518","178","178","178","","","","","","","","","","","",""
"62970","","","","","","","","","","","","","","","","","","","-16.129032","-16.129032","-16.129032","178","178","178"
"63898","-68.85813","-68.85813","-68.85813","180","180","180","","","","","","","","","","","","","","","","","",""
"63925","","","","","","","","","","","","","-11.4754095","-11.4754095","-11.4754095","179","179","179","","","","","",""
"63933","","","","","","","1.6393442","1.6393442","1.6393442","179","179","179","","","","","","","","","","","",""
"63971","","","","","","","","","","","","","","","","","","","-63.934425","-63.934425","-63.934425","179","179","179"
"64899","-67.741936","-67.741936","-67.741936","181","181","181","","","","","","","","","","","","","","","","","",""
"64926","","","","","","","","","","","","","-68.85813","-68.85813","-68.85813","180","180","180","","","","","",""
"64934","","","","","","","-75.77855","-75.77855","-75.77855","180","180","180","","","","","","","","","","","",""
"64972","","","","","","","","","","","","","","","","","","","-75.77855","-75.77855","-75.77855","180","180","180"
"65900","20.437956","20.437956","20.437956","189","189","189","","","","","","","","","","","","","","","","","",""
"65927","","","","","","","","","","","","","-56.989246","-56.989246","-56.989246","188","188","188","","","","","",""
"65935","","","","","","","-64.15771","-64.15771","-64.15771","188","188","188","","","","","","","","","","","",""
"65973","","","","","","","","","","","","","","","","","","","-35.48387","-35.48387","-35.48387","188","188","188"
"66901","-47.36842","-47.36842","-47.36842","190","190","190","","","","","","","","","","","","","","","","","",""
"66928","","","","","","","","","","","","","-63.50365","-63.50365","-63.50365","189","189","189","","","","","",""
"66936","","","","","","","-56.20438","-56.20438","-56.20438","189","189","189","","","","","","","","","","","",""
"66974","","","","","","","","","","","","","","","","","","","-27.0073","-27.0073","-27.0073","189","189","189"
"67902","-67.741936","-67.741936","-67.741936","191","191","191","","","","","","","","","","","","","","","","","",""
"67929","","","","","","","","","","","","","-44.07895","-44.07895","-44.07895","190","190","190","","","","","",""
"67937","","","","","","","-47.36842","-47.36842","-47.36842","190","190","190","","","","","","","","","","","",""
"67975","","","","","","","","","","","","","","","","","","","-34.210526","-34.210526","-34.210526","190","190","190"
"68903","-55.83596","-55.83596","-55.83596","192","192","192","","","","","","","","","","","","","","","","","",""
"68930","","","","","","","","","","","","","11.111111","11.111111","11.111111","191","191","191","","","","","",""
"68938","","","","","","","-53.405018","-53.405018","-53.405018","191","191","191","","","","","","","","","","","",""
"68976","","","","","","","","","","","","","","","","","","","-46.23656","-46.23656","-46.23656","191","191","191"
"69692","-135.07584","-135.07584","-135.07584","200","200","200","","","","","","","","","","","","","","","","","",""
"69931","","","","","","","","","","","","","-62.14511","-62.14511","-62.14511","199","199","199","","","","","",""
"69939","","","","","","","-62.14511","-62.14511","-62.14511","199","199","199","","","","","","","","","","","",""
"69977","","","","","","","","","","","","","","","","","","","-77.917984","-77.917984","-77.917984","199","199","199"
"70693","-56.37584","-56.37584","-56.37584","201","201","201","","","","","","","","","","","","","","","","","",""
"70932","","","","","","","","","","","","","-39.597317","-39.597317","-39.597317","200","200","200","","","","","",""
"70940","","","","","","","4.0268455","4.0268455","4.0268455","200","200","200","","","","","","","","","","","",""
"70978","","","","","","","","","","","","","","","","","","","-9.395973","-9.395973","-9.395973","200","200","200"
"71694","-65.63574","-65.63574","-65.63574","202","202","202","","","","","","","","","","","","","","","","","",""
"71933","","","","","","","","","","","","","-39.597317","-39.597317","-39.597317","201","201","201","","","","","",""
"71941","","","","","","","14.09396","14.09396","14.09396","201","201","201","","","","","","","","","","","",""
"71979","","","","","","","","","","","","","","","","","","","-66.442955","-66.442955","-66.442955","201","201","201"
"72695","-42.942944","-42.942944","-42.942944","203","203","203","","","","","","","","","","","","","","","","","",""
"72934","","","","","","","","","","","","","-20.9622","-20.9622","-20.9622","202","202","202","","","","","",""
"72942","","","","","","","6.5292096","6.5292096","6.5292096","202","202","202","","","","","","","","","","","",""
"72980","","","","","","","","","","","","","","","","","","","-55.32646","-55.32646","-55.32646","202","202","202"
"73696","-49.20635","-49.20635","-49.20635","204","204","204","","","","","","","","","","","","","","","","","",""
"73935","","","","","","","","","","","","","-45.945946","-45.945946","-45.945946","210","210","210","","","","","",""
"73943","","","","","","","-51.95195","-51.95195","-51.95195","210","210","210","","","","","","","","","","","",""
"73981","","","","","","","","","","","","","","","","","","","-60.96096","-60.96096","-60.96096","210","210","210"
"74697","28.289474","28.289474","28.289474","212","212","212","","","","","","","","","","","","","","","","","",""
"74936","","","","","","","","","","","","","-4.7619047","-4.7619047","-4.7619047","211","211","211","","","","","",""
"74944","","","","","","","-68.25397","-68.25397","-68.25397","211","211","211","","","","","","","","","","","",""
"74982","","","","","","","","","","","","","","","","","","","-7.9365077","-7.9365077","-7.9365077","211","211","211"
"75698","-42.528736","-42.528736","-42.528736","213","213","213","","","","","","","","","","","","","","","","","",""
"75937","","","","","","","","","","","","","48.026318","48.026318","48.026318","212","212","212","","","","","",""
"75945","","","","","","","-63.81579","-63.81579","-63.81579","212","212","212","","","","","","","","","","","",""
"75983","","","","","","","","","","","","","","","","","","","-60.526318","-60.526318","-60.526318","212","212","212"
"76699","-51.219513","-51.219513","-51.219513","214","214","214","","","","","","","","","","","","","","","","","",""
"76938","","","","","","","","","","","","","22.605364","22.605364","22.605364","213","213","213","","","","","",""
"76946","","","","","","","-11.877395","-11.877395","-11.877395","213","213","213","","","","","","","","","","","",""
"76984","","","","","","","","","","","","","","","","","","","-15.708813","-15.708813","-15.708813","213","213","213"
"77526","-149.16667","-149.16667","-149.16667","215","215","215","","","","","","","","","","","","","","","","","",""
"77939","","","","","","","","","","","","","-55.284554","-55.284554","-55.284554","221","221","221","","","","","",""
"77947","","","","","","","-34.95935","-34.95935","-34.95935","221","221","221","","","","","","","","","","","",""
"77985","","","","","","","","","","","","","","","","","","","1.6260163","1.6260163","1.6260163","221","221","221"
"78527","-63.099632","-63.099632","-63.099632","223","223","223","","","","","","","","","","","","","","","","","",""
"78940","","","","","","","","","","","","","6.6666665","6.6666665","6.6666665","222","222","222","","","","","",""
"78948","","","","","","","-20","-20","-20","222","222","222","","","","","","","","","","","",""
"78986","","","","","","","","","","","","","","","","","","","-66.666664","-66.666664","-66.666664","222","222","222"
"79528","-33.774834","-33.774834","-33.774834","224","224","224","","","","","","","","","","","","","","","","","",""
"79941","","","","","","","","","","","","","-7.7490773","-7.7490773","-7.7490773","223","223","223","","","","","",""
"79949","","","","","","","-33.579334","-33.579334","-33.579334","223","223","223","","","","","","","","","","","",""
"79987","","","","","","","","","","","","","","","","","","","-33.579334","-33.579334","-33.579334","223","223","223"
"80524","-160.93846","-160.93846","-160.93846","225","225","225","","","","","","","","","","","","","","","","","",""
"80942","","","","","","","","","","","","","-10.596026","-10.596026","-10.596026","224","224","224","","","","","",""
"80950","","","","","","","-17.218542","-17.218542","-17.218542","224","224","224","","","","","","","","","","","",""
"80988","","","","","","","","","","","","","","","","","","","-0.66225165","-0.66225165","-0.66225165","224","224","224"
"81525","-62.457336","-62.457336","-62.457336","226","226","226","","","","","","","","","","","","","","","","","",""
"81853","","","","","","","","","","","","","","","","","","","-119.86643","-119.86643","-119.86643","225","225","225"
"81943","","","","","","","","","","","","","-40.55944","-40.55944","-40.55944","232","232","232","","","","","",""
"81951","","","","","","","-40.55944","-40.55944","-40.55944","232","232","232","","","","","","","","","","","",""
"82472","","","","","","","-131.42218","-131.42218","-131.42218","233","233","233","","","","","","","","","","","",""
"82526","-66.666664","-66.666664","-66.666664","234","234","234","","","","","","","","","","","","","","","","","",""
"82850","","","","","","","","","","","","","","","","","","","-172.19624","-172.19624","-172.19624","233","233","233"
"82899","","","","","","","","","","","","","-171.50922","-171.50922","-171.50922","233","233","233","","","","","",""
"83473","","","","","","","-44.444443","-44.444443","-44.444443","234","234","234","","","","","","","","","","","",""
"83527","-24.050632","-24.050632","-24.050632","235","235","235","","","","","","","","","","","","","","","","","",""
"83851","","","","","","","","","","","","","","","","","","","11.111111","11.111111","11.111111","234","234","234"
"83900","","","","","","","","","","","","","-62.962963","-62.962963","-62.962963","234","234","234","","","","","",""
"84474","","","","","","","-58.86076","-58.86076","-58.86076","235","235","235","","","","","","","","","","","",""
"84528","-20.127796","-20.127796","-20.127796","236","236","236","","","","","","","","","","","","","","","","","",""
"84792","","","","","","","","","","","","","","","","","","","-140.10254","-140.10254","-140.10254","235","235","235"
"84901","","","","","","","","","","","","","-20.886076","-20.886076","-20.886076","235","235","235","","","","","",""
"85475","","","","","","","-32.90735","-32.90735","-32.90735","236","236","236","","","","","","","","","","","",""
"85529","10.687023","10.687023","10.687023","237","237","237","","","","","","","","","","","","","","","","","",""
"85587","","","","","","","","","","","","","","","","","","","-153.74089","-153.74089","-153.74089","236","236","236"
"85902","","","","","","","","","","","","","120.44728","120.44728","120.44728","236","236","236","","","","","",""
"86476","","","","","","","-19.847328","-19.847328","-19.847328","244","244","244","","","","","","","","","","","",""
"86530","-22.794117","-22.794117","-22.794117","245","245","245","","","","","","","","","","","","","","","","","",""
"86588","","","","","","","","","","","","","","","","","","","-46.564884","-46.564884","-46.564884","244","244","244"
"86903","","","","","","","","","","","","","56.48855","56.48855","56.48855","244","244","244","","","","","",""
"87477","","","","","","","-48.52941","-48.52941","-48.52941","245","245","245","","","","","","","","","","","",""
"87531","-74.842766","-74.842766","-74.842766","246","246","246","","","","","","","","","","","","","","","","","",""
"87589","","","","","","","","","","","","","","","","","","","-44.85294","-44.85294","-44.85294","245","245","245"
"87904","","","","","","","","","","","","","-52.205883","-52.205883","-52.205883","245","245","245","","","","","",""
"88478","","","","","","","-62.264153","-62.264153","-62.264153","246","246","246","","","","","","","","","","","",""
"88532","-60.13289","-60.13289","-60.13289","247","247","247","","","","","","","","","","","","","","","","","",""
"88590","","","","","","","","","","","","","","","","","","","-55.974842","-55.974842","-55.974842","246","246","246"
"88905","","","","","","","","","","","","","3.7735848","3.7735848","3.7735848","246","246","246","","","","","",""
"89479","","","","","","","-53.488373","-53.488373","-53.488373","247","247","247","","","","","","","","","","","",""
"89533","-17.857143","-17.857143","-17.857143","248","248","248","","","","","","","","","","","","","","","","","",""
"89591","","","","","","","","","","","","","","","","","","","-16.943521","-16.943521","-16.943521","247","247","247"
"89906","","","","","","","","","","","","","-40.199337","-40.199337","-40.199337","247","247","247","","","","","",""
"90480","","","","","","","-46.42857","-46.42857","-46.42857","255","255","255","","","","","","","","","","","",""
"90534","-81.48148","-81.48148","-81.48148","256","256","256","","","","","","","","","","","","","","","","","",""
"90592","","","","","","","","","","","","","","","","","","","-75","-75","-75","255","255","255"
"90907","","","","","","","","","","","","","-50","-50","-50","255","255","255","","","","","",""
"91481","","","","","","","-29.012346","-29.012346","-29.012346","256","256","256","","","","","","","","","","","",""
"91535","-7.643312","-7.643312","-7.643312","257","257","257","","","","","","","","","","","","","","","","","",""
"91593","","","","","","","","","","","","","","","","","","","-59.876545","-59.876545","-59.876545","256","256","256"
"91908","","","","","","","","","","","","","-38.271606","-38.271606","-38.271606","256","256","256","","","","","",""
"92482","","","","","","","-68.15286","-68.15286","-68.15286","257","257","257","","","","","","","","","","","",""
"92536","-26.31579","-26.31579","-26.31579","258","258","258","","","","","","","","","","","","","","","","","",""
"92569","","","","","","","","","","","","","","","","","","","-155.99873","-155.99873","-155.99873","257","257","257"
"92909","","","","","","","","","","","","","-49.044586","-49.044586","-49.044586","257","257","257","","","","","",""
"93381","-139.9962","-139.9962","-139.9962","259","259","259","","","","","","","","","","","","","","","","","",""
"93483","","","","","","","-29.824562","-29.824562","-29.824562","258","258","258","","","","","","","","","","","",""
"93570","","","","","","","","","","","","","","","","","","","-36.842106","-36.842106","-36.842106","258","258","258"
"93910","","","","","","","","","","","","","8.77193","8.77193","8.77193","258","258","258","","","","","",""
"94382","-46.23656","-46.23656","-46.23656","267","267","267","","","","","","","","","","","","","","","","","",""
"94484","","","","","","","-1.8987342","-1.8987342","-1.8987342","266","266","266","","","","","","","","","","","",""
"94571","","","","","","","","","","","","","","","","","","","-27.215189","-27.215189","-27.215189","266","266","266"
"94911","","","","","","","","","","","","","-62.02532","-62.02532","-62.02532","266","266","266","","","","","",""
"95383","-11.538462","-11.538462","-11.538462","268","268","268","","","","","","","","","","","","","","","","","",""
"95485","","","","","","","-21.146954","-21.146954","-21.146954","267","267","267","","","","","","","","","","","",""
"95572","","","","","","","","","","","","","","","","","","","-56.989246","-56.989246","-56.989246","267","267","267"
"95912","","","","","","","","","","","","","-10.394265","-10.394265","-10.394265","267","267","267","","","","","",""
"96384","-28.082191","-28.082191","-28.082191","269","269","269","","","","","","","","","","","","","","","","","",""
"96486","","","","","","","-65.38461","-65.38461","-65.38461","268","268","268","","","","","","","","","","","",""
"96573","","","","","","","","","","","","","","","","","","","-30.76923","-30.76923","-30.76923","268","268","268"
"96913","","","","","","","","","","","","","57.692307","57.692307","57.692307","268","268","268","","","","","",""
"97385","-40.520447","-40.520447","-40.520447","270","270","270","","","","","","","","","","","","","","","","","",""
"97487","","","","","","","-38.356163","-38.356163","-38.356163","269","269","269","","","","","","","","","","","",""
"97574","","","","","","","","","","","","","","","","","","","-45.20548","-45.20548","-45.20548","269","269","269"
"97914","","","","","","","","","","","","","-45.20548","-45.20548","-45.20548","269","269","269","","","","","",""
"98278","-140.7129","-140.7129","-140.7129","271","271","271","","","","","","","","","","","","","","","","","",""
"98488","","","","","","","-77.69517","-77.69517","-77.69517","277","277","277","","","","","","","","","","","",""
"98575","","","","","","","","","","","","","","","","","","","-51.672863","-51.672863","-51.672863","277","277","277"
"98915","","","","","","","","","","","","","-7.063197","-7.063197","-7.063197","277","277","277","","","","","",""
"99279","-5.084746","-5.084746","-5.084746","279","279","279","","","","","","","","","","","","","","","","","",""
"99489","","","","","","","-35.48387","-35.48387","-35.48387","278","278","278","","","","","","","","","","","",""
"99576","","","","","","","","","","","","","","","","","","","-51.612904","-51.612904","-51.612904","278","278","278"
"99916","","","","","","","","","","","","","3.2258065","3.2258065","3.2258065","278","278","278","","","","","",""
"100280","-30.921053","-30.921053","-30.921053","280","280","280","","","","","","","","","","","","","","","","","",""
"100490","","","","","","","55.932205","55.932205","55.932205","279","279","279","","","","","","","","","","","",""
"100577","","","","","","","","","","","","","","","","","","","62.711864","62.711864","62.711864","279","279","279"
"100917","","","","","","","","","","","","","22.033897","22.033897","22.033897","279","279","279","","","","","",""
"101281","-56.666668","-56.666668","-56.666668","281","281","281","","","","","","","","","","","","","","","","","",""
"101491","","","","","","","38.157894","38.157894","38.157894","280","280","280","","","","","","","","","","","",""
"101578","","","","","","","","","","","","","","","","","","","-60.526318","-60.526318","-60.526318","280","280","280"
"101800","","","","","","","","","","","","","-151.91579","-151.91579","-151.91579","280","280","280","","","","","",""
"102048","-105.32562","-105.32562","-105.32562","282","282","282","","","","","","","","","","","","","","","","","",""
"102279","","","","","","","-158.6","-158.6","-158.6","281","281","281","","","","","","","","","","","",""
"102579","","","","","","","","","","","","","","","","","","","-2.5687785e-13","-2.5687785e-13","-2.5687785e-13","288","288","288"
"102801","","","","","","","","","","","","","3.3333333","3.3333333","3.3333333","288","288","288","","","","","",""
"103049","-19.298246","-19.298246","-19.298246","290","290","290","","","","","","","","","","","","","","","","","",""
"103280","","","","","","","-46.619217","-46.619217","-46.619217","289","289","289","","","","","","","","","","","",""
"103580","","","","","","","","","","","","","","","","","","","117.08185","117.08185","117.08185","289","289","289"
"103802","","","","","","","","","","","","","-25.266905","-25.266905","-25.266905","289","289","289","","","","","",""
"104050","-41.368076","-41.368076","-41.368076","291","291","291","","","","","","","","","","","","","","","","","",""
"104281","","","","","","","-26.31579","-26.31579","-26.31579","290","290","290","","","","","","","","","","","",""
"104581","","","","","","","","","","","","","","","","","","","1.754386","1.754386","1.754386","290","290","290"
"104803","","","","","","","","","","","","","-33.333332","-33.333332","-33.333332","290","290","290","","","","","",""
"105044","-161.26897","-161.26897","-161.26897","292","292","292","","","","","","","","","","","","","","","","","",""
"105203","","","","","","","-117.081436","-117.081436","-117.081436","291","291","291","","","","","","","","","","","",""
"105582","","","","","","","","","","","","","","","","","","","0.9771987","0.9771987","0.9771987","291","291","291"
"105804","","","","","","","","","","","","","23.778502","23.778502","23.778502","291","291","291","","","","","",""
"106045","-36.619717","-36.619717","-36.619717","293","293","293","","","","","","","","","","","","","","","","","",""
"106204","","","","","","","-6.8965516","-6.8965516","-6.8965516","292","292","292","","","","","","","","","","","",""
"106491","-124.59802","-124.59802","-124.59802","294","294","294","","","","","","","","","","","","","","","","","",""
"106583","","","","","","","","","","","","","","","","","","","-2.8529956e-13","-2.8529956e-13","-2.8529956e-13","299","299","299"
"106805","","","","","","","","","","","","","-41.37931","-41.37931","-41.37931","299","299","299","","","","","",""
"107124","-136.07297","-136.07297","-136.07297","302","302","302","","","","","","","","","","","","","","","","","",""
"107163","","","","","","","-121.75634","-121.75634","-121.75634","300","300","300","","","","","","","","","","","",""
"107395","","","","","","","","","","","","","","","","","","","-114.098595","-114.098595","-114.098595","300","300","300"
"107806","","","","","","","","","","","","","-29.577465","-29.577465","-29.577465","300","300","300","","","","","",""
"108125","-13.043478","-13.043478","-13.043478","303","303","303","","","","","","","","","","","","","","","","","",""
"108164","","","","","","","-30.69307","-30.69307","-30.69307","301","301","301","","","","","","","","","","","",""
"108396","","","","","","","","","","","","","","","","","","","25.41254","25.41254","25.41254","301","301","301"
"108807","","","","","","","","","","","","","68.31683","68.31683","68.31683","301","301","301","","","","","",""
"109126","1.8181819","1.8181819","1.8181819","304","304","304","","","","","","","","","","","","","","","","","",""
"109165","","","","","","","-12.162162","-12.162162","-12.162162","302","302","302","","","","","","","","","","","",""
"109397","","","","","","","","","","","","","","","","","","","-15.540541","-15.540541","-15.540541","302","302","302"
"109808","","","","","","","","","","","","","-2.0270271","-2.0270271","-2.0270271","302","302","302","","","","","",""
"110127","-10.11236","-10.11236","-10.11236","305","305","305","","","","","","","","","","","","","","","","","",""
"110166","","","","","","","-53.177258","-53.177258","-53.177258","303","303","303","","","","","","","","","","","",""
"110398","","","","","","","","","","","","","","","","","","","-56.52174","-56.52174","-56.52174","303","303","303"
"110809","","","","","","","","","","","","","0.33444816","0.33444816","0.33444816","310","310","310","","","","","",""
"111128","34.545456","34.545456","34.545456","313","313","313","","","","","","","","","","","","","","","","","",""
"111167","","","","","","","-9.090909","-9.090909","-9.090909","311","311","311","","","","","","","","","","","",""
"111399","","","","","","","","","","","","","","","","","","","-52.727272","-52.727272","-52.727272","311","311","311"
"111810","","","","","","","","","","","","","-16.363636","-16.363636","-16.363636","311","311","311","","","","","",""
"112129","-13.793103","-13.793103","-13.793103","314","314","314","","","","","","","","","","","","","","","","","",""
"112168","","","","","","","-10.11236","-10.11236","-10.11236","312","312","312","","","","","","","","","","","",""
"112400","","","","","","","","","","","","","","","","","","","124.7191","124.7191","124.7191","312","312","312"
"112811","","","","","","","","","","","","","135.95506","135.95506","135.95506","312","312","312","","","","","",""
"113130","11.111111","11.111111","11.111111","315","315","315","","","","","","","","","","","","","","","","","",""
"113169","","","","","","","27.272728","27.272728","27.272728","313","313","313","","","","","","","","","","","",""
"113401","","","","","","","","","","","","","","","","","","","23.636364","23.636364","23.636364","313","313","313"
"113812","","","","","","","","","","","","","92.72727","92.72727","92.72727","313","313","313","","","","","",""
"114131","-7.8014183","-7.8014183","-7.8014183","316","316","316","","","","","","","","","","","","","","","","","",""
"114170","","","","","","","10.344828","10.344828","10.344828","314","314","314","","","","","","","","","","","",""
"114293","","","","","","","","","","","","","","","","","","","-78.655174","-78.655174","-78.655174","314","314","314"
"114691","","","","","","","-129.02419","-129.02419","-129.02419","322","322","322","","","","","","","","","","","",""
"114813","","","","","","","","","","","","","20.689655","20.689655","20.689655","321","321","321","","","","","",""
"115132","48.85496","48.85496","48.85496","324","324","324","","","","","","","","","","","","","","","","","",""
"115294","","","","","","","","","","","","","","","","","","","47.058823","47.058823","47.058823","322","322","322"
"115523","","","","","","","-158.1773","-158.1773","-158.1773","323","323","323","","","","","","","","","","","",""
"115814","","","","","","","","","","","","","-15.03268","-15.03268","-15.03268","322","322","322","","","","","",""
"116133","61.392406","61.392406","61.392406","325","325","325","","","","","","","","","","","","","","","","","",""
"116295","","","","","","","","","","","","","","","","","","","155.31915","155.31915","155.31915","323","323","323"
"116524","","","","","","","-35.114502","-35.114502","-35.114502","324","324","324","","","","","","","","","","","",""
"116815","","","","","","","","","","","","","17.021276","17.021276","17.021276","323","323","323","","","","","",""
"117073","","","","","","","","","","","","","","","","","","","-70.729774","-70.729774","-70.729774","324","324","324"
"117134","13.879004","13.879004","13.879004","326","326","326","","","","","","","","","","","","","","","","","",""
"117525","","","","","","","-46.20253","-46.20253","-46.20253","325","325","325","","","","","","","","","","","",""
"117816","","","","","","","","","","","","","-19.847328","-19.847328","-19.847328","324","324","324","","","","","",""
"118007","-164.807","-164.807","-164.807","327","327","327","","","","","","","","","","","","","","","","","",""
"118074","","","","","","","","","","","","","","","","","","","-14.556962","-14.556962","-14.556962","325","325","325"
"118526","","","","","","","-53.736656","-53.736656","-53.736656","326","326","326","","","","","","","","","","","",""
"118817","","","","","","","","","","","","","-65.18987","-65.18987","-65.18987","332","332","332","","","","","",""
"119008","59.183674","59.183674","59.183674","335","335","335","","","","","","","","","","","","","","","","","",""
"119075","","","","","","","","","","","","","","","","","","","-14.590747","-14.590747","-14.590747","333","333","333"
"119527","","","","","","","-14.012739","-14.012739","-14.012739","334","334","334","","","","","","","","","","","",""
"119818","","","","","","","","","","","","","-11.032028","-11.032028","-11.032028","333","333","333","","","","","",""
"120009","186.8217","186.8217","186.8217","336","336","336","","","","","","","","","","","","","","","","","",""
"120076","","","","","","","","","","","","","","","","","","","78.34395","78.34395","78.34395","334","334","334"
"120528","","","","","","","-6.122449","-6.122449","-6.122449","335","335","335","","","","","","","","","","","",""
"120819","","","","","","","","","","","","","-26.751593","-26.751593","-26.751593","334","334","334","","","","","",""
"121010","-43.037975","-43.037975","-43.037975","337","337","337","","","","","","","","","","","","","","","","","",""
"121065","","","","","","","-83.73256","-83.73256","-83.73256","336","336","336","","","","","","","","","","","",""
"121077","","","","","","","","","","","","","","","","","","","67.34694","67.34694","67.34694","335","335","335"
"121692","-106.90675","-106.90675","-106.90675","338","338","338","","","","","","","","","","","","","","","","","",""
"121820","","","","","","","","","","","","","-14.285714","-14.285714","-14.285714","335","335","335","","","","","",""
"122066","","","","","","","-8.227848","-8.227848","-8.227848","337","337","337","","","","","","","","","","","",""
"122078","","","","","","","","","","","","","","","","","","","55.03876","55.03876","55.03876","336","336","336"
"122693","-38.14433","-38.14433","-38.14433","339","339","339","","","","","","","","","","","","","","","","","",""
"122706","","","","","","","-144.5074","-144.5074","-144.5074","338","338","338","","","","","","","","","","","",""
"122821","","","","","","","","","","","","","31.782946","31.782946","31.782946","336","336","336","","","","","",""
"123079","","","","","","","","","","","","","","","","","","","-62.02532","-62.02532","-62.02532","344","344","344"
"123694","4.089219","4.089219","4.089219","347","347","347","","","","","","","","","","","","","","","","","",""
"123707","","","","","","","-3.7800686","-3.7800686","-3.7800686","346","346","346","","","","","","","","","","","",""
"123822","","","","","","","","","","","","","-1.8987342","-1.8987342","-1.8987342","344","344","344","","","","","",""
"124080","","","","","","","","","","","","","","","","","","","41.4791","41.4791","41.4791","345","345","345"
"124695","-40.199337","-40.199337","-40.199337","348","348","348","","","","","","","","","","","","","","","","","",""
"124708","","","","","","","63.56877","63.56877","63.56877","347","347","347","","","","","","","","","","","",""
"124823","","","","","","","","","","","","","54.340836","54.340836","54.340836","345","345","345","","","","","",""
"125081","","","","","","","","","","","","","","","","","","","37.457047","37.457047","37.457047","346","346","346"
"125326","","","","","","","-105.1216","-105.1216","-105.1216","348","348","348","","","","","","","","","","","",""
"125696","5.084746","5.084746","5.084746","349","349","349","","","","","","","","","","","","","","","","","",""
"125824","","","","","","","","","","","","","34.02062","34.02062","34.02062","346","346","346","","","","","",""
"126082","","","","","","","","","","","","","","","","","","","0.37174723","0.37174723","0.37174723","347","347","347"
"126254","-107.98095","-107.98095","-107.98095","350","350","350","","","","","","","","","","","","","","","","","",""
"126327","","","","","","","32.20339","32.20339","32.20339","349","349","349","","","","","","","","","","","",""
"126819","","","","","","","","","","","","","-121.233086","-121.233086","-121.233086","347","347","347","","","","","",""
"127083","","","","","","","","","","","","","","","","","","","36.212624","36.212624","36.212624","355","355","355"
"127255","-28.79257","-28.79257","-28.79257","358","358","358","","","","","","","","","","","","","","","","","",""
"127328","","","","","","","87.07483","87.07483","87.07483","357","357","357","","","","","","","","","","","",""
"127820","","","","","","","","","","","","","39.534885","39.534885","39.534885","355","355","355","","","","","",""
"128015","","","","","","","-106.5805","-106.5805","-106.5805","358","358","358","","","","","","","","","","","",""
"128084","","","","","","","","","","","","","","","","","","","93.22034","93.22034","93.22034","356","356","356"
"128256","33.333332","33.333332","33.333332","359","359","359","","","","","","","","","","","","","","","","","",""
"128821","","","","","","","","","","","","","-25.423729","-25.423729","-25.423729","356","356","356","","","","","",""
"129016","","","","","","","-33.333332","-33.333332","-33.333332","359","359","359","","","","","","","","","","","",""
"129065","-131.5772","-131.5772","-131.5772","360","360","360","","","","","","","","","","","","","","","","","",""
"129085","","","","","","","","","","","","","","","","","","","178.91156","178.91156","178.91156","357","357","357"
"129822","","","","","","","","","","","","","32.65306","32.65306","32.65306","357","357","357","","","","","",""
"130017","","","","","","","19.298246","19.298246","19.298246","360","360","360","","","","","","","","","","","",""
"130066","34.482758","34.482758","34.482758","361","361","361","","","","","","","","","","","","","","","","","",""
"130086","","","","","","","","","","","","","","","","","","","14.551084","14.551084","14.551084","358","358","358"
"130675","","","","","","","-134.56552","-134.56552","-134.56552","361","361","361","","","","","","","","","","","",""
"130823","","","","","","","","","","","","","166.25388","166.25388","166.25388","358","358","358","","","","","",""
"131067","-51.140064","-51.140064","-51.140064","362","362","362","","","","","","","","","","","","","","","","","",""
"131087","","","","","","","","","","","","","","","","","","","-20","-20","-20","366","366","366"
"131676","","","","","","","-15.309446","-15.309446","-15.309446","369","369","369","","","","","","","","","","","",""
"131707","-98.44052","-98.44052","-98.44052","370","370","370","","","","","","","","","","","","","","","","","",""
"131824","","","","","","","","","","","","","-33.333332","-33.333332","-33.333332","366","366","366","","","","","",""
"132088","","","","","","","","","","","","","","","","","","","12.280702","12.280702","12.280702","367","367","367"
"132677","","","","","","","14.379085","14.379085","14.379085","370","370","370","","","","","","","","","","","",""
"132708","7.4074073","7.4074073","7.4074073","371","371","371","","","","","","","","","","","","","","","","","",""
"132825","","","","","","","","","","","","","43.85965","43.85965","43.85965","367","367","367","","","","","",""
"133089","","","","","","","","","","","","","","","","","","","172.41379","172.41379","172.41379","368","368","368"
"133678","","","","","","","-40.74074","-40.74074","-40.74074","371","371","371","","","","","","","","","","","",""
"133709","5.9602647","5.9602647","5.9602647","372","372","372","","","","","","","","","","","","","","","","","",""
"133826","","","","","","","","","","","","","-55.172413","-55.172413","-55.172413","368","368","368","","","","","",""
"134090","","","","","","","","","","","","","","","","","","","-25.081432","-25.081432","-25.081432","369","369","369"
"134679","","","","","","","-23.841059","-23.841059","-23.841059","372","372","372","","","","","","","","","","","",""
"134710","-33.333332","-33.333332","-33.333332","373","373","373","","","","","","","","","","","","","","","","","",""
"134827","","","","","","","","","","","","","-47.882736","-47.882736","-47.882736","369","369","369","","","","","",""
"135091","","","","","","","","","","","","","","","","","","","138.56209","138.56209","138.56209","370","370","370"
"135477","","","","","","","-158.54736","-158.54736","-158.54736","380","380","380","","","","","","","","","","","",""
"135711","12.676056","12.676056","12.676056","381","381","381","","","","","","","","","","","","","","","","","",""
"135828","","","","","","","","","","","","","-31.37255","-31.37255","-31.37255","377","377","377","","","","","",""
"136092","","","","","","","","","","","","","","","","","","","-14.814815","-14.814815","-14.814815","378","378","378"
"136478","","","","","","","-64.788734","-64.788734","-64.788734","381","381","381","","","","","","","","","","","",""
"136712","57.706093","57.706093","57.706093","382","382","382","","","","","","","","","","","","","","","","","",""
"136829","","","","","","","","","","","","","14.814815","14.814815","14.814815","378","378","378","","","","","",""
"137093","","","","","","","","","","","","","","","","","","","29.139072","29.139072","29.139072","379","379","379"
"137479","","","","","","","7.5268817","7.5268817","7.5268817","382","382","382","","","","","","","","","","","",""
"137713","31.661442","31.661442","31.661442","383","383","383","","","","","","","","","","","","","","","","","",""
"137830","","","","","","","","","","","","","2.6490066","2.6490066","2.6490066","379","379","379","","","","","",""
"138094","","","","","","","","","","","","","","","","","","","212.2807","212.2807","212.2807","380","380","380"
"138428","-135.81613","-135.81613","-135.81613","384","384","384","","","","","","","","","","","","","","","","","",""
"138480","","","","","","","-21.630095","-21.630095","-21.630095","383","383","383","","","","","","","","","","","",""
"138831","","","","","","","","","","","","","12.280702","12.280702","12.280702","380","380","380","","","","","",""
"139095","","","","","","","","","","","","","","","","","","","61.971832","61.971832","61.971832","381","381","381"
"139429","99.28825","99.28825","99.28825","392","392","392","","","","","","","","","","","","","","","","","",""
"139481","","","","","","","-45.16129","-45.16129","-45.16129","391","391","391","","","","","","","","","","","",""
"139832","","","","","","","","","","","","","234.50705","234.50705","234.50705","388","388","388","","","","","",""
"140096","","","","","","","","","","","","","","","","","","","391.03943","391.03943","391.03943","389","389","389"
"140430","-14.089347","-14.089347","-14.089347","393","393","393","","","","","","","","","","","","","","","","","",""
"140482","","","","","","","-18.149466","-18.149466","-18.149466","392","392","392","","","","","","","","","","","",""
"140833","","","","","","","","","","","","","165.23297","165.23297","165.23297","389","389","389","","","","","",""
"141097","","","","","","","","","","","","","","","","","","","119.43574","119.43574","119.43574","390","390","390"
"141431","59.72222","59.72222","59.72222","394","394","394","","","","","","","","","","","","","","","","","",""
"141483","","","","","","","3.0927835","3.0927835","3.0927835","393","393","393","","","","","","","","","","","",""
"141834","","","","","","","","","","","","","0.31347963","0.31347963","0.31347963","390","390","390","","","","","",""
"142098","","","","","","","","","","","","","","","","","","","264.51614","264.51614","264.51614","391","391","391"
"142292","","","","","","","-125.14445","-125.14445","-125.14445","394","394","394","","","","","","","","","","","",""
"142432","126.618706","126.618706","126.618706","395","395","395","","","","","","","","","","","","","","","","","",""
"142835","","","","","","","","","","","","","48.387096","48.387096","48.387096","391","391","391","","","","","",""
"143099","","","","","","","","","","","","","","","","","","","-50.177937","-50.177937","-50.177937","392","392","392"
"143293","","","","","","","-35.251797","-35.251797","-35.251797","395","395","395","","","","","","","","","","","",""
"143433","-1.9607843","-1.9607843","-1.9607843","403","403","403","","","","","","","","","","","","","","","","","",""
"143836","","","","","","","","","","","","","45.907475","45.907475","45.907475","399","399","399","","","","","",""
"144100","","","","","","","","","","","","","","","","","","","51.202747","51.202747","51.202747","400","400","400"
"144101","","","","","","","-115.240524","-115.240524","-115.240524","403","403","403","","","","","","","","","","","",""
"144434","59.322033","59.322033","59.322033","404","404","404","","","","","","","","","","","","","","","","","",""
"144837","","","","","","","","","","","","","78.69416","78.69416","78.69416","400","400","400","","","","","",""
"145101","","","","","","","","","","","","","","","","","","","368.75","368.75","368.75","401","401","401"
"145102","","","","","","","-1.6949153","-1.6949153","-1.6949153","404","404","404","","","","","","","","","","","",""
"145435","63.822525","63.822525","63.822525","405","405","405","","","","","","","","","","","","","","","","","",""
"145838","","","","","","","","","","","","","205.55556","205.55556","205.55556","401","401","401","","","","","",""
"145910","-62.741177","-62.741177","-62.741177","406","406","406","","","","","","","","","","","","","","","","","",""
"146102","","","","","","","","","","","","","","","","","","","205.7554","205.7554","205.7554","402","402","402"
"146103","","","","","","","22.866894","22.866894","22.866894","405","405","405","","","","","","","","","","","",""
"146839","","","","","","","","","","","","","69.06475","69.06475","69.06475","402","402","402","","","","","",""
"146911","72.61905","72.61905","72.61905","407","407","407","","","","","","","","","","","","","","","","","",""
"147103","","","","","","","","","","","","","","","","","","","11.111111","11.111111","11.111111","403","403","403"
"147104","","","","","","","-48.52941","-48.52941","-48.52941","406","406","406","","","","","","","","","","","",""
"147840","","","","","","","","","","","","","92.810455","92.810455","92.810455","410","410","410","","","","","",""
"147912","69.93464","69.93464","69.93464","415","415","415","","","","","","","","","","","","","","","","","",""
"148104","","","","","","","","","","","","","","","","","","","489.8305","489.8305","489.8305","411","411","411"
"148105","","","","","","","-19.642857","-19.642857","-19.642857","414","414","414","","","","","","","","","","","",""
"148841","","","","","","","","","","","","","49.152542","49.152542","49.152542","411","411","411","","","","","",""
"148913","-21.311476","-21.311476","-21.311476","416","416","416","","","","","","","","","","","","","","","","","",""
"149105","","","","","","","","","","","","","","","","","","","326.62115","326.62115","326.62115","412","412","412"
"149106","","","","","","","56.862743","56.862743","56.862743","415","415","415","","","","","","","","","","","",""
"149666","","","","","","","-103.34098","-103.34098","-103.34098","416","416","416","","","","","","","","","","","",""
"149750","-105.5339","-105.5339","-105.5339","417","417","417","","","","","","","","","","","","","","","","","",""
"149842","","","","","","","","","","","","","5.8020477","5.8020477","5.8020477","412","412","412","","","","","",""
"150106","","","","","","","","","","","","","","","","","","","72.79412","72.79412","72.79412","413","413","413"
"150667","","","","","","","-22.033897","-22.033897","-22.033897","417","417","417","","","","","","","","","","","",""
"150751","71.821304","71.821304","71.821304","418","418","418","","","","","","","","","","","","","","","","","",""
"150843","","","","","","","","","","","","","17.647058","17.647058","17.647058","413","413","413","","","","","",""
"151107","","","","","","","","","","","","","","","","","","","-52.38095","-52.38095","-52.38095","414","414","414"
"151668","","","","","","","23.71134","23.71134","23.71134","425","425","425","","","","","","","","","","","",""
"151752","131.57895","131.57895","131.57895","426","426","426","","","","","","","","","","","","","","","","","",""
"151844","","","","","","","","","","","","","126.190475","126.190475","126.190475","421","421","421","","","","","",""
"152108","","","","","","","","","","","","","","","","","","","50.326797","50.326797","50.326797","422","422","422"
"152471","","","","","","","-113.433334","-113.433334","-113.433334","426","426","426","","","","","","","","","","","",""
"152753","-2.34375","-2.34375","-2.34375","427","427","427","","","","","","","","","","","","","","","","","",""
"152845","","","","","","","","","","","","","-44.444443","-44.444443","-44.444443","422","422","422","","","","","",""
"153109","","","","","","","","","","","","","","","","","","","191.80328","191.80328","191.80328","423","423","423"
"153472","","","","","","","17.1875","17.1875","17.1875","427","427","427","","","","","","","","","","","",""
"153754","88.74172","88.74172","88.74172","428","428","428","","","","","","","","","","","","","","","","","",""
"153846","","","","","","","","","","","","","27.868853","27.868853","27.868853","423","423","423","","","","","",""
"154110","","","","","","","","","","","","","","","","","","","42.372883","42.372883","42.372883","424","424","424"
"154190","","","","","","","-118.619865","-118.619865","-118.619865","428","428","428","","","","","","","","","","","",""
"154668","","","","","","","-113.54427","-113.54427","-113.54427","429","429","429","","","","","","","","","","","",""
"154755","17.647058","17.647058","17.647058","429","429","429","","","","","","","","","","","","","","","","","",""
"154847","","","","","","","","","","","","","72.881355","72.881355","72.881355","424","424","424","","","","","",""
"155111","","","","","","","","","","","","","","","","","","","473.88315","473.88315","473.88315","425","425","425"
"155238","","","","","","","-130.74136","-130.74136","-130.74136","430","430","430","","","","","","","","","","","",""
"155756","-60.912052","-60.912052","-60.912052","437","437","437","","","","","","","","","","","","","","","","","",""
"155848","","","","","","","","","","","","","-62.199314","-62.199314","-62.199314","432","432","432","","","","","",""
"156006","","","","","","","-115.99394","-115.99394","-115.99394","438","438","438","","","","","","","","","","","",""
"156112","","","","","","","","","","","","","","","","","","","377.193","377.193","377.193","433","433","433"
"156757","-42.424244","-42.424244","-42.424244","438","438","438","","","","","","","","","","","","","","","","","",""
"156849","","","","","","","","","","","","","19.298246","19.298246","19.298246","433","433","433","","","","","",""
"157007","","","","","","","82.17054","82.17054","82.17054","439","439","439","","","","","","","","","","","",""
"157113","","","","","","","","","","","","","","","","","","","552.34375","552.34375","552.34375","434","434","434"
"157318","","","","","","","-109.160866","-109.160866","-109.160866","440","440","440","","","","","","","","","","","",""
"157348","-89.13256","-89.13256","-89.13256","439","439","439","","","","","","","","","","","","","","","","","",""
"157850","","","","","","","","","","","","","138.28125","138.28125","138.28125","434","434","434","","","","","",""
"158114","","","","","","","","","","","","","","","","","","","400","400","400","435","435","435"
"158319","","","","","","","-23.076923","-23.076923","-23.076923","441","441","441","","","","","","","","","","","",""
"158349","121.014496","121.014496","121.014496","440","440","440","","","","","","","","","","","","","","","","","",""
"158851","","","","","","","","","","","","","72.18543","72.18543","72.18543","435","435","435","","","","","",""
"159115","","","","","","","","","","","","","","","","","","","407.73993","407.73993","407.73993","436","436","436"
"159320","","","","","","","-17.602997","-17.602997","-17.602997","442","442","442","","","","","","","","","","","",""
"159339","-136.66982","-136.66982","-136.66982","441","441","441","","","","","","","","","","","","","","","","","",""
"159852","","","","","","","","","","","","","-31.888544","-31.888544","-31.888544","443","443","443","","","","","",""
"160019","","","","","","","-124.53871","-124.53871","-124.53871","450","450","450","","","","","","","","","","","",""
"160116","","","","","","","","","","","","","","","","","","","548.2085","548.2085","548.2085","444","444","444"
"160340","102.24719","102.24719","102.24719","449","449","449","","","","","","","","","","","","","","","","","",""
"160853","","","","","","","","","","","","","17.263844","17.263844","17.263844","444","444","444","","","","","",""
"161020","","","","","","","80.39216","80.39216","80.39216","451","451","451","","","","","","","","","","","",""
"161117","","","","","","","","","","","","","","","","","","","72.72727","72.72727","72.72727","445","445","445"
"161341","54.83871","54.83871","54.83871","450","450","450","","","","","","","","","","","","","","","","","",""
"161854","","","","","","","","","","","","","9.090909","9.090909","9.090909","445","445","445","","","","","",""
"162021","","","","","","","-9.7472925","-9.7472925","-9.7472925","452","452","452","","","","","","","","","","","",""
"162118","","","","","","","","","","","","","","","","","","","434.88373","434.88373","434.88373","446","446","446"
"162342","72.54902","72.54902","72.54902","451","451","451","","","","","","","","","","","","","","","","","",""
"162855","","","","","","","","","","","","","-34.10853","-34.10853","-34.10853","446","446","446","","","","","",""
"163022","","","","","","","25.461254","25.461254","25.461254","453","453","453","","","","","","","","","","","",""
"163119","","","","","","","","","","","","","","","","","","","204.34782","204.34782","204.34782","447","447","447"
"163343","15.523466","15.523466","15.523466","452","452","452","","","","","","","","","","","","","","","","","",""
"163856","","","","","","","","","","","","","88.4058","88.4058","88.4058","454","454","454","","","","","",""
"164023","","","","","","","-47.019867","-47.019867","-47.019867","461","461","461","","","","","","","","","","","",""
"164120","","","","","","","","","","","","","","","","","","","201.77515","201.77515","201.77515","455","455","455"
"164344","-11.439115","-11.439115","-11.439115","460","460","460","","","","","","","","","","","","","","","","","",""
"164857","","","","","","","","","","","","","47.928993","47.928993","47.928993","455","455","455","","","","","",""
"165024","","","","","","","41.17647","41.17647","41.17647","462","462","462","","","","","","","","","","","",""
"165121","","","","","","","","","","","","","","","","","","","499.25095","499.25095","499.25095","456","456","456"
"165345","161.5894","161.5894","161.5894","461","461","461","","","","","","","","","","","","","","","","","",""
"165858","","","","","","","","","","","","","76.02996","76.02996","76.02996","456","456","456","","","","","",""
"166025","","","","","","","59.60912","59.60912","59.60912","463","463","463","","","","","","","","","","","",""
"166122","","","","","","","","","","","","","","","","","","","667.74194","667.74194","667.74194","457","457","457"
"166346","205.88235","205.88235","205.88235","462","462","462","","","","","","","","","","","","","","","","","",""
"166859","","","","","","","","","","","","","125.80645","125.80645","125.80645","457","457","457","","","","","",""
"167026","","","","","","","8.391608","8.391608","8.391608","464","464","464","","","","","","","","","","","",""
"167123","","","","","","","","","","","","","","","","","","","366.66666","366.66666","366.66666","458","458","458"
"167347","79.15309","79.15309","79.15309","463","463","463","","","","","","","","","","","","","","","","","",""
"167860","","","","","","","","","","","","","-5.882353","-5.882353","-5.882353","458","458","458","","","","","",""
"168027","","","","","","","-29.824562","-29.824562","-29.824562","472","472","472","","","","","","","","","","","",""
"168124","","","","","","","","","","","","","","","","","","","362.09387","362.09387","362.09387","466","466","466"
"168348","81.818184","81.818184","81.818184","471","471","471","","","","","","","","","","","","","","","","","",""
"168861","","","","","","","","","","","","","177.97833","177.97833","177.97833","466","466","466","","","","","",""
"169028","","","","","","","-43.7751","-43.7751","-43.7751","473","473","473","","","","","","","","","","","",""
"169125","","","","","","","","","","","","","","","","","","","158.30258","158.30258","158.30258","467","467","467"
"169349","135.08772","135.08772","135.08772","472","472","472","","","","","","","","","","","","","","","","","",""
"169862","","","","","","","","","","","","","217.34317","217.34317","217.34317","467","467","467","","","","","",""
"170029","","","","","","","33.333332","33.333332","33.333332","474","474","474","","","","","","","","","","","",""
"170126","","","","","","","","","","","","","","","","","","","337.0861","337.0861","337.0861","468","468","468"
"170350","60.64257","60.64257","60.64257","473","473","473","","","","","","","","","","","","","","","","","",""
"170445","","","","","","","-102.69032","-102.69032","-102.69032","475","475","475","","","","","","","","","","","",""
"170863","","","","","","","","","","","","","82.1192","82.1192","82.1192","468","468","468","","","","","",""
"171127","","","","","","","","","","","","","","","","","","","158.82353","158.82353","158.82353","469","469","469"
"171351","116.666664","116.666664","116.666664","474","474","474","","","","","","","","","","","","","","","","","",""
"171446","","","","","","","79.10448","79.10448","79.10448","476","476","476","","","","","","","","","","","",""
"171864","","","","","","","","","","","","","38.235294","38.235294","38.235294","469","469","469","","","","","",""
"172128","","","","","","","","","","","","","","","","","","","290.8795","290.8795","290.8795","477","477","477"
"172352","67.741936","67.741936","67.741936","482","482","482","","","","","","","","","","","","","","","","","",""
"172447","","","","","","","-3.9145908","-3.9145908","-3.9145908","484","484","484","","","","","","","","","","","",""
"172865","","","","","","","","","","","","","53.094463","53.094463","53.094463","477","477","477","","","","","",""
"173129","","","","","","","","","","","","","","","","","","","277.62238","277.62238","277.62238","478","478","478"
"173353","-10.447762","-10.447762","-10.447762","483","483","483","","","","","","","","","","","","","","","","","",""
"173448","","","","","","","52.727272","52.727272","52.727272","485","485","485","","","","","","","","","","","",""
"173866","","","","","","","","","","","","","81.818184","81.818184","81.818184","478","478","478","","","","","",""
"174130","","","","","","","","","","","","","","","","","","","292.98245","292.98245","292.98245","479","479","479"
"174354","77.93594","77.93594","77.93594","484","484","484","","","","","","","","","","","","","","","","","",""
"174449","","","","","","","83.39101","83.39101","83.39101","486","486","486","","","","","","","","","","","",""
"174867","","","","","","","","","","","","","36.842106","36.842106","36.842106","479","479","479","","","","","",""
"175131","","","","","","","","","","","","","","","","","","","606.82733","606.82733","606.82733","480","480","480"
"175355","274.54544","274.54544","274.54544","485","485","485","","","","","","","","","","","","","","","","","",""
"175450","","","","","","","116.11722","116.11722","116.11722","487","487","487","","","","","","","","","","","",""
"175868","","","","","","","","","","","","","-23.694778","-23.694778","-23.694778","480","480","480","","","","","",""
"176132","","","","","","","","","","","","","","","","","","","146.66667","146.66667","146.66667","488","488","488"
"176356","24.567474","24.567474","24.567474","493","493","493","","","","","","","","","","","","","","","","","",""
"176451","","","","","","","-35.27508","-35.27508","-35.27508","495","495","495","","","","","","","","","","","",""
"176853","-72.57692","-72.57692","-72.57692","494","494","494","","","","","","","","","","","","","","","","","",""
"176869","","","","","","","","","","","","","10","10","10","488","488","488","","","","","",""
"177133","","","","","","","","","","","","","","","","","","","674.19354","674.19354","674.19354","489","489","489"
"177452","","","","","","","84.04908","84.04908","84.04908","496","496","496","","","","","","","","","","","",""
"177854","19.7411","19.7411","19.7411","495","495","495","","","","","","","","","","","","","","","","","",""
"177870","","","","","","","","","","","","","129.03226","129.03226","129.03226","489","489","489","","","","","",""
"178134","","","","","","","","","","","","","","","","","","","135.07463","135.07463","135.07463","490","490","490"
"178453","","","","","","","129.77347","129.77347","129.77347","497","497","497","","","","","","","","","","","",""
"178855","130.06136","130.06136","130.06136","496","496","496","","","","","","","","","","","","","","","","","",""
"178871","","","","","","","","","","","","","142.53731","142.53731","142.53731","490","490","490","","","","","",""
"179135","","","","","","","","","","","","","","","","","","","736.29895","736.29895","736.29895","491","491","491"
"179454","","","","","","","19.521912","19.521912","19.521912","498","498","498","","","","","","","","","","","",""
"179856","252.75081","252.75081","252.75081","497","497","497","","","","","","","","","","","","","","","","","",""
"179872","","","","","","","","","","","","","170.46263","170.46263","170.46263","491","491","491","","","","","",""
"180136","","","","","","","","","","","","","","","","","","","292.72726","292.72726","292.72726","492","492","492"
"180262","-84.62311","-84.62311","-84.62311","505","505","505","","","","","","","","","","","","","","","","","",""
"180455","","","","","","","-8.805032","-8.805032","-8.805032","506","506","506","","","","","","","","","","","",""
"180873","","","","","","","","","","","","","30.90909","30.90909","30.90909","499","499","499","","","","","",""
"181137","","","","","","","","","","","","","","","","","","","297.9239","297.9239","297.9239","500","500","500"
"181263","120.125786","120.125786","120.125786","506","506","506","","","","","","","","","","","","","","","","","",""
"181456","","","","","","","53.605015","53.605015","53.605015","507","507","507","","","","","","","","","","","",""
"181874","","","","","","","","","","","","","52.249134","52.249134","52.249134","500","500","500","","","","","",""
"182138","","","","","","","","","","","","","","","","","","","584.9817","584.9817","584.9817","501","501","501"
"182264","144.5141","144.5141","144.5141","507","507","507","","","","","","","","","","","","","","","","","",""
"182457","","","","","","","8.391608","8.391608","8.391608","508","508","508","","","","","","","","","","","",""
"182875","","","","","","","","","","","","","57.50916","57.50916","57.50916","501","501","501","","","","","",""
"183139","","","","","","","","","","","","","","","","","","","340.12946","340.12946","340.12946","502","502","502"
"183265","197.2028","197.2028","197.2028","508","508","508","","","","","","","","","","","","","","","","","",""
"183458","","","","","","","98.555954","98.555954","98.555954","509","509","509","","","","","","","","","","","",""
"183876","","","","","","","","","","","","","184.78964","184.78964","184.78964","502","502","502","","","","","",""
"184140","","","","","","","","","","","","","","","","","","","-38.650307","-38.650307","-38.650307","503","503","503"
"184266","26.35379","26.35379","26.35379","509","509","509","","","","","","","","","","","","","","","","","",""
"184459","","","","","","","-23.875433","-23.875433","-23.875433","517","517","517","","","","","","","","","","","",""
"184877","","","","","","","","","","","","","234.35583","234.35583","234.35583","510","510","510","","","","","",""
"185141","","","","","","","","","","","","","","","","","","","262.45953","262.45953","262.45953","511","511","511"
"185267","79.93079","79.93079","79.93079","517","517","517","","","","","","","","","","","","","","","","","",""
"185460","","","","","","","26.482214","26.482214","26.482214","518","518","518","","","","","","","","","","","",""
"185878","","","","","","","","","","","","","-35.27508","-35.27508","-35.27508","511","511","511","","","","","",""
"186142","","","","","","","","","","","","","","","","","","","354.18326","354.18326","354.18326","512","512","512"
"186268","425.6917","425.6917","425.6917","518","518","518","","","","","","","","","","","","","","","","","",""
"186461","","","","","","","84.39716","84.39716","84.39716","519","519","519","","","","","","","","","","","",""
"186879","","","","","","","","","","","","","127.09164","127.09164","127.09164","512","512","512","","","","","",""
"187143","","","","","","","","","","","","","","","","","","","195.59749","195.59749","195.59749","513","513","513"
"187234","","","","","","","-76.0899","-76.0899","-76.0899","520","520","520","","","","","","","","","","","",""
"187269","-21.985815","-21.985815","-21.985815","519","519","519","","","","","","","","","","","","","","","","","",""
"187880","","","","","","","","","","","","","22.64151","22.64151","22.64151","513","513","513","","","","","",""
"188144","","","","","","","","","","","","","","","","","","","247.96239","247.96239","247.96239","514","514","514"
"188235","","","","","","","82.41042","82.41042","82.41042","521","521","521","","","","","","","","","","","",""
"188270","155.89226","155.89226","155.89226","520","520","520","","","","","","","","","","","","","","","","","",""
"188881","","","","","","","","","","","","","34.796238","34.796238","34.796238","521","521","521","","","","","",""
"189145","","","","","","","","","","","","","","","","","","","539.86017","539.86017","539.86017","522","522","522"
"189236","","","","","","","-17.491749","-17.491749","-17.491749","529","529","529","","","","","","","","","","","",""
"189271","46.579803","46.579803","46.579803","528","528","528","","","","","","","","","","","","","","","","","",""
"189882","","","","","","","","","","","","","-12.587413","-12.587413","-12.587413","522","522","522","","","","","",""
"189922","-65.8901","-65.8901","-65.8901","529","529","529","","","","","","","","","","","","","","","","","",""
"190146","","","","","","","","","","","","","","","","","","","344.04333","344.04333","344.04333","523","523","523"
"190237","","","","","","","-6.574394","-6.574394","-6.574394","530","530","530","","","","","","","","","","","",""
"190883","","","","","","","","","","","","","105.77618","105.77618","105.77618","523","523","523","","","","","",""
"190923","190.65744","190.65744","190.65744","530","530","530","","","","","","","","","","","","","","","","","",""
"191147","","","","","","","","","","","","","","","","","","","436.33218","436.33218","436.33218","524","524","524"
"191238","","","","","","","55.172413","55.172413","55.172413","531","531","531","","","","","","","","","","","",""
"191884","","","","","","","","","","","","","59.16955","59.16955","59.16955","524","524","524","","","","","",""
"191924","251.72414","251.72414","251.72414","531","531","531","","","","","","","","","","","","","","","","","",""
"192148","","","","","","","","","","","","","","","","","","","338.73517","338.73517","338.73517","525","525","525"
"192239","","","","","","","-9.090909","-9.090909","-9.090909","532","532","532","","","","","","","","","","","",""
"192563","82.09125","82.09125","82.09125","539","539","539","","","","","","","","","","","","","","","","","",""
"192885","","","","","","","","","","","","","228.06325","228.06325","228.06325","532","532","532","","","","","",""
"193149","","","","","","","","","","","","","","","","","","","453.1915","453.1915","453.1915","533","533","533"
"193240","","","","","","","-0.33222592","-0.33222592","-0.33222592","540","540","540","","","","","","","","","","","",""
"193564","488.03986","488.03986","488.03986","540","540","540","","","","","","","","","","","","","","","","","",""
"193886","","","","","","","","","","","","","66.666664","66.666664","66.666664","533","533","533","","","","","",""
"194150","","","","","","","","","","","","","","","","","","","448.82156","448.82156","448.82156","534","534","534"
"194241","","","","","","","81.48148","81.48148","81.48148","541","541","541","","","","","","","","","","","",""
"194565","244.44444","244.44444","244.44444","541","541","541","","","","","","","","","","","","","","","","","",""
"194887","","","","","","","","","","","","","44.781143","44.781143","44.781143","534","534","534","","","","","",""
"195151","","","","","","","","","","","","","","","","","","","255.04886","255.04886","255.04886","535","535","535"
"195242","","","","","","","145.13618","145.13618","145.13618","542","542","542","","","","","","","","","","","",""
"195566","156.80934","156.80934","156.80934","542","542","542","","","","","","","","","","","","","","","","","",""
"195888","","","","","","","","","","","","","43.322475","43.322475","43.322475","535","535","535","","","","","",""
"196108","","","","","","","-147.31206","-147.31206","-147.31206","543","543","543","","","","","","","","","","","",""
"196152","","","","","","","","","","","","","","","","","","","259.73596","259.73596","259.73596","536","536","536"
"196567","222.47557","222.47557","222.47557","543","543","543","","","","","","","","","","","","","","","","","",""
"196889","","","","","","","","","","","","","150.82509","150.82509","150.82509","543","543","543","","","","","",""
"197109","","","","","","","35.416668","35.416668","35.416668","551","551","551","","","","","","","","","","","",""
"197153","","","","","","","","","","","","","","","","","","","239.10034","239.10034","239.10034","544","544","544"
"197556","","","","","","","","","","","","","","","","","","","39.210346","39.210346","39.210346","545","545","545"
"197568","108.333336","108.333336","108.333336","551","551","551","","","","","","","","","","","","","","","","","",""
"197886","","","","","","","-102.3366","-102.3366","-102.3366","552","552","552","","","","","","","","","","","",""
"197890","","","","","","","","","","","","","183.73703","183.73703","183.73703","544","544","544","","","","","",""
"198557","","","","","","","","","","","","","","","","","","","297.3064","297.3064","297.3064","546","546","546"
"198569","233.33333","233.33333","233.33333","552","552","552","","","","","","","","","","","","","","","","","",""
"198887","","","","","","","-41.55844","-41.55844","-41.55844","553","553","553","","","","","","","","","","","",""
"198891","","","","","","","","","","","","","244.82759","244.82759","244.82759","545","545","545","","","","","",""
"199558","","","","","","","","","","","","","","","","","","","395.0166","395.0166","395.0166","547","547","547"
"199570","471.42856","471.42856","471.42856","553","553","553","","","","","","","","","","","","","","","","","",""
"199888","","","","","","","4.1009464","4.1009464","4.1009464","554","554","554","","","","","","","","","","","",""
"199892","","","","","","","","","","","","","149.15825","149.15825","149.15825","546","546","546","","","","","",""
"200559","","","","","","","","","","","","","","","","","","","400","400","400","548","548","548"
"200571","452.05048","452.05048","452.05048","554","554","554","","","","","","","","","","","","","","","","","",""
"200889","","","","","","","-14.590747","-14.590747","-14.590747","562","562","562","","","","","","","","","","","",""
"200893","","","","","","","","","","","","","185.71428","185.71428","185.71428","554","554","554","","","","","",""
"201560","","","","","","","","","","","","","","","","","","","436.96497","436.96497","436.96497","556","556","556"
"201572","241.63701","241.63701","241.63701","562","562","562","","","","","","","","","","","","","","","","","",""
"201890","","","","","","","-41.747574","-41.747574","-41.747574","563","563","563","","","","","","","","","","","",""
"201894","","","","","","","","","","","","","114.81481","114.81481","114.81481","555","555","555","","","","","",""
"202561","","","","","","","","","","","","","","","","","","","398.37134","398.37134","398.37134","557","557","557"
"202573","265.6958","265.6958","265.6958","563","563","563","","","","","","","","","","","","","","","","","",""
"202891","","","","","","","-22.818792","-22.818792","-22.818792","564","564","564","","","","","","","","","","","",""
"202895","","","","","","","","","","","","","168.48248","168.48248","168.48248","556","556","556","","","","","",""
"203562","","","","","","","","","","","","","","","","","","","743.75","743.75","743.75","558","558","558"
"203574","141.61073","141.61073","141.61073","564","564","564","","","","","","","","","","","","","","","","","",""
"203892","","","","","","","-54.83871","-54.83871","-54.83871","565","565","565","","","","","","","","","","","",""
"203896","","","","","","","","","","","","","-15.309446","-15.309446","-15.309446","557","557","557","","","","","",""
"204563","","","","","","","","","","","","","","","","","","","658.1699","658.1699","658.1699","559","559","559"
"204575","261.2903","261.2903","261.2903","565","565","565","","","","","","","","","","","","","","","","","",""
"204893","","","","","","","8.359133","8.359133","8.359133","573","573","573","","","","","","","","","","","",""
"204897","","","","","","","","","","","","","49.305557","49.305557","49.305557","565","565","565","","","","","",""
"205564","","","","","","","","","","","","","","","","","","","390.25974","390.25974","390.25974","567","567","567"
"205576","191.02167","191.02167","191.02167","573","573","573","","","","","","","","","","","","","","","","","",""
"205894","","","","","","","51.40845","51.40845","51.40845","574","574","574","","","","","","","","","","","",""
"205898","","","","","","","","","","","","","83.00654","83.00654","83.00654","566","566","566","","","","","",""
"206565","","","","","","","","","","","","","","","","","","","376.3407","376.3407","376.3407","568","568","568"
"206577","301.40845","301.40845","301.40845","574","574","574","","","","","","","","","","","","","","","","","",""
"206895","","","","","","","196.7033","196.7033","196.7033","575","575","575","","","","","","","","","","","",""
"206899","","","","","","","","","","","","","68.83117","68.83117","68.83117","567","567","567","","","","","",""
"207430","","","","","","","-31.187788","-31.187788","-31.187788","576","576","576","","","","","","","","","","","",""
"207566","","","","","","","","","","","","","","","","","","","675.8007","675.8007","675.8007","569","569","569"
"207578","394.5055","394.5055","394.5055","575","575","575","","","","","","","","","","","","","","","","","",""
"207900","","","","","","","","","","","","","158.67508","158.67508","158.67508","568","568","568","","","","","",""
"208291","","","","","","","","","","","","","","","","","","","-36.37767","-36.37767","-36.37767","570","570","570"
"208387","","","","","","","-97.64067","-97.64067","-97.64067","577","577","577","","","","","","","","","","","",""
"208579","329.0429","329.0429","329.0429","576","576","576","","","","","","","","","","","","","","","","","",""
"208901","","","","","","","","","","","","","113.52313","113.52313","113.52313","576","576","576","","","","","",""
"209292","","","","","","","","","","","","","","","","","","","792.61743","792.61743","792.61743","578","578","578"
"209388","","","","","","","23.287672","23.287672","23.287672","585","585","585","","","","","","","","","","","",""
"209580","392.35474","392.35474","392.35474","584","584","584","","","","","","","","","","","","","","","","","",""
"209638","","","","","","","","","","","","","","","","","","","33.341934","33.341934","33.341934","579","579","579"
"209902","","","","","","","","","","","","","-2.9126213","-2.9126213","-2.9126213","577","577","577","","","","","",""
"210389","","","","","","","161.00629","161.00629","161.00629","586","586","586","","","","","","","","","","","",""
"210581","286.9863","286.9863","286.9863","585","585","585","","","","","","","","","","","","","","","","","",""
"210639","","","","","","","","","","","","","","","","","","","283.90094","283.90094","283.90094","580","580","580"
"210903","","","","","","","","","","","","","20.805368","20.805368","20.805368","578","578","578","","","","","",""
"211390","","","","","","","25.89928","25.89928","25.89928","587","587","587","","","","","","","","","","","",""
"211582","186.16353","186.16353","186.16353","586","586","586","","","","","","","","","","","","","","","","","",""
"211640","","","","","","","","","","","","","","","","","","","502.11267","502.11267","502.11267","581","581","581"
"211904","","","","","","","","","","","","","100","100","100","579","579","579","","","","","",""
"212391","","","","","","","0.33444816","0.33444816","0.33444816","588","588","588","","","","","","","","","","","",""
"212583","130.21582","130.21582","130.21582","587","587","587","","","","","","","","","","","","","","","","","",""
"212641","","","","","","","","","","","","","","","","","","","269.96338","269.96338","269.96338","582","582","582"
"212905","","","","","","","","","","","","","85.758514","85.758514","85.758514","580","580","580","","","","","",""
"213392","","","","","","","226.86084","226.86084","226.86084","596","596","596","","","","","","","","","","","",""
"213584","548.8294","548.8294","548.8294","595","595","595","","","","","","","","","","","","","","","","","",""
"213642","","","","","","","","","","","","","","","","","","","503.9604","503.9604","503.9604","590","590","590"
"213782","","","","","","","-70.61818","-70.61818","-70.61818","597","597","597","","","","","","","","","","","",""
"213906","","","","","","","","","","","","","128.87325","128.87325","128.87325","588","588","588","","","","","",""
"214585","-32.038834","-32.038834","-32.038834","596","596","596","","","","","","","","","","","","","","","","","",""
"214643","","","","","","","","","","","","","","","","","","","499.38837","499.38837","499.38837","591","591","591"
"214783","","","","","","","93.548386","93.548386","93.548386","598","598","598","","","","","","","","","","","",""
"214907","","","","","","","","","","","","","28.205128","28.205128","28.205128","589","589","589","","","","","",""
"214968","8.003896","8.003896","8.003896","597","597","597","","","","","","","","","","","","","","","","","",""
"215336","-7.567742","-7.567742","-7.567742","598","598","598","","","","","","","","","","","","","","","","","",""
"215644","","","","","","","","","","","","","","","","","","","286.9863","286.9863","286.9863","592","592","592"
"215784","","","","","","","53.614456","53.614456","53.614456","599","599","599","","","","","","","","","","","",""
"215908","","","","","","","","","","","","","98.0198","98.0198","98.0198","590","590","590","","","","","",""
"216337","198.19276","198.19276","198.19276","599","599","599","","","","","","","","","","","","","","","","","",""
"216645","","","","","","","","","","","","","","","","","","","50.943398","50.943398","50.943398","593","593","593"
"216785","","","","","","","0.34602076","0.34602076","0.34602076","600","600","600","","","","","","","","","","","",""
"216909","","","","","","","","","","","","","52.905197","52.905197","52.905197","591","591","591","","","","","",""
"217294","","","","","","","-30.132624","-30.132624","-30.132624","608","608","608","","","","","","","","","","","",""
"217338","415.57092","415.57092","415.57092","607","607","607","","","","","","","","","","","","","","","","","",""
"217646","","","","","","","","","","","","","","","","","","","371.22302","371.22302","371.22302","601","601","601"
"217910","","","","","","","","","","","","","-0.6849315","-0.6849315","-0.6849315","599","599","599","","","","","",""
"218295","","","","","","","102.57235","102.57235","102.57235","609","609","609","","","","","","","","","","","",""
"218339","485.10638","485.10638","485.10638","608","608","608","","","","","","","","","","","","","","","","","",""
"218647","","","","","","","","","","","","","","","","","","","542.14044","542.14044","542.14044","602","602","602"
"218911","","","","","","","","","","","","","324.5283","324.5283","324.5283","600","600","600","","","","","",""
"219296","","","","","","","59.60912","59.60912","59.60912","610","610","610","","","","","","","","","","","",""
"219340","166.88103","166.88103","166.88103","609","609","609","","","","","","","","","","","","","","","","","",""
"219648","","","","","","","","","","","","","","","","","","","281.877","281.877","281.877","603","603","603"
"219912","","","","","","","","","","","","","51.079136","51.079136","51.079136","601","601","601","","","","","",""
"220297","","","","","","","105.696205","105.696205","105.696205","611","611","611","","","","","","","","","","","",""
"220341","281.10748","281.10748","281.10748","610","610","610","","","","","","","","","","","","","","","","","",""
"220649","","","","","","","","","","","","","","","","","","","153.24675","153.24675","153.24675","604","604","604"
"220913","","","","","","","","","","","","","-29.765886","-29.765886","-29.765886","602","602","602","","","","","",""
"221050","","","","","","","-121.47224","-121.47224","-121.47224","612","612","612","","","","","","","","","","","",""
"221131","-39.559494","-39.559494","-39.559494","611","611","611","","","","","","","","","","","","","","","","","",""
"221650","","","","","","","","","","","","","","","","","","","338.7097","338.7097","338.7097","612","612","612"
"221914","","","","","","","","","","","","","275.40454","275.40454","275.40454","610","610","610","","","","","",""
"222051","","","","","","","-65.39793","-65.39793","-65.39793","620","620","620","","","","","","","","","","","",""
"222132","653.94324","653.94324","653.94324","619","619","619","","","","","","","","","","","","","","","","","",""
"222651","","","","","","","","","","","","","","","","","","","457.2289","457.2289","457.2289","613","613","613"
"222915","","","","","","","","","","","","","78.57143","78.57143","78.57143","611","611","611","","","","","",""
"222999","28.032871","28.032871","28.032871","620","620","620","","","","","","","","","","","","","","","","","",""
"223052","","","","","","","8.474576","8.474576","8.474576","621","621","621","","","","","","","","","","","",""
"223652","","","","","","","","","","","","","","","","","","","297.9239","297.9239","297.9239","614","614","614"
"223916","","","","","","","","","","","","","348.3871","348.3871","348.3871","612","612","612","","","","","",""
"224000","272.88135","272.88135","272.88135","621","621","621","","","","","","","","","","","","","","","","","",""
"224053","","","","","","","155.03355","155.03355","155.03355","622","622","622","","","","","","","","","","","",""
"224653","","","","","","","","","","","","","","","","","","","414.1844","414.1844","414.1844","615","615","615"
"224917","","","","","","","","","","","","","29.518072","29.518072","29.518072","613","613","613","","","","","",""
"225001","248.99329","248.99329","248.99329","622","622","622","","","","","","","","","","","","","","","","","",""
"225054","","","","","","","-40.766552","-40.766552","-40.766552","623","623","623","","","","","","","","","","","",""
"225654","","","","","","","","","","","","","","","","","","","523.7942","523.7942","523.7942","623","623","623"
"225918","","","","","","","","","","","","","45.32872","45.32872","45.32872","621","621","621","","","","","",""
"226002","192.68292","192.68292","192.68292","630","630","630","","","","","","","","","","","","","","","","","",""
"226055","","","","","","","140.74074","140.74074","140.74074","631","631","631","","","","","","","","","","","",""
"226655","","","","","","","","","","","","","","","","","","","525.40717","525.40717","525.40717","624","624","624"
"226919","","","","","","","","","","","","","56.02837","56.02837","56.02837","622","622","622","","","","","",""
"227003","518.5185","518.5185","518.5185","631","631","631","","","","","","","","","","","","","","","","","",""
"227056","","","","","","","91.69329","91.69329","91.69329","632","632","632","","","","","","","","","","","",""
"227602","","","","","","","-109.81401","-109.81401","-109.81401","633","633","633","","","","","","","","","","","",""
"227656","","","","","","","","","","","","","","","","","","","808.22784","808.22784","808.22784","625","625","625"
"227920","","","","","","","","","","","","","269.77493","269.77493","269.77493","623","623","623","","","","","",""
"228004","567.7316","567.7316","567.7316","632","632","632","","","","","","","","","","","","","","","","","",""
"228603","","","","","","","88.0597","88.0597","88.0597","634","634","634","","","","","","","","","","","",""
"228657","","","","","","","","","","","","","","","","","","","489.90536","489.90536","489.90536","626","626","626"
"228921","","","","","","","","","","","","","209.44626","209.44626","209.44626","624","624","624","","","","","",""
"229005","180.25478","180.25478","180.25478","633","633","633","","","","","","","","","","","","","","","","","",""
"229111","","","","","","","-122.562614","-122.562614","-122.562614","635","635","635","","","","","","","","","","","",""
"229658","","","","","","","","","","","","","","","","","","","384.42908","384.42908","384.42908","634","634","634"
"229922","","","","","","","","","","","","","80.379745","80.379745","80.379745","632","632","632","","","","","",""
"230006","85.07462","85.07462","85.07462","641","641","641","","","","","","","","","","","","","","","","","",""
"230112","","","","","","","-33.554817","-33.554817","-33.554817","643","643","643","","","","","","","","","","","",""
"230659","","","","","","","","","","","","","","","","","","","452.54236","452.54236","452.54236","635","635","635"
"230923","","","","","","","","","","","","","111.35647","111.35647","111.35647","633","633","633","","","","","",""
"231007","535.51404","535.51404","535.51404","642","642","642","","","","","","","","","","","","","","","","","",""
"231113","","","","","","","103.06513","103.06513","103.06513","644","644","644","","","","","","","","","","","",""
"231660","","","","","","","","","","","","","","","","","","","363.08725","363.08725","363.08725","636","636","636"
"231726","","","","","","","-114.742386","-114.742386","-114.742386","645","645","645","","","","","","","","","","","",""
"231924","","","","","","","","","","","","","69.55017","69.55017","69.55017","634","634","634","","","","","",""
"232008","242.19269","242.19269","242.19269","643","643","643","","","","","","","","","","","","","","","","","",""
"232314","","","","","","","","","","","","","","","","","","","-36.28014","-36.28014","-36.28014","637","637","637"
"232727","","","","","","","155.55556","155.55556","155.55556","646","646","646","","","","","","","","","","","",""
"232925","","","","","","","","","","","","","147.45763","147.45763","147.45763","635","635","635","","","","","",""
"233009","765.9004","765.9004","765.9004","644","644","644","","","","","","","","","","","","","","","","","",""
"233315","","","","","","","","","","","","","","","","","","","700","700","700","638","638","638"
"233728","","","","","","","304.68228","304.68228","304.68228","654","654","654","","","","","","","","","","","",""
"233926","","","","","","","","","","","","","67.78523","67.78523","67.78523","643","643","643","","","","","",""
"234010","714.5695","714.5695","714.5695","652","652","652","","","","","","","","","","","","","","","","","",""
"234316","","","","","","","","","","","","","","","","","","","593.2907","593.2907","593.2907","646","646","646"
"234729","","","","","","","26.923077","26.923077","26.923077","655","655","655","","","","","","","","","","","",""
"234927","","","","","","","","","","","","","224.04181","224.04181","224.04181","644","644","644","","","","","",""
"235011","548.14813","548.14813","548.14813","653","653","653","","","","","","","","","","","","","","","","","",""
"235317","","","","","","","","","","","","","","","","","","","205.73248","205.73248","205.73248","647","647","647"
"235730","","","","","","","283.45865","283.45865","283.45865","656","656","656","","","","","","","","","","","",""
"235928","","","","","","","","","","","","","140.74074","140.74074","140.74074","645","645","645","","","","","",""
"236012","552.1739","552.1739","552.1739","654","654","654","","","","","","","","","","","","","","","","","",""
"236318","","","","","","","","","","","","","","","","","","","437.31345","437.31345","437.31345","648","648","648"
"236731","","","","","","","-6.0150375","-6.0150375","-6.0150375","657","657","657","","","","","","","","","","","",""
"236929","","","","","","","","","","","","","120.44728","120.44728","120.44728","646","646","646","","","","","",""
"237013","673.0769","673.0769","673.0769","655","655","655","","","","","","","","","","","","","","","","","",""
"237319","","","","","","","","","","","","","","","","","","","314.33023","314.33023","314.33023","649","649","649"
"237367","","","","","","","-87.09478","-87.09478","-87.09478","658","658","658","","","","","","","","","","","",""
"237930","","","","","","","","","","","","","266.24203","266.24203","266.24203","654","654","654","","","","","",""
"238014","655.6391","655.6391","655.6391","663","663","663","","","","","","","","","","","","","","","","","",""
"238320","","","","","","","","","","","","","","","","","","","311.96014","311.96014","311.96014","657","657","657"
"238368","","","","","","","192.16867","192.16867","192.16867","666","666","666","","","","","","","","","","","",""
"238931","","","","","","","","","","","","","165.67165","165.67165","165.67165","655","655","655","","","","","",""
"239015","283.45865","283.45865","283.45865","664","664","664","","","","","","","","","","","","","","","","","",""
"239321","","","","","","","","","","","","","","","","","","","704.5977","704.5977","704.5977","658","658","658"
"239369","","","","","","","186.68942","186.68942","186.68942","667","667","667","","","","","","","","","","","",""
"239932","","","","","","","","","","","","","348.59814","348.59814","348.59814","656","656","656","","","","","",""
"240016","747.3896","747.3896","747.3896","665","665","665","","","","","","","","","","","","","","","","","",""
"240322","","","","","","","","","","","","","","","","","","","615.2318","615.2318","615.2318","659","659","659"
"240370","","","","","","","266.53387","266.53387","266.53387","668","668","668","","","","","","","","","","","",""
"240933","","","","","","","","","","","","","265.44852","265.44852","265.44852","657","657","657","","","","","",""
"241017","653.012","653.012","653.012","666","666","666","","","","","","","","","","","","","","","","","",""
"241069","","","","","","","-97.568855","-97.568855","-97.568855","669","669","669","","","","","","","","","","","",""
"241323","","","","","","","","","","","","","","","","","","","618.5185","618.5185","618.5185","660","660","660"
"241934","","","","","","","","","","","","","309.9617","309.9617","309.9617","665","665","665","","","","","",""
"242018","613.3106","613.3106","613.3106","674","674","674","","","","","","","","","","","","","","","","","",""
"242070","","","","","","","134.72668","134.72668","134.72668","677","677","677","","","","","","","","","","","",""
"242324","","","","","","","","","","","","","","","","","","","481.9398","481.9398","481.9398","668","668","668"
"242935","","","","","","","","","","","","","19.205297","19.205297","19.205297","666","666","666","","","","","",""
"242973","","","","","","","-28.483839","-28.483839","-28.483839","678","678","678","","","","","","","","","","","",""
"243019","573.30676","573.30676","573.30676","675","675","675","","","","","","","","","","","","","","","","","",""
"243325","","","","","","","","","","","","","","","","","","","407.69232","407.69232","407.69232","669","669","669"
"243618","","","","","","","","","","","","","","","","","","","47.59173","47.59173","47.59173","670","670","670"
"243803","","","","","","","-63.828938","-63.828938","-63.828938","679","679","679","","","","","","","","","","","",""
"243936","","","","","","","","","","","","","222.22223","222.22223","222.22223","667","667","667","","","","","",""
"244020","240.98361","240.98361","240.98361","676","676","676","","","","","","","","","","","","","","","","","",""
"244619","","","","","","","","","","","","","","","","","","","384.9624","384.9624","384.9624","671","671","671"
"244804","","","","","","","153.01205","153.01205","153.01205","680","680","680","","","","","","","","","","","",""
"244937","","","","","","","","","","","","","150.83612","150.83612","150.83612","668","668","668","","","","","",""
"245021","578.4566","578.4566","578.4566","677","677","677","","","","","","","","","","","","","","","","","",""
"245620","","","","","","","","","","","","","","","","","","","819.6787","819.6787","819.6787","672","672","672"
"245805","","","","","","","33.1058","33.1058","33.1058","688","688","688","","","","","","","","","","","",""
"245938","","","","","","","","","","","","","134.61539","134.61539","134.61539","676","676","676","","","","","",""
"246022","586.8687","586.8687","586.8687","685","685","685","","","","","","","","","","","","","","","","","",""
"246621","","","","","","","","","","","","","","","","","","","150","150","150","680","680","680"
"246806","","","","","","","121.12211","121.12211","121.12211","689","689","689","","","","","","","","","","","",""
"246939","","","","","","","","","","","","","354.8872","354.8872","354.8872","677","677","677","","","","","",""
"247023","575.24115","575.24115","575.24115","686","686","686","","","","","","","","","","","","","","","","","",""
"247622","","","","","","","","","","","","","","","","","","","237.88396","237.88396","237.88396","681","681","681"
"247807","","","","","","","201.36986","201.36986","201.36986","690","690","690","","","","","","","","","","","",""
"247940","","","","","","","","","","","","","31.578947","31.578947","31.578947","678","678","678","","","","","",""
"248024","613.8554","613.8554","613.8554","687","687","687","","","","","","","","","","","","","","","","","",""
"248623","","","","","","","","","","","","","","","","","","","35.458168","35.458168","35.458168","682","682","682"
"248808","","","","","","","80.379745","80.379745","80.379745","691","691","691","","","","","","","","","","","",""
"248941","","","","","","","","","","","","","80.72289","80.72289","80.72289","679","679","679","","","","","",""
"249025","824.9147","824.9147","824.9147","688","688","688","","","","","","","","","","","","","","","","","",""
"249624","","","","","","","","","","","","","","","","","","","257.37704","257.37704","257.37704","683","683","683"
"249809","","","","","","","191.22807","191.22807","191.22807","692","692","692","","","","","","","","","","","",""
"249942","","","","","","","","","","","","","273.494","273.494","273.494","687","687","687","","","","","",""
"250026","708.5809","708.5809","708.5809","696","696","696","","","","","","","","","","","","","","","","","",""
"250625","","","","","","","","","","","","","","","","","","","369.45337","369.45337","369.45337","691","691","691"
"250810","","","","","","","242.56055","242.56055","242.56055","700","700","700","","","","","","","","","","","",""
"250943","","","","","","","","","","","","","326.62115","326.62115","326.62115","688","688","688","","","","","",""
"251027","588.35614","588.35614","588.35614","697","697","697","","","","","","","","","","","","","","","","","",""
"251055","","","","","","","","","","","","","","","","","","","39.01818","39.01818","39.01818","692","692","692"
"251811","","","","","","","209.5238","209.5238","209.5238","701","701","701","","","","","","","","","","","",""
"251944","","","","","","","","","","","","","266.53387","266.53387","266.53387","689","689","689","","","","","",""
"252028","336.70886","336.70886","336.70886","698","698","698","","","","","","","","","","","","","","","","","",""
"252056","","","","","","","","","","","","","","","","","","","330.86816","330.86816","330.86816","693","693","693"
"252812","","","","","","","59.863945","59.863945","59.863945","702","702","702","","","","","","","","","","","",""
"252945","","","","","","","","","","","","","296.7213","296.7213","296.7213","690","690","690","","","","","",""
"253029","549.1228","549.1228","549.1228","699","699","699","","","","","","","","","","","","","","","","","",""
"253057","","","","","","","","","","","","","","","","","","","171.08434","171.08434","171.08434","694","694","694"
"253384","","","","","","","","","","","","","","","","","","","24.496588","24.496588","24.496588","695","695","695"
"253813","","","","","","","127.72277","127.72277","127.72277","703","703","703","","","","","","","","","","","",""
"253946","","","","","","","","","","","","","424.11575","424.11575","424.11575","691","691","691","","","","","",""
"254030","339.44638","339.44638","339.44638","707","707","707","","","","","","","","","","","","","","","","","",""
"254145","","","","","","","","","","","","","","","","","","","-66.989105","-66.989105","-66.989105","703","703","703"
"254814","","","","","","","114.03509","114.03509","114.03509","711","711","711","","","","","","","","","","","",""
"254947","","","","","","","","","","","","","149.15825","149.15825","149.15825","699","699","699","","","","","",""
"255031","723.1293","723.1293","723.1293","708","708","708","","","","","","","","","","","","","","","","","",""
"255146","","","","","","","","","","","","","","","","","","","314.38358","314.38358","314.38358","704","704","704"
"255815","","","","","","","46.031746","46.031746","46.031746","712","712","712","","","","","","","","","","","",""
"255948","","","","","","","","","","","","","41.4791","41.4791","41.4791","700","700","700","","","","","",""
"256032","236.7347","236.7347","236.7347","709","709","709","","","","","","","","","","","","","","","","","",""
"256147","","","","","","","","","","","","","","","","","","","244.9367","244.9367","244.9367","705","705","705"
"256816","","","","","","","381.09967","381.09967","381.09967","713","713","713","","","","","","","","","","","",""
"256949","","","","","","","","","","","","","255.42169","255.42169","255.42169","701","701","701","","","","","",""
"257033","857.0957","857.0957","857.0957","710","710","710","","","","","","","","","","","","","","","","","",""
"257148","","","","","","","","","","","","","","","","","","","356.14035","356.14035","356.14035","706","706","706"
"257817","","","","","","","395.08197","395.08197","395.08197","714","714","714","","","","","","","","","","","",""
"257947","-89.44562","-89.44562","-89.44562","711","711","711","","","","","","","","","","","","","","","","","",""
"257950","","","","","","","","","","","","","401.70648","401.70648","401.70648","702","702","702","","","","","",""
"258149","","","","","","","","","","","","","","","","","","","187.19724","187.19724","187.19724","714","714","714"
"258818","","","","","","","105.882355","105.882355","105.882355","722","722","722","","","","","","","","","","","",""
"258948","284.12698","284.12698","284.12698","719","719","719","","","","","","","","","","","","","","","","","",""
"258951","","","","","","","","","","","","","230.033","230.033","230.033","710","710","710","","","","","",""
"259150","","","","","","","","","","","","","","","","","","","331.97278","331.97278","331.97278","715","715","715"
"259819","","","","","","","75.25773","75.25773","75.25773","723","723","723","","","","","","","","","","","",""
"259949","618.2131","618.2131","618.2131","720","720","720","","","","","","","","","","","","","","","","","",""
"259952","","","","","","","","","","","","","540.41095","540.41095","540.41095","711","711","711","","","","","",""
"260151","","","","","","","","","","","","","","","","","","","678.91156","678.91156","678.91156","716","716","716"
"260820","","","","","","","265.7817","265.7817","265.7817","724","724","724","","","","","","","","","","","",""
"260950","424.59015","424.59015","424.59015","721","721","721","","","","","","","","","","","","","","","","","",""
"260953","","","","","","","","","","","","","118.35443","118.35443","118.35443","712","712","712","","","","","",""
"261152","","","","","","","","","","","","","","","","","","","378.54785","378.54785","378.54785","717","717","717"
"261821","","","","","","","137.22627","137.22627","137.22627","725","725","725","","","","","","","","","","","",""
"261951","883.66016","883.66016","883.66016","722","722","722","","","","","","","","","","","","","","","","","",""
"261954","","","","","","","","","","","","","71.929825","71.929825","71.929825","713","713","713","","","","","",""
"262153","","","","","","","","","","","","","","","","","","","366.66666","366.66666","366.66666","725","725","725"
"262482","","","","","","","-27.852861","-27.852861","-27.852861","733","733","733","","","","","","","","","","","",""
"262952","738.488","738.488","738.488","730","730","730","","","","","","","","","","","","","","","","","",""
"262955","","","","","","","","","","","","","533.218","533.218","533.218","721","721","721","","","","","",""
"263154","","","","","","","","","","","","","","","","","","","296.8254","296.8254","296.8254","726","726","726"
"263483","","","","","","","261.8421","261.8421","261.8421","734","734","734","","","","","","","","","","","",""
"263953","590.2655","590.2655","590.2655","731","731","731","","","","","","","","","","","","","","","","","",""
"263956","","","","","","","","","","","","","195.91837","195.91837","195.91837","722","722","722","","","","","",""
"264155","","","","","","","","","","","","","","","","","","","150.8591","150.8591","150.8591","727","727","727"
"264484","","","","","","","107.01755","107.01755","107.01755","735","735","735","","","","","","","","","","","",""
"264954","319.70804","319.70804","319.70804","732","732","732","","","","","","","","","","","","","","","","","",""
"264957","","","","","","","","","","","","","359.1837","359.1837","359.1837","723","723","723","","","","","",""
"265156","","","","","","","","","","","","","","","","","","","263.93442","263.93442","263.93442","728","728","728"
"265485","","","","","","","300.68494","300.68494","300.68494","736","736","736","","","","","","","","","","","",""
"265955","634.0067","634.0067","634.0067","733","733","733","","","","","","","","","","","","","","","","","",""
"265958","","","","","","","","","","","","","391.74918","391.74918","391.74918","724","724","724","","","","","",""
"266157","","","","","","","","","","","","","","","","","","","540.5229","540.5229","540.5229","729","729","729"
"266364","","","","","","","234.44533","234.44533","234.44533","744","744","744","","","","","","","","","","","",""
"266714","","","","","","","1.2544217","1.2544217","1.2544217","745","745","745","","","","","","","","","","","",""
"266956","459.21054","459.21054","459.21054","741","741","741","","","","","","","","","","","","","","","","","",""
"266959","","","","","","","","","","","","","159.64912","159.64912","159.64912","732","732","732","","","","","",""
"267158","","","","","","","","","","","","","","","","","","","44.329895","44.329895","44.329895","737","737","737"
"267233","","","","","","","-110.29873","-110.29873","-110.29873","746","746","746","","","","","","","","","","","",""
"267957","668.4211","668.4211","668.4211","742","742","742","","","","","","","","","","","","","","","","","",""
"267960","","","","","","","","","","","","","236.50793","236.50793","236.50793","733","733","733","","","","","",""
"268159","","","","","","","","","","","","","","","","","","","242.18289","242.18289","242.18289","738","738","738"
"268234","","","","","","","136.42172","136.42172","136.42172","747","747","747","","","","","","","","","","","",""
"268958","732.1918","732.1918","732.1918","743","743","743","","","","","","","","","","","","","","","","","",""
"268961","","","","","","","","","","","","","226.46048","226.46048","226.46048","734","734","734","","","","","",""
"269160","","","","","","","","","","","","","","","","","","","549.635","549.635","549.635","739","739","739"
"269235","","","","","","","175.4491","175.4491","175.4491","748","748","748","","","","","","","","","","","",""
"269959","515.91693","515.91693","515.91693","744","744","744","","","","","","","","","","","","","","","","","",""
"269962","","","","","","","","","","","","","460.65573","460.65573","460.65573","735","735","735","","","","","",""
"270161","","","","","","","","","","","","","","","","","","","95.286194","95.286194","95.286194","740","740","740"
"270236","","","","","","","341.47156","341.47156","341.47156","749","749","749","","","","","","","","","","","",""
"270865","","","","","","","","","","","","","","","","","","","204.8","204.8","204.8","748","748","748"
"270960","712.9252","712.9252","712.9252","752","752","752","","","","","","","","","","","","","","","","","",""
"270963","","","","","","","","","","","","","53.594772","53.594772","53.594772","743","743","743","","","","","",""
"271237","","","","","","","132","132","132","757","757","757","","","","","","","","","","","",""
"271866","","","","","","","","","","","","","","","","","","","198.24562","198.24562","198.24562","749","749","749"
"271961","358.59872","358.59872","358.59872","753","753","753","","","","","","","","","","","","","","","","","",""
"271964","","","","","","","","","","","","","102.74914","102.74914","102.74914","744","744","744","","","","","",""
"272238","","","","","","","171.06227","171.06227","171.06227","758","758","758","","","","","","","","","","","",""
"272867","","","","","","","","","","","","","","","","","","","290.41095","290.41095","290.41095","750","750","750"
"272962","379.23322","379.23322","379.23322","754","754","754","","","","","","","","","","","","","","","","","",""
"272965","","","","","","","","","","","","","180.236","180.236","180.236","745","745","745","","","","","",""
"273239","","","","","","","345.90164","345.90164","345.90164","759","759","759","","","","","","","","","","","",""
"273868","","","","","","","","","","","","","","","","","","","3.8062284","3.8062284","3.8062284","751","751","751"
"273935","","","","","","","-34.66946","-34.66946","-34.66946","760","760","760","","","","","","","","","","","",""
"273963","642.51495","642.51495","642.51495","755","755","755","","","","","","","","","","","","","","","","","",""
"273966","","","","","","","","","","","","","159.12408","159.12408","159.12408","746","746","746","","","","","",""
"274615","","","","","","","","","","","","","","","","","","","-45.2483","-45.2483","-45.2483","759","759","759"
"274936","","","","","","","214.60674","214.60674","214.60674","768","768","768","","","","","","","","","","","",""
"274964","231.10368","231.10368","231.10368","763","763","763","","","","","","","","","","","","","","","","","",""
"274967","","","","","","","","","","","","","334.34344","334.34344","334.34344","754","754","754","","","","","",""
"275280","32.6","32.6","32.6","764","764","764","","","","","","","","","","","","","","","","","",""
"275616","","","","","","","","","","","","","","","","","","","431.84714","431.84714","431.84714","760","760","760"
"275699","","","","","","","-37.52322","-37.52322","-37.52322","769","769","769","","","","","","","","","","","",""
"275968","","","","","","","","","","","","","413.1579","413.1579","413.1579","755","755","755","","","","","",""
"276281","526.3736","526.3736","526.3736","765","765","765","","","","","","","","","","","","","","","","","",""
"276617","","","","","","","","","","","","","","","","","","","353.67413","353.67413","353.67413","761","761","761"
"276700","","","","","","","225.34247","225.34247","225.34247","770","770","770","","","","","","","","","","","",""
"276969","","","","","","","","","","","","","152.63158","152.63158","152.63158","756","756","756","","","","","",""
"277282","434.42624","434.42624","434.42624","766","766","766","","","","","","","","","","","","","","","","","",""
"277618","","","","","","","","","","","","","","","","","","","220.35928","220.35928","220.35928","762","762","762"
"277701","","","","","","","398.4326","398.4326","398.4326","771","771","771","","","","","","","","","","","",""
"277767","61.280838","61.280838","61.280838","767","767","767","","","","","","","","","","","","","","","","","",""
"277970","","","","","","","","","","","","","204.79453","204.79453","204.79453","757","757","757","","","","","",""
"278619","","","","","","","","","","","","","","","","","","","201.00334","201.00334","201.00334","770","770","770"
"278702","","","","","","","47.65101","47.65101","47.65101","779","779","779","","","","","","","","","","","",""
"278768","656.5543","656.5543","656.5543","775","775","775","","","","","","","","","","","","","","","","","",""
"278971","","","","","","","","","","","","","370.58823","370.58823","370.58823","765","765","765","","","","","",""
"279620","","","","","","","","","","","","","","","","","","","48","48","48","771","771","771"
"279673","","","","","","","-35.361538","-35.361538","-35.361538","780","780","780","","","","","","","","","","","",""
"279769","371.91013","371.91013","371.91013","776","776","776","","","","","","","","","","","","","","","","","",""
"279972","","","","","","","","","","","","","369.38776","369.38776","369.38776","766","766","766","","","","","",""
"280066","-13.061644","-13.061644","-13.061644","777","777","777","","","","","","","","","","","","","","","","","",""
"280621","","","","","","","","","","","","","","","","","","","409.1575","409.1575","409.1575","772","772","772"
"280674","","","","","","","241.46341","241.46341","241.46341","781","781","781","","","","","","","","","","","",""
"280837","","","","","","","","","","","","","","","","","","","13.02623","13.02623","13.02623","773","773","773"
"280973","","","","","","","","","","","","","-14.012739","-14.012739","-14.012739","767","767","767","","","","","",""
"281067","392.163","392.163","392.163","778","778","778","","","","","","","","","","","","","","","","","",""
"281179","","","","","","","-84.12353","-84.12353","-84.12353","782","782","782","","","","","","","","","","","",""
"281838","","","","","","","","","","","","","","","","","","","133.53293","133.53293","133.53293","774","774","774"
"281974","","","","","","","","","","","","","53.354633","53.354633","53.354633","768","768","768","","","","","",""
"282068","826.1745","826.1745","826.1745","779","779","779","","","","","","","","","","","","","","","","","",""
"282180","","","","","","","282.9114","282.9114","282.9114","783","783","783","","","","","","","","","","","",""
"282839","","","","","","","","","","","","","","","","","","","338.20224","338.20224","338.20224","782","782","782"
"282975","","","","","","","","","","","","","244.31137","244.31137","244.31137","776","776","776","","","","","",""
"283069","615.38464","615.38464","615.38464","787","787","787","","","","","","","","","","","","","","","","","",""
"283181","","","","","","","31.944445","31.944445","31.944445","791","791","791","","","","","","","","","","","",""
"283840","","","","","","","","","","","","","","","","","","","53.558052","53.558052","53.558052","783","783","783"
"283976","","","","","","","","","","","","","137.45819","137.45819","137.45819","777","777","777","","","","","",""
"284070","177.43903","177.43903","177.43903","788","788","788","","","","","","","","","","","","","","","","","",""
"284182","","","","","","","285.66553","285.66553","285.66553","792","792","792","","","","","","","","","","","",""
"284540","","","","","","","-71.08387","-71.08387","-71.08387","793","793","793","","","","","","","","","","","",""
"284841","","","","","","","","","","","","","","","","","","","19.863014","19.863014","19.863014","784","784","784"
"284977","","","","","","","","","","","","","264","264","264","778","778","778","","","","","",""
"285071","477.20587","477.20587","477.20587","789","789","789","","","","","","","","","","","","","","","","","",""
"285541","","","","","","","41.37931","41.37931","41.37931","794","794","794","","","","","","","","","","","",""
"285842","","","","","","","","","","","","","","","","","","","338.87146","338.87146","338.87146","785","785","785"
"285978","","","","","","","","","","","","","313.9194","313.9194","313.9194","779","779","779","","","","","",""
"286072","327.21518","327.21518","327.21518","790","790","790","","","","","","","","","","","","","","","","","",""
"286542","","","","","","","316.41336","316.41336","316.41336","795","795","795","","","","","","","","","","","",""
"286843","","","","","","","","","","","","","","","","","","","571.1409","571.1409","571.1409","793","793","793"
"286979","","","","","","","","","","","","","50.81967","50.81967","50.81967","787","787","787","","","","","",""
"287073","601.3889","601.3889","601.3889","798","798","798","","","","","","","","","","","","","","","","","",""
"287110","","","","","","","","","","","","","","","","","","","54.26923","54.26923","54.26923","794","794","794"
"287543","","","","","","","149.15825","149.15825","149.15825","803","803","803","","","","","","","","","","","",""
"287960","","","","","","","-6.8846154","-6.8846154","-6.8846154","804","804","804","","","","","","","","","","","",""
"287980","","","","","","","","","","","","","124.550896","124.550896","124.550896","788","788","788","","","","","",""
"288074","254.9488","254.9488","254.9488","799","799","799","","","","","","","","","","","","","","","","","",""
"288111","","","","","","","","","","","","","","","","","","","464.02438","464.02438","464.02438","795","795","795"
"288961","","","","","","","428.4281","428.4281","428.4281","805","805","805","","","","","","","","","","","",""
"288981","","","","","","","","","","","","","293.25842","293.25842","293.25842","789","789","789","","","","","",""
"289075","477.06094","477.06094","477.06094","800","800","800","","","","","","","","","","","","","","","","","",""
"289112","","","","","","","","","","","","","","","","","","","337.5","337.5","337.5","796","796","796"
"289962","","","","","","","182.60869","182.60869","182.60869","806","806","806","","","","","","","","","","","",""
"289982","","","","","","","","","","","","","79.77528","79.77528","79.77528","790","790","790","","","","","",""
"290076","410.34482","410.34482","410.34482","801","801","801","","","","","","","","","","","","","","","","","",""
"290113","","","","","","","","","","","","","","","","","","","162.65823","162.65823","162.65823","797","797","797"
"290963","","","","","","","488.6525","488.6525","488.6525","814","814","814","","","","","","","","","","","",""
"290983","","","","","","","","","","","","","232.19179","232.19179","232.19179","798","798","798","","","","","",""
"291077","377.20364","377.20364","377.20364","809","809","809","","","","","","","","","","","","","","","","","",""
"291114","","","","","","","","","","","","","","","","","","","14.583333","14.583333","14.583333","805","805","805"
"291964","","","","","","","348.9164","348.9164","348.9164","815","815","815","","","","","","","","","","","",""
"291984","","","","","","","","","","","","","210.34483","210.34483","210.34483","799","799","799","","","","","",""
"292078","206.39731","206.39731","206.39731","810","810","810","","","","","","","","","","","","","","","","","",""
"292115","","","","","","","","","","","","","","","","","","","248.12286","248.12286","248.12286","806","806","806"
"292965","","","","","","","652.7675","652.7675","652.7675","816","816","816","","","","","","","","","","","",""
"292985","","","","","","","","","","","","","265.77182","265.77182","265.77182","800","800","800","","","","","",""
"293079","547.4359","547.4359","547.4359","811","811","811","","","","","","","","","","","","","","","","","",""
"293116","","","","","","","","","","","","","","","","","","","279.9283","279.9283","279.9283","807","807","807"
"293657","","","","","","","-25.589148","-25.589148","-25.589148","817","817","817","","","","","","","","","","","",""
"293986","","","","","","","","","","","","","107.69231","107.69231","107.69231","801","801","801","","","","","",""
"294080","321.4047","321.4047","321.4047","812","812","812","","","","","","","","","","","","","","","","","",""
"294117","","","","","","","","","","","","","","","","","","","448.27585","448.27585","448.27585","808","808","808"
"294658","","","","","","","233.33333","233.33333","233.33333","818","818","818","","","","","","","","","","","",""
"294987","","","","","","","","","","","","","-39.02439","-39.02439","-39.02439","809","809","809","","","","","",""
"295081","257.14285","257.14285","257.14285","820","820","820","","","","","","","","","","","","","","","","","",""
"295118","","","","","","","","","","","","","","","","","","","213.06992","213.06992","213.06992","816","816","816"
"295659","","","","","","","184.28093","184.28093","184.28093","826","826","826","","","","","","","","","","","",""
"295988","","","","","","","","","","","","","150","150","150","810","810","810","","","","","",""
"296082","460.2837","460.2837","460.2837","821","821","821","","","","","","","","","","","","","","","","","",""
"296119","","","","","","","","","","","","","","","","","","","199.6633","199.6633","199.6633","817","817","817"
"296174","","","","","","","-74.37692","-74.37692","-74.37692","827","827","827","","","","","","","","","","","",""
"296507","","","","","","","","","","","","","","","","","","","-0.7794872","-0.7794872","-0.7794872","818","818","818"
"296989","","","","","","","","","","","","","273.41772","273.41772","273.41772","811","811","811","","","","","",""
"297083","265.32507","265.32507","265.32507","822","822","822","","","","","","","","","","","","","","","","","",""
"297175","","","","","","","218.51852","218.51852","218.51852","828","828","828","","","","","","","","","","","",""
"297508","","","","","","","","","","","","","","","","","","","97.32442","97.32442","97.32442","819","819","819"
"297990","","","","","","","","","","","","","434.72223","434.72223","434.72223","812","812","812","","","","","",""
"298084","398.15497","398.15497","398.15497","823","823","823","","","","","","","","","","","","","","","","","",""
"298176","","","","","","","248.14815","248.14815","248.14815","829","829","829","","","","","","","","","","","",""
"298509","","","","","","","","","","","","","","","","","","","201.24223","201.24223","201.24223","820","820","820"
"298560","30.894573","30.894573","30.894573","824","824","824","","","","","","","","","","","","","","","","","",""
"298991","","","","","","","","","","","","","87.71331","87.71331","87.71331","813","813","813","","","","","",""
"299177","","","","","","","635.84906","635.84906","635.84906","837","837","837","","","","","","","","","","","",""
"299238","","","","","","","","","","","","","","","","","","","295.3851","295.3851","295.3851","828","828","828"
"299561","502.99625","502.99625","502.99625","832","832","832","","","","","","","","","","","","","","","","","",""
"299992","","","","","","","","","","","","","251.25449","251.25449","251.25449","821","821","821","","","","","",""
"300178","","","","","","","188.7538","188.7538","188.7538","838","838","838","","","","","","","","","","","",""
"300239","","","","","","","","","","","","","","","","","","","317.95667","317.95667","317.95667","829","829","829"
"300385","302.74985","302.74985","302.74985","833","833","833","","","","","","","","","","","","","","","","","",""
"300993","","","","","","","","","","","","","310.34482","310.34482","310.34482","822","822","822","","","","","",""
"301179","","","","","","","362.64368","362.64368","362.64368","839","839","839","","","","","","","","","","","",""
"301240","","","","","","","","","","","","","","","","","","","815.12915","815.12915","815.12915","830","830","830"
"301386","294.64883","294.64883","294.64883","834","834","834","","","","","","","","","","","","","","","","","",""
"301994","","","","","","","","","","","","","240.42554","240.42554","240.42554","823","823","823","","","","","",""
"302180","","","","","","","276.20578","276.20578","276.20578","840","840","840","","","","","","","","","","","",""
"302241","","","","","","","","","","","","","","","","","","","586.0465","586.0465","586.0465","831","831","831"
"302387","170.37038","170.37038","170.37038","835","835","835","","","","","","","","","","","","","","","","","",""
"302995","","","","","","","","","","","","","256.90234","256.90234","256.90234","824","824","824","","","","","",""
"303181","","","","","","","581.4815","581.4815","581.4815","848","848","848","","","","","","","","","","","",""
"303242","","","","","","","","","","","","","","","","","","","551.68536","551.68536","551.68536","839","839","839"
"303388","248.14815","248.14815","248.14815","843","843","843","","","","","","","","","","","","","","","","","",""
"303996","","","","","","","","","","","","","185.25641","185.25641","185.25641","832","832","832","","","","","",""
"304182","","","","","","","374.2647","374.2647","374.2647","849","849","849","","","","","","","","","","","",""
"304243","","","","","","","","","","","","","","","","","","","344.81604","344.81604","344.81604","840","840","840"
"304389","160.37737","160.37737","160.37737","844","844","844","","","","","","","","","","","","","","","","","",""
"304997","","","","","","","","","","","","","421.73914","421.73914","421.73914","833","833","833","","","","","",""
"305183","","","","","","","85.96491","85.96491","85.96491","850","850","850","","","","","","","","","","","",""
"305244","","","","","","","","","","","","","","","","","","","669.2308","669.2308","669.2308","841","841","841"
"305390","407.5988","407.5988","407.5988","845","845","845","","","","","","","","","","","","","","","","","",""
"305722","","","","","","","","","","","","","","","","","","","259.8074","259.8074","259.8074","842","842","842"
"305998","","","","","","","","","","","","","384.47205","384.47205","384.47205","834","834","834","","","","","",""
"306184","","","","","","","195.08197","195.08197","195.08197","851","851","851","","","","","","","","","","","",""
"306391","121.264366","121.264366","121.264366","846","846","846","","","","","","","","","","","","","","","","","",""
"306723","","","","","","","","","","","","","","","","","","","333.33334","333.33334","333.33334","843","843","843"
"306999","","","","","","","","","","","","","45.39007","45.39007","45.39007","835","835","835","","","","","",""
"307185","","","","","","","577.2152","577.2152","577.2152","852","852","852","","","","","","","","","","","",""
"307392","356.59164","356.59164","356.59164","854","854","854","","","","","","","","","","","","","","","","","",""
"307724","","","","","","","","","","","","","","","","","","","439.62265","439.62265","439.62265","851","851","851"
"308000","","","","","","","","","","","","","187.92569","187.92569","187.92569","843","843","843","","","","","",""
"308186","","","","","","","571.0526","571.0526","571.0526","860","860","860","","","","","","","","","","","",""
"308393","507.4074","507.4074","507.4074","855","855","855","","","","","","","","","","","","","","","","","",""
"308725","","","","","","","","","","","","","","","","","","","173.55623","173.55623","173.55623","852","852","852"
"309001","","","","","","","","","","","","","128.78229","128.78229","128.78229","844","844","844","","","","","",""
"309187","","","","","","","171.84467","171.84467","171.84467","861","861","861","","","","","","","","","","","",""
"309394","315.44116","315.44116","315.44116","856","856","856","","","","","","","","","","","","","","","","","",""
"309726","","","","","","","","","","","","","","","","","","","489.08047","489.08047","489.08047","853","853","853"
"310002","","","","","","","","","","","","","159.68993","159.68993","159.68993","845","845","845","","","","","",""
"310188","","","","","","","167.74193","167.74193","167.74193","862","862","862","","","","","","","","","","","",""
"310200","240.65263","240.65263","240.65263","857","857","857","","","","","","","","","","","","","","","","","",""
"310727","","","","","","","","","","","","","","","","","","","363.02252","363.02252","363.02252","854","854","854"
"311003","","","","","","","","","","","","","105.99251","105.99251","105.99251","846","846","846","","","","","",""
"311189","","","","","","","250.18051","250.18051","250.18051","863","863","863","","","","","","","","","","","",""
"311201","545.9016","545.9016","545.9016","858","858","858","","","","","","","","","","","","","","","","","",""
"311728","","","","","","","","","","","","","","","","","","","488.8889","488.8889","488.8889","862","862","862"
"312004","","","","","","","","","","","","","77.25752","77.25752","77.25752","854","854","854","","","","","",""
"312190","","","","","","","537.6307","537.6307","537.6307","871","871","871","","","","","","","","","","","",""
"312202","279.74683","279.74683","279.74683","866","866","866","","","","","","","","","","","","","","","","","",""
"312729","","","","","","","","","","","","","","","","","","","844.85297","844.85297","844.85297","863","863","863"
"313005","","","","","","","","","","","","","170.90302","170.90302","170.90302","855","855","855","","","","","",""
"313191","","","","","","","615.2103","615.2103","615.2103","872","872","872","","","","","","","","","","","",""
"313203","255.26315","255.26315","255.26315","867","867","867","","","","","","","","","","","","","","","","","",""
"313730","","","","","","","","","","","","","","","","","","","685.9649","685.9649","685.9649","864","864","864"
"314006","","","","","","","","","","","","","470.37036","470.37036","470.37036","856","856","856","","","","","",""
"314192","","","","","","","428.57144","428.57144","428.57144","873","873","873","","","","","","","","","","","",""
"314204","492.233","492.233","492.233","868","868","868","","","","","","","","","","","","","","","","","",""
"314731","","","","","","","","","","","","","","","","","","","198.36066","198.36066","198.36066","865","865","865"
"315007","","","","","","","","","","","","","55.555557","55.555557","55.555557","857","857","857","","","","","",""
"315185","56.93871","56.93871","56.93871","869","869","869","","","","","","","","","","","","","","","","","",""
"315193","","","","","","","203.3033","203.3033","203.3033","874","874","874","","","","","","","","","","","",""
"315732","","","","","","","","","","","","","","","","","","","545.56964","545.56964","545.56964","873","873","873"
"316008","","","","","","","","","","","","","473.5849","473.5849","473.5849","865","865","865","","","","","",""
"316186","210.46931","210.46931","210.46931","877","877","877","","","","","","","","","","","","","","","","","",""
"316194","","","","","","","192.77567","192.77567","192.77567","882","882","882","","","","","","","","","","","",""
"316733","","","","","","","","","","","","","","","","","","","488.8158","488.8158","488.8158","874","874","874"
"317009","","","","","","","","","","","","","374.16412","374.16412","374.16412","866","866","866","","","","","",""
"317187","18.4669","18.4669","18.4669","878","878","878","","","","","","","","","","","","","","","","","",""
"317195","","","","","","","600.63696","600.63696","600.63696","883","883","883","","","","","","","","","","","",""
"317734","","","","","","","","","","","","","","","","","","","320.71198","320.71198","320.71198","875","875","875"
"317977","","","","","","","184.12625","184.12625","184.12625","884","884","884","","","","","","","","","","","",""
"318010","","","","","","","","","","","","","256.32184","256.32184","256.32184","867","867","867","","","","","",""
"318188","298.05826","298.05826","298.05826","879","879","879","","","","","","","","","","","","","","","","","",""
"318735","","","","","","","","","","","","","","","","","","","445.1613","445.1613","445.1613","876","876","876"
"318978","","","","","","","764.9635","764.9635","764.9635","885","885","885","","","","","","","","","","","",""
"319011","","","","","","","","","","","","","292.28296","292.28296","292.28296","868","868","868","","","","","",""
"319189","239.28572","239.28572","239.28572","880","880","880","","","","","","","","","","","","","","","","","",""
"319629","","","","","","","","","","","","","","","","","","","724.1574","724.1574","724.1574","884","884","884"
"319979","","","","","","","534.14636","534.14636","534.14636","893","893","893","","","","","","","","","","","",""
"320012","","","","","","","","","","","","","159.25926","159.25926","159.25926","876","876","876","","","","","",""
"320190","305.4054","305.4054","305.4054","888","888","888","","","","","","","","","","","","","","","","","",""
"320563","","","","","","","77.51428","77.51428","77.51428","894","894","894","","","","","","","","","","","",""
"320630","","","","","","","","","","","","","","","","","","","387.80487","387.80487","387.80487","885","885","885"
"320892","","","","","","","","","","","","","","","","","","","6.6860843","6.6860843","6.6860843","886","886","886"
"321013","","","","","","","","","","","","","282.35294","282.35294","282.35294","877","877","877","","","","","",""
"321191","74.904945","74.904945","74.904945","889","889","889","","","","","","","","","","","","","","","","","",""
"321564","","","","","","","716.99347","716.99347","716.99347","895","895","895","","","","","","","","","","","",""
"321893","","","","","","","","","","","","","","","","","","","817.8571","817.8571","817.8571","887","887","887"
"322014","","","","","","","","","","","","","394.73685","394.73685","394.73685","878","878","878","","","","","",""
"322192","208.91719","208.91719","208.91719","890","890","890","","","","","","","","","","","","","","","","","",""
"322565","","","","","","","696.61017","696.61017","696.61017","896","896","896","","","","","","","","","","","",""
"322894","","","","","","","","","","","","","","","","","","","224.32433","224.32433","224.32433","888","888","888"
"323015","","","","","","","","","","","","","450.81967","450.81967","450.81967","879","879","879","","","","","",""
"323193","258.804","258.804","258.804","891","891","891","","","","","","","","","","","","","","","","","",""
"323566","","","","","","","707.971","707.971","707.971","897","897","897","","","","","","","","","","","",""
"323895","","","","","","","","","","","","","","","","","","","48.288975","48.288975","48.288975","896","896","896"
"324016","","","","","","","","","","","","","311.3924","311.3924","311.3924","887","887","887","","","","","",""
"324194","348.90512","348.90512","348.90512","899","899","899","","","","","","","","","","","","","","","","","",""
"324567","","","","","","","539.576","539.576","539.576","905","905","905","","","","","","","","","","","",""
"324709","277.27142","277.27142","277.27142","900","900","900","","","","","","","","","","","","","","","","","",""
"324896","","","","","","","","","","","","","","","","","","","473.2484","473.2484","473.2484","897","897","897"
"325017","","","","","","","","","","","","","110.52631","110.52631","110.52631","888","888","888","","","","","",""
"325568","","","","","","","563.2997","563.2997","563.2997","906","906","906","","","","","","","","","","","",""
"325710","221.42857","221.42857","221.42857","901","901","901","","","","","","","","","","","","","","","","","",""
"325897","","","","","","","","","","","","","","","","","","","647.5083","647.5083","647.5083","898","898","898"
"326018","","","","","","","","","","","","","262.45953","262.45953","262.45953","889","889","889","","","","","",""
"326569","","","","","","","622.7723","622.7723","622.7723","907","907","907","","","","","","","","","","","",""
"326711","416.33987","416.33987","416.33987","902","902","902","","","","","","","","","","","","","","","","","",""
"326898","","","","","","","","","","","","","","","","","","","710.219","710.219","710.219","899","899","899"
"327019","","","","","","","","","","","","","361.2903","361.2903","361.2903","890","890","890","","","","","",""
"327570","","","","","","","504.72974","504.72974","504.72974","908","908","908","","","","","","","","","","","",""
"327712","381.35593","381.35593","381.35593","910","910","910","","","","","","","","","","","","","","","","","",""
"327899","","","","","","","","","","","","","","","","","","","774.56445","774.56445","774.56445","907","907","907"
"328020","","","","","","","","","","","","","575.0903","575.0903","575.0903","898","898","898","","","","","",""
"328571","","","","","","","621.08844","621.08844","621.08844","916","916","916","","","","","","","","","","","",""
"328713","780.43475","780.43475","780.43475","911","911","911","","","","","","","","","","","","","","","","","",""
"328900","","","","","","","","","","","","","","","","","","","492.85715","492.85715","492.85715","908","908","908"
"329021","","","","","","","","","","","","","300.69687","300.69687","300.69687","899","899","899","","","","","",""
"329572","","","","","","","876.3514","876.3514","876.3514","917","917","917","","","","","","","","","","","",""
"329714","324.02826","324.02826","324.02826","912","912","912","","","","","","","","","","","","","","","","","",""
"329901","","","","","","","","","","","","","","","","","","","337.9085","337.9085","337.9085","909","909","909"
"330022","","","","","","","","","","","","","158.89967","158.89967","158.89967","900","900","900","","","","","",""
"330573","","","","","","","520.5674","520.5674","520.5674","918","918","918","","","","","","","","","","","",""
"330715","132.32323","132.32323","132.32323","913","913","913","","","","","","","","","","","","","","","","","",""
"330902","","","","","","","","","","","","","","","","","","","689.8305","689.8305","689.8305","910","910","910"
"331023","","","","","","","","","","","","","310.7143","310.7143","310.7143","901","901","901","","","","","",""
"331574","","","","","","","200.6536","200.6536","200.6536","919","919","919","","","","","","","","","","","",""
"331716","269.63696","269.63696","269.63696","914","914","914","","","","","","","","","","","","","","","","","",""
"331903","","","","","","","","","","","","","","","","","","","845.65216","845.65216","845.65216","918","918","918"
"332024","","","","","","","","","","","","","182.28229","182.28229","182.28229","909","909","909","","","","","",""
"332221","","","","","","","6.5914454","6.5914454","6.5914454","927","927","927","","","","","","","","","","","",""
"332717","416.8919","416.8919","416.8919","922","922","922","","","","","","","","","","","","","","","","","",""
"332904","","","","","","","","","","","","","","","","","","","564.311","564.311","564.311","919","919","919"
"333025","","","","","","","","","","","","","413.30798","413.30798","413.30798","910","910","910","","","","","",""
"333222","","","","","","","791.6084","791.6084","791.6084","928","928","928","","","","","","","","","","","",""
"333718","352.38095","352.38095","352.38095","923","923","923","","","","","","","","","","","","","","","","","",""
"333905","","","","","","","","","","","","","","","","","","","697.9798","697.9798","697.9798","920","920","920"
"334026","","","","","","","","","","","","","62.420383","62.420383","62.420383","911","911","911","","","","","",""
"334223","","","","","","","440.54053","440.54053","440.54053","929","929","929","","","","","","","","","","","",""
"334614","","","","","","","","","","","","","","","","","","","416.75876","416.75876","416.75876","921","921","921"
"334719","430.4054","430.4054","430.4054","924","924","924","","","","","","","","","","","","","","","","","",""
"335027","","","","","","","","","","","","","258.804","258.804","258.804","912","912","912","","","","","",""
"335224","","","","","","","218.0212","218.0212","218.0212","930","930","930","","","","","","","","","","","",""
"335615","","","","","","","","","","","","","","","","","","","619.5946","619.5946","619.5946","922","922","922"
"335720","325.53192","325.53192","325.53192","925","925","925","","","","","","","","","","","","","","","","","",""
"336028","","","","","","","","","","","","","97.08029","97.08029","97.08029","920","920","920","","","","","",""
"336225","","","","","","","403.64963","403.64963","403.64963","938","938","938","","","","","","","","","","","",""
"336616","","","","","","","","","","","","","","","","","","","665.30615","665.30615","665.30615","930","930","930"
"336721","53.594772","53.594772","53.594772","933","933","933","","","","","","","","","","","","","","","","","",""
"337029","","","","","","","","","","","","","171.77701","171.77701","171.77701","921","921","921","","","","","",""
"337226","","","","","","","784.29755","784.29755","784.29755","939","939","939","","","","","","","","","","","",""
"337617","","","","","","","","","","","","","","","","","","","298.64865","298.64865","298.64865","931","931","931"
"337722","118.289085","118.289085","118.289085","934","934","934","","","","","","","","","","","","","","","","","",""
"338030","","","","","","","","","","","","","325","325","325","922","922","922","","","","","",""
"338227","","","","","","","336.2416","336.2416","336.2416","940","940","940","","","","","","","","","","","",""
"338618","","","","","","","","","","","","","","","","","","","814.8936","814.8936","814.8936","932","932","932"
"338723","64.33566","64.33566","64.33566","935","935","935","","","","","","","","","","","","","","","","","",""
"338966","","","","","","","","","","","","","","","","","","","2.654902","2.654902","2.654902","933","933","933"
"339031","","","","","","","","","","","","","190.84967","190.84967","190.84967","923","923","923","","","","","",""
"339228","","","","","","","732.74023","732.74023","732.74023","941","941","941","","","","","","","","","","","",""
"339232","","","","","","","","","","","","","","","","","","","26.99233","26.99233","26.99233","934","934","934"
"339724","53.153152","53.153152","53.153152","936","936","936","","","","","","","","","","","","","","","","","",""
"340032","","","","","","","","","","","","","500","500","500","931","931","931","","","","","",""
"340229","","","","","","","817.8571","817.8571","817.8571","949","949","949","","","","","","","","","","","",""
"340233","","","","","","","","","","","","","","","","","","","284.6154","284.6154","284.6154","942","942","942"
"340516","","","","","","","","","","","","","","","","","","","16.044144","16.044144","16.044144","943","943","943"
"340725","377.0318","377.0318","377.0318","944","944","944","","","","","","","","","","","","","","","","","",""
"341033","","","","","","","","","","","","","566.6667","566.6667","566.6667","932","932","932","","","","","",""
"341132","63.879562","63.879562","63.879562","945","945","945","","","","","","","","","","","","","","","","","",""
"341230","","","","","","","798.5507","798.5507","798.5507","950","950","950","","","","","","","","","","","",""
"341517","","","","","","","","","","","","","","","","","","","338.16254","338.16254","338.16254","944","944","944"
"342034","","","","","","","","","","","","","108.48057","108.48057","108.48057","933","933","933","","","","","",""
"342133","317.35538","317.35538","317.35538","946","946","946","","","","","","","","","","","","","","","","","",""
"342158","","","","","","","","","","","","","","","","","","","80.62555","80.62555","80.62555","945","945","945"
"342231","","","","","","","855.8823","855.8823","855.8823","951","951","951","","","","","","","","","","","",""
"343035","","","","","","","","","","","","","381.48148","381.48148","381.48148","934","934","934","","","","","",""
"343134","319.46307","319.46307","319.46307","947","947","947","","","","","","","","","","","","","","","","","",""
"343159","","","","","","","","","","","","","","","","","","","751.2397","751.2397","751.2397","946","946","946"
"343232","","","","","","","731.68317","731.68317","731.68317","952","952","952","","","","","","","","","","","",""
"344036","","","","","","","","","","","","","127.72277","127.72277","127.72277","935","935","935","","","","","",""
"344135","216.72598","216.72598","216.72598","955","955","955","","","","","","","","","","","","","","","","","",""
"344160","","","","","","","","","","","","","","","","","","","433.55704","433.55704","433.55704","954","954","954"
"344233","","","","","","","477.1812","477.1812","477.1812","960","960","960","","","","","","","","","","","",""
"345037","","","","","","","","","","","","","633.1081","633.1081","633.1081","943","943","943","","","","","",""
"345136","314.2857","314.2857","314.2857","956","956","956","","","","","","","","","","","","","","","","","",""
"345161","","","","","","","","","","","","","","","","","","","259.4306","259.4306","259.4306","955","955","955"
"345234","","","","","","","831.2715","831.2715","831.2715","961","961","961","","","","","","","","","","","",""
"346038","","","","","","","","","","","","","308.16327","308.16327","308.16327","944","944","944","","","","","",""
"346137","443.47827","443.47827","443.47827","957","957","957","","","","","","","","","","","","","","","","","",""
"346162","","","","","","","","","","","","","","","","","","","667.8571","667.8571","667.8571","956","956","956"
"346235","","","","","","","301.06952","301.06952","301.06952","962","962","962","","","","","","","","","","","",""
"347039","","","","","","","","","","","","","153.37837","153.37837","153.37837","945","945","945","","","","","",""
"347138","297.05884","297.05884","297.05884","958","958","958","","","","","","","","","","","","","","","","","",""
"347163","","","","","","","","","","","","","","","","","","","863.7681","863.7681","863.7681","957","957","957"
"347236","","","","","","","501.3986","501.3986","501.3986","963","963","963","","","","","","","","","","","",""
"348040","","","","","","","","","","","","","385.8156","385.8156","385.8156","946","946","946","","","","","",""
"348139","177.22772","177.22772","177.22772","959","959","959","","","","","","","","","","","","","","","","","",""
"348164","","","","","","","","","","","","","","","","","","","341.17648","341.17648","341.17648","965","965","965"
"348237","","","","","","","414.59854","414.59854","414.59854","971","971","971","","","","","","","","","","","",""
"349041","","","","","","","","","","","","","396.73203","396.73203","396.73203","954","954","954","","","","","",""
"349140","463.7584","463.7584","463.7584","967","967","967","","","","","","","","","","","","","","","","","",""
"349165","","","","","","","","","","","","","","","","","","","612.8713","612.8713","612.8713","966","966","966"
"349238","","","","","","","591.52545","591.52545","591.52545","972","972","972","","","","","","","","","","","",""
"350042","","","","","","","","","","","","","138.93805","138.93805","138.93805","955","955","955","","","","","",""
"350141","408.59106","408.59106","408.59106","968","968","968","","","","","","","","","","","","","","","","","",""
"350164","","","","","","","65.268715","65.268715","65.268715","973","973","973","","","","","","","","","","","",""
"350166","","","","","","","","","","","","","","","","","","","644.96643","644.96643","644.96643","967","967","967"
"351043","","","","","","","","","","","","","165.73427","165.73427","165.73427","956","956","956","","","","","",""
"351142","218.18182","218.18182","218.18182","969","969","969","","","","","","","","","","","","","","","","","",""
"351165","","","","","","","534.0694","534.0694","534.0694","974","974","974","","","","","","","","","","","",""
"351167","","","","","","","","","","","","","","","","","","","611.3402","611.3402","611.3402","968","968","968"
"352044","","","","","","","","","","","","","323.42343","323.42343","323.42343","957","957","957","","","","","",""
"352143","267.13287","267.13287","267.13287","970","970","970","","","","","","","","","","","","","","","","","",""
"352166","","","","","","","453.57144","453.57144","453.57144","975","975","975","","","","","","","","","","","",""
"352168","","","","","","","","","","","","","","","","","","","327.8075","327.8075","327.8075","969","969","969"
"352822","","","","","","","184.22406","184.22406","184.22406","983","983","983","","","","","","","","","","","",""
"353045","","","","","","","","","","","","","225.08833","225.08833","225.08833","965","965","965","","","","","",""
"353144","374.45255","374.45255","374.45255","978","978","978","","","","","","","","","","","","","","","","","",""
"353169","","","","","","","","","","","","","","","","","","","295.1049","295.1049","295.1049","977","977","977"
"353823","","","","","","","313.0435","313.0435","313.0435","984","984","984","","","","","","","","","","","",""
"354046","","","","","","","","","","","","","400","400","400","966","966","966","","","","","",""
"354145","232.20338","232.20338","232.20338","979","979","979","","","","","","","","","","","","","","","","","",""
"354170","","","","","","","","","","","","","","","","","","","494.8905","494.8905","494.8905","978","978","978"
"354824","","","","","","","108.79121","108.79121","108.79121","985","985","985","","","","","","","","","","","",""
"355047","","","","","","","","","","","","","3.3057852","3.3057852","3.3057852","967","967","967","","","","","",""
"355146","62.576687","62.576687","62.576687","980","980","980","","","","","","","","","","","","","","","","","",""
"355171","","","","","","","","","","","","","","","","","","","394.91525","394.91525","394.91525","979","979","979"
"355825","","","","","","","458.92255","458.92255","458.92255","986","986","986","","","","","","","","","","","",""
"356048","","","","","","","","","","","","","316.1074","316.1074","316.1074","968","968","968","","","","","",""
"356147","379.49527","379.49527","379.49527","981","981","981","","","","","","","","","","","","","","","","","",""
"356172","","","","","","","","","","","","","","","","","","","231.28835","231.28835","231.28835","980","980","980"
"356806","","","","","","","","","","","","","13.012099","13.012099","13.012099","976","976","976","","","","","",""
"356826","","","","","","","777.8135","777.8135","777.8135","994","994","994","","","","","","","","","","","",""
"357148","435.7143","435.7143","435.7143","989","989","989","","","","","","","","","","","","","","","","","",""
"357173","","","","","","","","","","","","","","","","","","","489.90536","489.90536","489.90536","988","988","988"
"357807","","","","","","","","","","","","","539.2857","539.2857","539.2857","977","977","977","","","","","",""
"357827","","","","","","","749.2647","749.2647","749.2647","995","995","995","","","","","","","","","","","",""
"358149","298.49625","298.49625","298.49625","990","990","990","","","","","","","","","","","","","","","","","",""
"358174","","","","","","","","","","","","","","","","","","","571.4286","571.4286","571.4286","989","989","989"
"358808","","","","","","","","","","","","","81.159424","81.159424","81.159424","978","978","978","","","","","",""
"358828","","","","","","","638.255","638.255","638.255","996","996","996","","","","","","","","","","","",""
"359150","316.66666","316.66666","316.66666","991","991","991","","","","","","","","","","","","","","","","","",""
"359175","","","","","","","","","","","","","","","","","","","351.1278","351.1278","351.1278","990","990","990"
"359809","","","","","","","","","","","","","469.85294","469.85294","469.85294","979","979","979","","","","","",""
"359829","","","","","","","666.5615","666.5615","666.5615","997","997","997","","","","","","","","","","","",""
"360112","","","","","","","","","","","","","","","","","","","906.4","906.4","906.4","991","991","991"
"360151","606.9597","606.9597","606.9597","992","992","992","","","","","","","","","","","","","","","","","",""
"360810","","","","","","","","","","","","","721.78217","721.78217","721.78217","987","987","987","","","","","",""
"360830","","","","","","","542.6117","542.6117","542.6117","1005","1005","1005","","","","","","","","","","","",""
"361113","","","","","","","","","","","","","","","","","","","584.9817","584.9817","584.9817","999","999","999"
"361152","145.79124","145.79124","145.79124","1000","1000","1000","","","","","","","","","","","","","","","","","",""
"361811","","","","","","","","","","","","","131.54362","131.54362","131.54362","988","988","988","","","","","",""
"361831","","","","","","","721.30585","721.30585","721.30585","1006","1006","1006","","","","","","","","","","","",""
"362114","","","","","","","","","","","","","","","","","","","556.5657","556.5657","556.5657","1000","1000","1000"
"362153","131.51126","131.51126","131.51126","1001","1001","1001","","","","","","","","","","","","","","","","","",""
"362659","290.77646","290.77646","290.77646","1002","1002","1002","","","","","","","","","","","","","","","","","",""
"362812","","","","","","","","","","","","","635.3952","635.3952","635.3952","989","989","989","","","","","",""
"362832","","","","","","","728.5714","728.5714","728.5714","1007","1007","1007","","","","","","","","","","","",""
"363082","","","","","","","","","","","","","","","","","","","758.3839","758.3839","758.3839","1001","1001","1001"
"363660","232.21477","232.21477","232.21477","1003","1003","1003","","","","","","","","","","","","","","","","","",""
"363813","","","","","","","","","","","","","234.2246","234.2246","234.2246","990","990","990","","","","","",""
"363833","","","","","","","549.635","549.635","549.635","1008","1008","1008","","","","","","","","","","","",""
"364083","","","","","","","","","","","","","","","","","","","370.58823","370.58823","370.58823","1002","1002","1002"
"364661","212.30284","212.30284","212.30284","1011","1011","1011","","","","","","","","","","","","","","","","","",""
"364814","","","","","","","","","","","","","270.62936","270.62936","270.62936","998","998","998","","","","","",""
"364834","","","","","","","832.3308","832.3308","832.3308","1016","1016","1016","","","","","","","","","","","",""
"365084","","","","","","","","","","","","","","","","","","","292.61746","292.61746","292.61746","1010","1010","1010"
"365662","415.46393","415.46393","415.46393","1012","1012","1012","","","","","","","","","","","","","","","","","",""
"365815","","","","","","","","","","","","","359.854","359.854","359.854","999","999","999","","","","","",""
"365835","","","","","","","518.67706","518.67706","518.67706","1017","1017","1017","","","","","","","","","","","",""
"366085","","","","","","","","","","","","","","","","","","","262.77603","262.77603","262.77603","1011","1011","1011"
"366663","394.84537","394.84537","394.84537","1013","1013","1013","","","","","","","","","","","","","","","","","",""
"366816","","","","","","","","","","","","","333.89832","333.89832","333.89832","1000","1000","1000","","","","","",""
"366836","","","","","","","278.09186","278.09186","278.09186","1018","1018","1018","","","","","","","","","","","",""
"367086","","","","","","","","","","","","","","","","","","","357.04468","357.04468","357.04468","1012","1012","1012"
"367664","58.73016","58.73016","58.73016","1014","1014","1014","","","","","","","","","","","","","","","","","",""
"367817","","","","","","","","","","","","","31.90184","31.90184","31.90184","1001","1001","1001","","","","","",""
"367837","","","","","","","378.82736","378.82736","378.82736","1019","1019","1019","","","","","","","","","","","",""
"368087","","","","","","","","","","","","","","","","","","","752.2337","752.2337","752.2337","1013","1013","1013"
"368665","243.06569","243.06569","243.06569","1022","1022","1022","","","","","","","","","","","","","","","","","",""
"368818","","","","","","","","","","","","","325.8675","325.8675","325.8675","1009","1009","1009","","","","","",""
"368838","","","","","","","608.0745","608.0745","608.0745","1027","1027","1027","","","","","","","","","","","",""
"369088","","","","","","","","","","","","","","","","","","","61.904762","61.904762","61.904762","1021","1021","1021"
"369666","42.857143","42.857143","42.857143","1023","1023","1023","","","","","","","","","","","","","","","","","",""
"369819","","","","","","","","","","","","","400","400","400","1010","1010","1010","","","","","",""
"369839","","","","","","","267.78116","267.78116","267.78116","1028","1028","1028","","","","","","","","","","","",""
"370089","","","","","","","","","","","","","","","","","","","505.83942","505.83942","505.83942","1022","1022","1022"
"370667","265.75876","265.75876","265.75876","1024","1024","1024","","","","","","","","","","","","","","","","","",""
"370820","","","","","","","","","","","","","362.406","362.406","362.406","1011","1011","1011","","","","","",""
"370840","","","","","","","461.12854","461.12854","461.12854","1029","1029","1029","","","","","","","","","","","",""
"371090","","","","","","","","","","","","","","","","","","","603.0075","603.0075","603.0075","1023","1023","1023"
"371668","793.9929","793.9929","793.9929","1025","1025","1025","","","","","","","","","","","","","","","","","",""
"371821","","","","","","","","","","","","","233.33333","233.33333","233.33333","1012","1012","1012","","","","","",""
"371841","","","","","","","384.6154","384.6154","384.6154","1030","1030","1030","","","","","","","","","","","",""
"372091","","","","","","","","","","","","","","","","","","","530.3502","530.3502","530.3502","1024","1024","1024"
"372669","219.21825","219.21825","219.21825","1026","1026","1026","","","","","","","","","","","","","","","","","",""
"372822","","","","","","","","","","","","","486.0806","486.0806","486.0806","1020","1020","1020","","","","","",""
"372842","","","","","","","854.5455","854.5455","854.5455","1038","1038","1038","","","","","","","","","","","",""
"373092","","","","","","","","","","","","","","","","","","","709.18726","709.18726","709.18726","1032","1032","1032"
"373670","213.6646","213.6646","213.6646","1034","1034","1034","","","","","","","","","","","","","","","","","",""
"373823","","","","","","","","","","","","","-2.3569024","-2.3569024","-2.3569024","1021","1021","1021","","","","","",""
"373843","","","","","","","643.75","643.75","643.75","1039","1039","1039","","","","","","","","","","","",""
"374093","","","","","","","","","","","","","","","","","","","212.70358","212.70358","212.70358","1033","1033","1033"
"374671","188.7538","188.7538","188.7538","1035","1035","1035","","","","","","","","","","","","","","","","","",""
"374824","","","","","","","","","","","","","469.13184","469.13184","469.13184","1022","1022","1022","","","","","",""
"374844","","","","","","","211.86441","211.86441","211.86441","1040","1040","1040","","","","","","","","","","","",""
"375094","","","","","","","","","","","","","","","","","","","222.98137","222.98137","222.98137","1034","1034","1034"
"375672","251.09718","251.09718","251.09718","1036","1036","1036","","","","","","","","","","","","","","","","","",""
"375825","","","","","","","","","","","","","208.82353","208.82353","208.82353","1023","1023","1023","","","","","",""
"375845","","","","","","","721.65607","721.65607","721.65607","1041","1041","1041","","","","","","","","","","","",""
"376095","","","","","","","","","","","","","","","","","","","188.7538","188.7538","188.7538","1035","1035","1035"
"376673","346.15384","346.15384","346.15384","1037","1037","1037","","","","","","","","","","","","","","","","","",""
"376826","","","","","","","","","","","","","238.92618","238.92618","238.92618","1024","1024","1024","","","","","",""
"376846","","","","","","","370.948","370.948","370.948","1049","1049","1049","","","","","","","","","","","",""
"377096","","","","","","","","","","","","","","","","","","","229.15361","229.15361","229.15361","1043","1043","1043"
"377674","483.91608","483.91608","483.91608","1045","1045","1045","","","","","","","","","","","","","","","","","",""
"377827","","","","","","","","","","","","","262.77603","262.77603","262.77603","1032","1032","1032","","","","","",""
"377847","","","","","","","697.5078","697.5078","697.5078","1050","1050","1050","","","","","","","","","","","",""
"378097","","","","","","","","","","","","","","","","","","","361.53845","361.53845","361.53845","1044","1044","1044"
"378675","209.375","209.375","209.375","1046","1046","1046","","","","","","","","","","","","","","","","","",""
"378828","","","","","","","","","","","","","61.512028","61.512028","61.512028","1033","1033","1033","","","","","",""
"378848","","","","","","","806.015","806.015","806.015","1051","1051","1051","","","","","","","","","","","",""
"379098","","","","","","","","","","","","","","","","","","","543.3566","543.3566","543.3566","1045","1045","1045"
"379676","510.1695","510.1695","510.1695","1047","1047","1047","","","","","","","","","","","","","","","","","",""
"379829","","","","","","","","","","","","","171.47766","171.47766","171.47766","1034","1034","1034","","","","","",""
"379849","","","","","","","666.7732","666.7732","666.7732","1052","1052","1052","","","","","","","","","","","",""
"380099","","","","","","","","","","","","","","","","","","","209.375","209.375","209.375","1046","1046","1046"
"380677","326.7516","326.7516","326.7516","1048","1048","1048","","","","","","","","","","","","","","","","","",""
"380830","","","","","","","","","","","","","233.33333","233.33333","233.33333","1035","1035","1035","","","","","",""
"380850","","","","","","","834.25604","834.25604","834.25604","1053","1053","1053","","","","","","","","","","","",""
"381100","","","","","","","","","","","","","","","","","","","832.20337","832.20337","832.20337","1054","1054","1054"
"381678","254.74007","254.74007","254.74007","1056","1056","1056","","","","","","","","","","","","","","","","","",""
"381831","","","","","","","","","","","","","345.25546","345.25546","345.25546","1043","1043","1043","","","","","",""
"381851","","","","","","","736.23694","736.23694","736.23694","1061","1061","1061","","","","","","","","","","","",""
"382101","","","","","","","","","","","","","","","","","","","164.3312","164.3312","164.3312","1055","1055","1055"
"382679","146.10593","146.10593","146.10593","1057","1057","1057","","","","","","","","","","","","","","","","","",""
"382832","","","","","","","","","","","","","565.4135","565.4135","565.4135","1044","1044","1044","","","","","",""
"382852","","","","","","","775.88654","775.88654","775.88654","1062","1062","1062","","","","","","","","","","","",""
"383102","","","","","","","","","","","","","","","","","","","447.4006","447.4006","447.4006","1056","1056","1056"
"383680","351.1278","351.1278","351.1278","1058","1058","1058","","","","","","","","","","","","","","","","","",""
"383833","","","","","","","","","","","","","398.05447","398.05447","398.05447","1045","1045","1045","","","","","",""
"383853","","","","","","","518.8925","518.8925","518.8925","1063","1063","1063","","","","","","","","","","","",""
"384103","","","","","","","","","","","","","","","","","","","208.41121","208.41121","208.41121","1057","1057","1057"
"384681","254.63258","254.63258","254.63258","1059","1059","1059","","","","","","","","","","","","","","","","","",""
"384834","","","","","","","","","","","","","384.09894","384.09894","384.09894","1046","1046","1046","","","","","",""
"384854","","","","","","","141.00719","141.00719","141.00719","1064","1064","1064","","","","","","","","","","","",""
"385104","","","","","","","","","","","","","","","","","","","415.0376","415.0376","415.0376","1065","1065","1065"
"385682","391.3495","391.3495","391.3495","1067","1067","1067","","","","","","","","","","","","","","","","","",""
"385835","","","","","","","","","","","","","300.65146","300.65146","300.65146","1054","1054","1054","","","","","",""
"385855","","","","","","","840.9594","840.9594","840.9594","1072","1072","1072","","","","","","","","","","","",""
"386105","","","","","","","","","","","","","","","","","","","423.96167","423.96167","423.96167","1066","1066","1066"
"386683","244.94774","244.94774","244.94774","1068","1068","1068","","","","","","","","","","","","","","","","","",""
"386836","","","","","","","","","","","","","238.50932","238.50932","238.50932","1055","1055","1055","","","","","",""
"386856","","","","","","","352.2293","352.2293","352.2293","1073","1073","1073","","","","","","","","","","","",""
"387106","","","","","","","","","","","","","","","","","","","588.5813","588.5813","588.5813","1067","1067","1067"
"387684","307.80142","307.80142","307.80142","1069","1069","1069","","","","","","","","","","","","","","","","","",""
"387837","","","","","","","","","","","","","6.382979","6.382979","6.382979","1056","1056","1056","","","","","",""
"387857","","","","","","","403.6232","403.6232","403.6232","1074","1074","1074","","","","","","","","","","","",""
"388107","","","","","","","","","","","","","","","","","","","743.20557","743.20557","743.20557","1068","1068","1068"
"388685","225.7329","225.7329","225.7329","1070","1070","1070","","","","","","","","","","","","","","","","","",""
"388838","","","","","","","","","","","","","373.35422","373.35422","373.35422","1057","1057","1057","","","","","",""
"388858","","","","","","","474.75082","474.75082","474.75082","1075","1075","1075","","","","","","","","","","","",""
"389108","","","","","","","","","","","","","","","","","","","676.59576","676.59576","676.59576","1069","1069","1069"
"389686","302.8777","302.8777","302.8777","1078","1078","1078","","","","","","","","","","","","","","","","","",""
"389839","","","","","","","","","","","","","157.6923","157.6923","157.6923","1065","1065","1065","","","","","",""
"389859","","","","","","","282.63666","282.63666","282.63666","1083","1083","1083","","","","","","","","","","","",""
"390109","","","","","","","","","","","","","","","","","","","496.09122","496.09122","496.09122","1077","1077","1077"
"390687","376.01477","376.01477","376.01477","1079","1079","1079","","","","","","","","","","","","","","","","","",""
"390840","","","","","","","","","","","","","298.6014","298.6014","298.6014","1066","1066","1066","","","","","",""
"390860","","","","","","","744.5946","744.5946","744.5946","1084","1084","1084","","","","","","","","","","","",""
"391110","","","","","","","","","","","","","","","","","","","320.8633","320.8633","320.8633","1078","1078","1078"
"391688","81.52866","81.52866","81.52866","1080","1080","1080","","","","","","","","","","","","","","","","","",""
"391841","","","","","","","","","","","","","281.25","281.25","281.25","1067","1067","1067","","","","","",""
"391861","","","","","","","560.5505","560.5505","560.5505","1085","1085","1085","","","","","","","","","","","",""
"392111","","","","","","","","","","","","","","","","","","","844.6495","844.6495","844.6495","1079","1079","1079"
"392689","508.69565","508.69565","508.69565","1081","1081","1081","","","","","","","","","","","","","","","","","",""
"392842","","","","","","","","","","","","","93.22034","93.22034","93.22034","1068","1068","1068","","","","","",""
"392862","","","","","","","302.5559","302.5559","302.5559","1086","1086","1086","","","","","","","","","","","",""
"393112","","","","","","","","","","","","","","","","","","","603.82166","603.82166","603.82166","1080","1080","1080"
"393690","175.74751","175.74751","175.74751","1089","1089","1089","","","","","","","","","","","","","","","","","",""
"393843","","","","","","","","","","","","","514.64966","514.64966","514.64966","1076","1076","1076","","","","","",""
"393863","","","","","","","463.1579","463.1579","463.1579","1094","1094","1094","","","","","","","","","","","",""
"394113","","","","","","","","","","","","","","","","","","","606.5217","606.5217","606.5217","1088","1088","1088"
"394691","240.83601","240.83601","240.83601","1090","1090","1090","","","","","","","","","","","","","","","","","",""
"394844","","","","","","","","","","","","","218.04282","218.04282","218.04282","1077","1077","1077","","","","","",""
"394864","","","","","","","739.69464","739.69464","739.69464","1095","1095","1095","","","","","","","","","","","",""
"395114","","","","","","","","","","","","","","","","","","","179.06976","179.06976","179.06976","1089","1089","1089"
"395692","163.51352","163.51352","163.51352","1091","1091","1091","","","","","","","","","","","","","","","","","",""
"395845","","","","","","","","","","","","","-9.657321","-9.657321","-9.657321","1078","1078","1078","","","","","",""
"395865","","","","","","","747.45764","747.45764","747.45764","1096","1096","1096","","","","","","","","","","","",""
"396115","","","","","","","","","","","","","","","","","","","282.63666","282.63666","282.63666","1090","1090","1090"
"396693","129.3578","129.3578","129.3578","1092","1092","1092","","","","","","","","","","","","","","","","","",""
"396846","","","","","","","","","","","","","437.594","437.594","437.594","1079","1079","1079","","","","","",""
"396866","","","","","","","258.56573","258.56573","258.56573","1097","1097","1097","","","","","","","","","","","",""
"397116","","","","","","","","","","","","","","","","","","","291.8919","291.8919","291.8919","1091","1091","1091"
"397694","545.36743","545.36743","545.36743","1100","1100","1100","","","","","","","","","","","","","","","","","",""
"397847","","","","","","","","","","","","","-16.932907","-16.932907","-16.932907","1087","1087","1087","","","","","",""
"397867","","","","","","","277.16263","277.16263","277.16263","1105","1105","1105","","","","","","","","","","","",""
"398117","","","","","","","","","","","","","","","","","","","358.7156","358.7156","358.7156","1099","1099","1099"
"398525","-59.21579","-59.21579","-59.21579","1101","1101","1101","","","","","","","","","","","","","","","","","",""
"398848","","","","","","","","","","","","","394.8097","394.8097","394.8097","1088","1088","1088","","","","","",""
"398868","","","","","","","392.24805","392.24805","392.24805","1106","1106","1106","","","","","","","","","","","",""
"399118","","","","","","","","","","","","","","","","","","","423.96167","423.96167","423.96167","1100","1100","1100"
"399526","411.45038","411.45038","411.45038","1102","1102","1102","","","","","","","","","","","","","","","","","",""
"399849","","","","","","","","","","","","","495.81882","495.81882","495.81882","1089","1089","1089","","","","","",""
"399869","","","","","","","444.80286","444.80286","444.80286","1107","1107","1107","","","","","","","","","","","",""
"400119","","","","","","","","","","","","","","","","","","","247.36842","247.36842","247.36842","1101","1101","1101"
"400527","194.91525","194.91525","194.91525","1103","1103","1103","","","","","","","","","","","","","","","","","",""
"400850","","","","","","","","","","","","","417.7305","417.7305","417.7305","1090","1090","1090","","","","","",""
"400870","","","","","","","80.451126","80.451126","80.451126","1108","1108","1108","","","","","","","","","","","",""
"401120","","","","","","","","","","","","","","","","","","","751.145","751.145","751.145","1102","1102","1102"
"401528","561.35455","561.35455","561.35455","1111","1111","1111","","","","","","","","","","","","","","","","","",""
"401851","","","","","","","","","","","","","538.43646","538.43646","538.43646","1098","1098","1098","","","","","",""
"401871","","","","","","","443.33334","443.33334","443.33334","1116","1116","1116","","","","","","","","","","","",""
"402121","","","","","","","","","","","","","","","","","","","364.40677","364.40677","364.40677","1110","1110","1110"
"402529","38.408306","38.408306","38.408306","1112","1112","1112","","","","","","","","","","","","","","","","","",""
"402852","","","","","","","","","","","","","310.07193","310.07193","310.07193","1099","1099","1099","","","","","",""
"402872","","","","","","","858.6466","858.6466","858.6466","1117","1117","1117","","","","","","","","","","","",""
"402908","","","","","","","","","","","","","","","","","","","741.8187","741.8187","741.8187","1111","1111","1111"
"403530","182.94574","182.94574","182.94574","1113","1113","1113","","","","","","","","","","","","","","","","","",""
"403853","","","","","","","","","","","","","656.4576","656.4576","656.4576","1100","1100","1100","","","","","",""
"403873","","","","","","","548.2759","548.2759","548.2759","1118","1118","1118","","","","","","","","","","","",""
"403909","","","","","","","","","","","","","","","","","","","97.231834","97.231834","97.231834","1112","1112","1112"
"404531","258.42294","258.42294","258.42294","1114","1114","1114","","","","","","","","","","","","","","","","","",""
"404854","","","","","","","","","","","","","329.9363","329.9363","329.9363","1101","1101","1101","","","","","",""
"404874","","","","","","","378.41727","378.41727","378.41727","1119","1119","1119","","","","","","","","","","","",""
"404910","","","","","","","","","","","","","","","","","","","679.06976","679.06976","679.06976","1113","1113","1113"
"405532","482.70676","482.70676","482.70676","1122","1122","1122","","","","","","","","","","","","","","","","","",""
"405855","","","","","","","","","","","","","88.4058","88.4058","88.4058","1109","1109","1109","","","","","",""
"405875","","","","","","","876.1092","876.1092","876.1092","1127","1127","1127","","","","","","","","","","","",""
"405911","","","","","","","","","","","","","","","","","","","749.46234","749.46234","749.46234","1121","1121","1121"
"406533","53.333332","53.333332","53.333332","1123","1123","1123","","","","","","","","","","","","","","","","","",""
"406856","","","","","","","","","","","","","527.907","527.907","527.907","1110","1110","1110","","","","","",""
"406876","","","","","","","758.6957","758.6957","758.6957","1128","1128","1128","","","","","","","","","","","",""
"406912","","","","","","","","","","","","","","","","","","","426.3158","426.3158","426.3158","1122","1122","1122"
"407534","268.42105","268.42105","268.42105","1124","1124","1124","","","","","","","","","","","","","","","","","",""
"407857","","","","","","","","","","","","","247.26688","247.26688","247.26688","1111","1111","1111","","","","","",""
"407877","","","","","","","465.33334","465.33334","465.33334","1129","1129","1129","","","","","","","","","","","",""
"407913","","","","","","","","","","","","","","","","","","","260","260","260","1123","1123","1123"
"408535","37.931034","37.931034","37.931034","1125","1125","1125","","","","","","","","","","","","","","","","","",""
"408858","","","","","","","","","","","","","308.78378","308.78378","308.78378","1112","1112","1112","","","","","",""
"408878","","","","","","","658.9928","658.9928","658.9928","1130","1130","1130","","","","","","","","","","","",""
"408914","","","","","","","","","","","","","","","","","","","471.42856","471.42856","471.42856","1124","1124","1124"
"409536","166.18706","166.18706","166.18706","1126","1126","1126","","","","","","","","","","","","","","","","","",""
"409859","","","","","","","","","","","","","318.96024","318.96024","318.96024","1120","1120","1120","","","","","",""
"409879","","","","","","","714.433","714.433","714.433","1138","1138","1138","","","","","","","","","","","",""
"409915","","","","","","","","","","","","","","","","","","","803.4483","803.4483","803.4483","1132","1132","1132"
"410537","70.64846","70.64846","70.64846","1134","1134","1134","","","","","","","","","","","","","","","","","",""
"410805","14.704348","14.704348","14.704348","1135","1135","1135","","","","","","","","","","","","","","","","","",""
"410860","","","","","","","","","","","","","168.3706","168.3706","168.3706","1121","1121","1121","","","","","",""
"410880","","","","","","","268.42105","268.42105","268.42105","1139","1139","1139","","","","","","","","","","","",""
"410916","","","","","","","","","","","","","","","","","","","364.02878","364.02878","364.02878","1133","1133","1133"
"411806","76","76","76","1136","1136","1136","","","","","","","","","","","","","","","","","",""
"411861","","","","","","","","","","","","","465.78946","465.78946","465.78946","1122","1122","1122","","","","","",""
"411881","","","","","","","674.6479","674.6479","674.6479","1140","1140","1140","","","","","","","","","","","",""
"411917","","","","","","","","","","","","","","","","","","","527.9863","527.9863","527.9863","1134","1134","1134"
"412807","205.7554","205.7554","205.7554","1137","1137","1137","","","","","","","","","","","","","","","","","",""
"412862","","","","","","","","","","","","","552.67175","552.67175","552.67175","1123","1123","1123","","","","","",""
"412882","","","","","","","493.95972","493.95972","493.95972","1141","1141","1141","","","","","","","","","","","",""
"412918","","","","","","","","","","","","","","","","","","","787.68115","787.68115","787.68115","1135","1135","1135"
"413783","","","","","","","910","910","910","1149","1149","1149","","","","","","","","","","","",""
"413808","405.15463","405.15463","405.15463","1145","1145","1145","","","","","","","","","","","","","","","","","",""
"413863","","","","","","","","","","","","","344.0678","344.0678","344.0678","1131","1131","1131","","","","","",""
"413919","","","","","","","","","","","","","","","","","","","374.66666","374.66666","374.66666","1143","1143","1143"
"414784","","","","","","","448.63812","448.63812","448.63812","1150","1150","1150","","","","","","","","","","","",""
"414809","272.18045","272.18045","272.18045","1146","1146","1146","","","","","","","","","","","","","","","","","",""
"414864","","","","","","","","","","","","","330.27887","330.27887","330.27887","1132","1132","1132","","","","","",""
"414920","","","","","","","","","","","","","","","","","","","579.85614","579.85614","579.85614","1144","1144","1144"
"415785","","","","","","","536.71875","536.71875","536.71875","1151","1151","1151","","","","","","","","","","","",""
"415810","234.50705","234.50705","234.50705","1147","1147","1147","","","","","","","","","","","","","","","","","",""
"415865","","","","","","","","","","","","","405.1903","405.1903","405.1903","1133","1133","1133","","","","","",""
"415921","","","","","","","","","","","","","","","","","","","491.06528","491.06528","491.06528","1145","1145","1145"
"416786","","","","","","","617.8571","617.8571","617.8571","1152","1152","1152","","","","","","","","","","","",""
"416811","104.69798","104.69798","104.69798","1148","1148","1148","","","","","","","","","","","","","","","","","",""
"416866","","","","","","","","","","","","","155.81395","155.81395","155.81395","1134","1134","1134","","","","","",""
"416922","","","","","","","","","","","","","","","","","","","193.23308","193.23308","193.23308","1146","1146","1146"
"417787","","","","","","","405.74713","405.74713","405.74713","1153","1153","1153","","","","","","","","","","","",""
"417812","179.56989","179.56989","179.56989","1156","1156","1156","","","","","","","","","","","","","","","","","",""
"417867","","","","","","","","","","","","","498.5663","498.5663","498.5663","1142","1142","1142","","","","","",""
"417923","","","","","","","","","","","","","","","","","","","202.8169","202.8169","202.8169","1154","1154","1154"
"418788","","","","","","","758.6957","758.6957","758.6957","1161","1161","1161","","","","","","","","","","","",""
"418813","242.41245","242.41245","242.41245","1157","1157","1157","","","","","","","","","","","","","","","","","",""
"418868","","","","","","","","","","","","","520.3008","520.3008","520.3008","1143","1143","1143","","","","","",""
"418924","","","","","","","","","","","","","","","","","","","483.8926","483.8926","483.8926","1155","1155","1155"
"419789","","","","","","","718.5053","718.5053","718.5053","1162","1162","1162","","","","","","","","","","","",""
"419814","302.34375","302.34375","302.34375","1158","1158","1158","","","","","","","","","","","","","","","","","",""
"419869","","","","","","","","","","","","","566.6667","566.6667","566.6667","1144","1144","1144","","","","","",""
"419925","","","","","","","","","","","","","","","","","","","426.8817","426.8817","426.8817","1156","1156","1156"
"420790","","","","","","","385.14853","385.14853","385.14853","1163","1163","1163","","","","","","","","","","","",""
"420815","314.2857","314.2857","314.2857","1159","1159","1159","","","","","","","","","","","","","","","","","",""
"420870","","","","","","","","","","","","","433.8346","433.8346","433.8346","1145","1145","1145","","","","","",""
"420926","","","","","","","","","","","","","","","","","","","798.8327","798.8327","798.8327","1157","1157","1157"
"421791","","","","","","","548.6486","548.6486","548.6486","1164","1164","1164","","","","","","","","","","","",""
"421816","141.3793","141.3793","141.3793","1160","1160","1160","","","","","","","","","","","","","","","","","",""
"421871","","","","","","","","","","","","","144.82759","144.82759","144.82759","1146","1146","1146","","","","","",""
"421927","","","","","","","","","","","","","","","","","","","896.09375","896.09375","896.09375","1165","1165","1165"
"422580","229.5971","229.5971","229.5971","1168","1168","1168","","","","","","","","","","","","","","","","","",""
"422792","","","","","","","666.46704","666.46704","666.46704","1172","1172","1172","","","","","","","","","","","",""
"422872","","","","","","","","","","","","","389.20862","389.20862","389.20862","1154","1154","1154","","","","","",""
"422928","","","","","","","","","","","","","","","","","","","625","625","625","1166","1166","1166"
"423581","273.66547","273.66547","273.66547","1169","1169","1169","","","","","","","","","","","","","","","","","",""
"423793","","","","","","","886.2543","886.2543","886.2543","1173","1173","1173","","","","","","","","","","","",""
"423873","","","","","","","","","","","","","705.46075","705.46075","705.46075","1155","1155","1155","","","","","",""
"423929","","","","","","","","","","","","","","","","","","","493.86972","493.86972","493.86972","1167","1167","1167"
"424582","263.03632","263.03632","263.03632","1170","1170","1170","","","","","","","","","","","","","","","","","",""
"424794","","","","","","","418.98734","418.98734","418.98734","1174","1174","1174","","","","","","","","","","","",""
"424874","","","","","","","","","","","","","334.78262","334.78262","334.78262","1156","1156","1156","","","","","",""
"424930","","","","","","","","","","","","","","","","","","","497.82608","497.82608","497.82608","1168","1168","1168"
"425583","803.4749","803.4749","803.4749","1171","1171","1171","","","","","","","","","","","","","","","","","",""
"425795","","","","","","","549.8054","549.8054","549.8054","1175","1175","1175","","","","","","","","","","","",""
"425875","","","","","","","","","","","","","492","492","492","1157","1157","1157","","","","","",""
"425931","","","","","","","","","","","","","","","","","","","537.0107","537.0107","537.0107","1169","1169","1169"
"426584","286.22754","286.22754","286.22754","1179","1179","1179","","","","","","","","","","","","","","","","","",""
"426796","","","","","","","857.29535","857.29535","857.29535","1183","1183","1183","","","","","","","","","","","",""
"426876","","","","","","","","","","","","","641.0072","641.0072","641.0072","1165","1165","1165","","","","","",""
"426932","","","","","","","","","","","","","","","","","","","352.1452","352.1452","352.1452","1177","1177","1177"
"427585","357.04468","357.04468","357.04468","1180","1180","1180","","","","","","","","","","","","","","","","","",""
"427797","","","","","","","572.4739","572.4739","572.4739","1184","1184","1184","","","","","","","","","","","",""
"427877","","","","","","","","","","","","","446.39175","446.39175","446.39175","1166","1166","1166","","","","","",""
"427933","","","","","","","","","","","","","","","","","","","676.06177","676.06177","676.06177","1178","1178","1178"
"428586","251.26582","251.26582","251.26582","1181","1181","1181","","","","","","","","","","","","","","","","","",""
"428798","","","","","","","49.837135","49.837135","49.837135","1185","1185","1185","","","","","","","","","","","",""
"428878","","","","","","","","","","","","","110.52631","110.52631","110.52631","1167","1167","1167","","","","","",""
"428934","","","","","","","","","","","","","","","","","","","447.9042","447.9042","447.9042","1179","1179","1179"
"429587","296.88715","296.88715","296.88715","1182","1182","1182","","","","","","","","","","","","","","","","","",""
"429799","","","","","","","703.2258","703.2258","703.2258","1186","1186","1186","","","","","","","","","","","",""
"429879","","","","","","","","","","","","","354.22534","354.22534","354.22534","1168","1168","1168","","","","","",""
"429935","","","","","","","","","","","","","","","","","","","394.84537","394.84537","394.84537","1180","1180","1180"
"430588","170.46263","170.46263","170.46263","1190","1190","1190","","","","","","","","","","","","","","","","","",""
"430800","","","","","","","245.89041","245.89041","245.89041","1194","1194","1194","","","","","","","","","","","",""
"430880","","","","","","","","","","","","","212.08054","212.08054","212.08054","1176","1176","1176","","","","","",""
"430936","","","","","","","","","","","","","","","","","","","365.18988","365.18988","365.18988","1188","1188","1188"
"431589","258.885","258.885","258.885","1191","1191","1191","","","","","","","","","","","","","","","","","",""
"431801","","","","","","","196.99248","196.99248","196.99248","1195","1195","1195","","","","","","","","","","","",""
"431881","","","","","","","","","","","","","763.79926","763.79926","763.79926","1177","1177","1177","","","","","",""
"431937","","","","","","","","","","","","","","","","","","","522.5681","522.5681","522.5681","1189","1189","1189"
"432590","98.69707","98.69707","98.69707","1192","1192","1192","","","","","","","","","","","","","","","","","",""
"432802","","","","","","","398.3165","398.3165","398.3165","1196","1196","1196","","","","","","","","","","","",""
"432882","","","","","","","","","","","","","261.8677","261.8677","261.8677","1178","1178","1178","","","","","",""
"432938","","","","","","","","","","","","","","","","","","","533.45197","533.45197","533.45197","1190","1190","1190"
"433591","225.80646","225.80646","225.80646","1193","1193","1193","","","","","","","","","","","","","","","","","",""
"433803","","","","","","","428.61954","428.61954","428.61954","1197","1197","1197","","","","","","","","","","","",""
"433883","","","","","","","","","","","","","435.15625","435.15625","435.15625","1179","1179","1179","","","","","",""
"433939","","","","","","","","","","","","","","","","","","","454.00696","454.00696","454.00696","1191","1191","1191"
"434592","81.50685","81.50685","81.50685","1201","1201","1201","","","","","","","","","","","","","","","","","",""
"434804","","","","","","","87.89809","87.89809","87.89809","1205","1205","1205","","","","","","","","","","","",""
"434884","","","","","","","","","","","","","289.2857","289.2857","289.2857","1187","1187","1187","","","","","",""
"434940","","","","","","","","","","","","","","","","","","","502.60587","502.60587","502.60587","1199","1199","1199"
"435593","136.8421","136.8421","136.8421","1202","1202","1202","","","","","","","","","","","","","","","","","",""
"435805","","","","","","","476.80252","476.80252","476.80252","1206","1206","1206","","","","","","","","","","","",""
"435885","","","","","","","","","","","","","332.9502","332.9502","332.9502","1188","1188","1188","","","","","",""
"435941","","","","","","","","","","","","","","","","","","","493.5484","493.5484","493.5484","1200","1200","1200"
"436594","21.212122","21.212122","21.212122","1203","1203","1203","","","","","","","","","","","","","","","","","",""
"436806","","","","","","","387.6325","387.6325","387.6325","1207","1207","1207","","","","","","","","","","","",""
"436886","","","","","","","","","","","","","182.60869","182.60869","182.60869","1189","1189","1189","","","","","",""
"436942","","","","","","","","","","","","","","","","","","","393.1507","393.1507","393.1507","1201","1201","1201"
"437595","85.18519","85.18519","85.18519","1204","1204","1204","","","","","","","","","","","","","","","","","",""
"437807","","","","","","","764.6617","764.6617","764.6617","1208","1208","1208","","","","","","","","","","","",""
"437887","","","","","","","","","","","","","380.42703","380.42703","380.42703","1190","1190","1190","","","","","",""
"437943","","","","","","","","","","","","","","","","","","","381.203","381.203","381.203","1202","1202","1202"
"438596","151.59236","151.59236","151.59236","1212","1212","1212","","","","","","","","","","","","","","","","","",""
"438808","","","","","","","108.48057","108.48057","108.48057","1216","1216","1216","","","","","","","","","","","",""
"438888","","","","","","","","","","","","","243.23433","243.23433","243.23433","1198","1198","1198","","","","","",""
"438944","","","","","","","","","","","","","","","","","","","388.21548","388.21548","388.21548","1210","1210","1210"
"439597","12.852665","12.852665","12.852665","1213","1213","1213","","","","","","","","","","","","","","","","","",""
"439809","","","","","","","545.3901","545.3901","545.3901","1217","1217","1217","","","","","","","","","","","",""
"439889","","","","","","","","","","","","","490.73358","490.73358","490.73358","1199","1199","1199","","","","","",""
"439945","","","","","","","","","","","","","","","","","","","378.11447","378.11447","378.11447","1211","1211","1211"
"440598","104.947","104.947","104.947","1214","1214","1214","","","","","","","","","","","","","","","","","",""
"440810","","","","","","","653.9936","653.9936","653.9936","1218","1218","1218","","","","","","","","","","","",""
"440890","","","","","","","","","","","","","429.94012","429.94012","429.94012","1200","1200","1200","","","","","",""
"440946","","","","","","","","","","","","","","","","","","","361.78345","361.78345","361.78345","1212","1212","1212"
"441599","46.616543","46.616543","46.616543","1215","1215","1215","","","","","","","","","","","","","","","","","",""
"441811","","","","","","","800.76337","800.76337","800.76337","1219","1219","1219","","","","","","","","","","","",""
"441891","","","","","","","","","","","","","278.00687","278.00687","278.00687","1201","1201","1201","","","","","",""
"441947","","","","","","","","","","","","","","","","","","","442.31976","442.31976","442.31976","1213","1213","1213"
"442600","-64.664314","-64.664314","-64.664314","1223","1223","1223","","","","","","","","","","","","","","","","","",""
"442812","","","","","","","784.2444","784.2444","784.2444","1227","1227","1227","","","","","","","","","","","",""
"442892","","","","","","","","","","","","","327.21518","327.21518","327.21518","1209","1209","1209","","","","","",""
"442948","","","","","","","","","","","","","","","","","","","631.4488","631.4488","631.4488","1221","1221","1221"
"443601","56.02837","56.02837","56.02837","1224","1224","1224","","","","","","","","","","","","","","","","","",""
"443813","","","","","","","866.1654","866.1654","866.1654","1228","1228","1228","","","","","","","","","","","",""
"443893","","","","","","","","","","","","","685.9922","685.9922","685.9922","1210","1210","1210","","","","","",""
"443949","","","","","","","","","","","","","","","","","","","433.8346","433.8346","433.8346","1222","1222","1222"
"444602","206.70926","206.70926","206.70926","1225","1225","1225","","","","","","","","","","","","","","","","","",""
"444639","","","","","","","","","","","","","","","","","","","-6.2558303","-6.2558303","-6.2558303","1223","1223","1223"
"444814","","","","","","","829.57745","829.57745","829.57745","1229","1229","1229","","","","","","","","","","","",""
"444894","","","","","","","","","","","","","220.2847","220.2847","220.2847","1211","1211","1211","","","","","",""
"445603","159.54199","159.54199","159.54199","1226","1226","1226","","","","","","","","","","","","","","","","","",""
"445640","","","","","","","","","","","","","","","","","","","821.98584","821.98584","821.98584","1224","1224","1224"
"445815","","","","","","","139.34427","139.34427","139.34427","1230","1230","1230","","","","","","","","","","","",""
"445895","","","","","","","","","","","","","-9.407665","-9.407665","-9.407665","1212","1212","1212","","","","","",""
"446604","195.81993","195.81993","195.81993","1234","1234","1234","","","","","","","","","","","","","","","","","",""
"446641","","","","","","","","","","","","","","","","","","","797.76355","797.76355","797.76355","1232","1232","1232"
"446816","","","","","","","497.78598","497.78598","497.78598","1238","1238","1238","","","","","","","","","","","",""
"446896","","","","","","","","","","","","","264.82086","264.82086","264.82086","1220","1220","1220","","","","","",""
"447605","39.097744","39.097744","39.097744","1235","1235","1235","","","","","","","","","","","","","","","","","",""
"447642","","","","","","","","","","","","","","","","","","","858.01526","858.01526","858.01526","1233","1233","1233"
"447817","","","","","","","780.13696","780.13696","780.13696","1239","1239","1239","","","","","","","","","","","",""
"447897","","","","","","","","","","","","","222.58064","222.58064","222.58064","1221","1221","1221","","","","","",""
"448606","252.11267","252.11267","252.11267","1236","1236","1236","","","","","","","","","","","","","","","","","",""
"448643","","","","","","","","","","","","","","","","","","","462.70096","462.70096","462.70096","1234","1234","1234"
"448818","","","","","","","703.5714","703.5714","703.5714","1240","1240","1240","","","","","","","","","","","",""
"448898","","","","","","","","","","","","","269.863","269.863","269.863","1222","1222","1222","","","","","",""
"449607","83.60656","83.60656","83.60656","1237","1237","1237","","","","","","","","","","","","","","","","","",""
"449644","","","","","","","","","","","","","","","","","","","892.4812","892.4812","892.4812","1235","1235","1235"
"449819","","","","","","","241.24629","241.24629","241.24629","1241","1241","1241","","","","","","","","","","","",""
"449899","","","","","","","","","","","","","437.594","437.594","437.594","1223","1223","1223","","","","","",""
"450608","84.50185","84.50185","84.50185","1245","1245","1245","","","","","","","","","","","","","","","","","",""
"450645","","","","","","","","","","","","","","","","","","","438.7324","438.7324","438.7324","1243","1243","1243"
"450820","","","","","","","782.35297","782.35297","782.35297","1249","1249","1249","","","","","","","","","","","",""
"450900","","","","","","","","","","","","","91.91919","91.91919","91.91919","1231","1231","1231","","","","","",""
"451609","256.1644","256.1644","256.1644","1246","1246","1246","","","","","","","","","","","","","","","","","",""
"451646","","","","","","","","","","","","","","","","","","","454.09836","454.09836","454.09836","1244","1244","1244"
"451821","","","","","","","247.82608","247.82608","247.82608","1250","1250","1250","","","","","","","","","","","",""
"451901","","","","","","","","","","","","","81.818184","81.818184","81.818184","1232","1232","1232","","","","","",""
"452610","32.142857","32.142857","32.142857","1247","1247","1247","","","","","","","","","","","","","","","","","",""
"452647","","","","","","","","","","","","","","","","","","","350.1845","350.1845","350.1845","1245","1245","1245"
"452822","","","","","","","264.62094","264.62094","264.62094","1251","1251","1251","","","","","","","","","","","",""
"452902","","","","","","","","","","","","","501.91083","501.91083","501.91083","1233","1233","1233","","","","","",""
"453611","24.62908","24.62908","24.62908","1248","1248","1248","","","","","","","","","","","","","","","","","",""
"453648","","","","","","","","","","","","","","","","","","","889.726","889.726","889.726","1246","1246","1246"
"453823","","","","","","","271.13403","271.13403","271.13403","1252","1252","1252","","","","","","","","","","","",""
"453903","","","","","","","","","","","","","398.4326","398.4326","398.4326","1234","1234","1234","","","","","",""
"454612","194.11765","194.11765","194.11765","1249","1249","1249","","","","","","","","","","","","","","","","","",""
"454649","","","","","","","","","","","","","","","","","","","678.5714","678.5714","678.5714","1247","1247","1247"
"454824","","","","","","","441.66666","441.66666","441.66666","1260","1260","1260","","","","","","","","","","","",""
"454896","","","","","","","","","","","","","","","","","","","-2.838279","-2.838279","-2.838279","1255","1255","1255"
"454904","","","","","","","","","","","","","493.6396","493.6396","493.6396","1242","1242","1242","","","","","",""
"455613","26.811594","26.811594","26.811594","1257","1257","1257","","","","","","","","","","","","","","","","","",""
"455825","","","","","","","332.43243","332.43243","332.43243","1261","1261","1261","","","","","","","","","","","",""
"455897","","","","","","","","","","","","","","","","","","","694.1177","694.1177","694.1177","1256","1256","1256"
"455905","","","","","","","","","","","","","204.51128","204.51128","204.51128","1243","1243","1243","","","","","",""
"456614","102.16606","102.16606","102.16606","1258","1258","1258","","","","","","","","","","","","","","","","","",""
"456826","","","","","","","502.6936","502.6936","502.6936","1262","1262","1262","","","","","","","","","","","",""
"456898","","","","","","","","","","","","","","","","","","","410.86957","410.86957","410.86957","1257","1257","1257"
"456906","","","","","","","","","","","","","129.68198","129.68198","129.68198","1244","1244","1244","","","","","",""
"457615","202.4055","202.4055","202.4055","1259","1259","1259","","","","","","","","","","","","","","","","","",""
"457827","","","","","","","607.9365","607.9365","607.9365","1263","1263","1263","","","","","","","","","","","",""
"457899","","","","","","","","","","","","","","","","","","","401.80505","401.80505","401.80505","1258","1258","1258"
"457907","","","","","","","","","","","","","889.3617","889.3617","889.3617","1245","1245","1245","","","","","",""
"458616","-58.333332","-58.333332","-58.333332","1260","1260","1260","","","","","","","","","","","","","","","","","",""
"458828","","","","","","","416.5165","416.5165","416.5165","1271","1271","1271","","","","","","","","","","","",""
"458900","","","","","","","","","","","","","","","","","","","848.4536","848.4536","848.4536","1266","1266","1266"
"458908","","","","","","","","","","","","","305.7508","305.7508","305.7508","1253","1253","1253","","","","","",""
"459617","174.13127","174.13127","174.13127","1268","1268","1268","","","","","","","","","","","","","","","","","",""
"459829","","","","","","","384.5679","384.5679","384.5679","1272","1272","1272","","","","","","","","","","","",""
"459901","","","","","","","","","","","","","","","","","","","677.7778","677.7778","677.7778","1267","1267","1267"
"459909","","","","","","","","","","","","","728.24426","728.24426","728.24426","1254","1254","1254","","","","","",""
"460618","219.86533","219.86533","219.86533","1269","1269","1269","","","","","","","","","","","","","","","","","",""
"460830","","","","","","","187.92569","187.92569","187.92569","1273","1273","1273","","","","","","","","","","","",""
"460902","","","","","","","","","","","","","","","","","","","540.92664","540.92664","540.92664","1268","1268","1268"
"460910","","","","","","","","","","","","","404.82315","404.82315","404.82315","1255","1255","1255","","","","","",""
"461619","195.2381","195.2381","195.2381","1270","1270","1270","","","","","","","","","","","","","","","","","",""
"461831","","","","","","","689.27203","689.27203","689.27203","1274","1274","1274","","","","","","","","","","","",""
"461903","","","","","","","","","","","","","","","","","","","482.49158","482.49158","482.49158","1269","1269","1269"
"461911","","","","","","","","","","","","","851.1278","851.1278","851.1278","1256","1256","1256","","","","","",""
"462620","269.36935","269.36935","269.36935","1271","1271","1271","","","","","","","","","","","","","","","","","",""
"462832","","","","","","","316.94916","316.94916","316.94916","1275","1275","1275","","","","","","","","","","","",""
"462904","","","","","","","","","","","","","","","","","","","436.50793","436.50793","436.50793","1277","1277","1277"
"462912","","","","","","","","","","","","","202.8169","202.8169","202.8169","1264","1264","1264","","","","","",""
"463621","125.30864","125.30864","125.30864","1279","1279","1279","","","","","","","","","","","","","","","","","",""
"463833","","","","","","","394.58484","394.58484","394.58484","1283","1283","1283","","","","","","","","","","","",""
"463905","","","","","","","","","","","","","","","","","","","563.66364","563.66364","563.66364","1278","1278","1278"
"463913","","","","","","","","","","","","","244.2623","244.2623","244.2623","1265","1265","1265","","","","","",""
"464622","30.03096","30.03096","30.03096","1280","1280","1280","","","","","","","","","","","","","","","","","",""
"464834","","","","","","","532.1429","532.1429","532.1429","1284","1284","1284","","","","","","","","","","","",""
"464906","","","","","","","","","","","","","","","","","","","612.96295","612.96295","612.96295","1279","1279","1279"
"464914","","","","","","","","","","","","","257.9336","257.9336","257.9336","1266","1266","1266","","","","","",""
"465623","57.088123","57.088123","57.088123","1281","1281","1281","","","","","","","","","","","","","","","","","",""
"465835","","","","","","","320.339","320.339","320.339","1285","1285","1285","","","","","","","","","","","",""
"465907","","","","","","","","","","","","","","","","","","","265.32507","265.32507","265.32507","1280","1280","1280"
"465915","","","","","","","","","","","","","194.52055","194.52055","194.52055","1267","1267","1267","","","","","",""
"466624","49.152542","49.152542","49.152542","1282","1282","1282","","","","","","","","","","","","","","","","","",""
"466836","","","","","","","411.02942","411.02942","411.02942","1286","1286","1286","","","","","","","","","","","",""
"466908","","","","","","","","","","","","","","","","","","","685.4406","685.4406","685.4406","1281","1281","1281"
"466916","","","","","","","","","","","","","328.57144","328.57144","328.57144","1268","1268","1268","","","","","",""
"467625","105.77618","105.77618","105.77618","1290","1290","1290","","","","","","","","","","","","","","","","","",""
"467837","","","","","","","466.9014","466.9014","466.9014","1294","1294","1294","","","","","","","","","","","",""
"467909","","","","","","","","","","","","","","","","","","","625.4237","625.4237","625.4237","1289","1289","1289"
"467917","","","","","","","","","","","","","167.06232","167.06232","167.06232","1276","1276","1276","","","","","",""
"468626","292.85715","292.85715","292.85715","1291","1291","1291","","","","","","","","","","","","","","","","","",""
"468838","","","","","","","603.07166","603.07166","603.07166","1295","1295","1295","","","","","","","","","","","",""
"468910","","","","","","","","","","","","","","","","","","","741.1552","741.1552","741.1552","1290","1290","1290"
"468918","","","","","","","","","","","","","135.29411","135.29411","135.29411","1277","1277","1277","","","","","",""
"469627","164.40678","164.40678","164.40678","1292","1292","1292","","","","","","","","","","","","","","","","","",""
"469839","","","","","","","352.20587","352.20587","352.20587","1296","1296","1296","","","","","","","","","","","",""
"469911","","","","","","","","","","","","","","","","","","","571.4286","571.4286","571.4286","1291","1291","1291"
"469919","","","","","","","","","","","","","233.33333","233.33333","233.33333","1278","1278","1278","","","","","",""
"470628","150","150","150","1293","1293","1293","","","","","","","","","","","","","","","","","",""
"470840","","","","","","","682.0069","682.0069","682.0069","1297","1297","1297","","","","","","","","","","","",""
"470912","","","","","","","","","","","","","","","","","","","849.1525","849.1525","849.1525","1292","1292","1292"
"470920","","","","","","","","","","","","","676.1733","676.1733","676.1733","1279","1279","1279","","","","","",""
"471629","23.239437","23.239437","23.239437","1301","1301","1301","","","","","","","","","","","","","","","","","",""
"471841","","","","","","","325.6757","325.6757","325.6757","1305","1305","1305","","","","","","","","","","","",""
"471913","","","","","","","","","","","","","","","","","","","521.32355","521.32355","521.32355","1300","1300","1300"
"471921","","","","","","","","","","","","","686.9416","686.9416","686.9416","1287","1287","1287","","","","","",""
"472630","12.627986","12.627986","12.627986","1302","1302","1302","","","","","","","","","","","","","","","","","",""
"472842","","","","","","","418.2927","418.2927","418.2927","1306","1306","1306","","","","","","","","","","","",""
"472914","","","","","","","","","","","","","","","","","","","385.9155","385.9155","385.9155","1301","1301","1301"
"472922","","","","","","","","","","","","","111.80556","111.80556","111.80556","1288","1288","1288","","","","","",""
"473631","47.058823","47.058823","47.058823","1303","1303","1303","","","","","","","","","","","","","","","","","",""
"473843","","","","","","","577.4194","577.4194","577.4194","1307","1307","1307","","","","","","","","","","","",""
"473915","","","","","","","","","","","","","","","","","","","415.35837","415.35837","415.35837","1302","1302","1302"
"473923","","","","","","","","","","","","","815.0579","815.0579","815.0579","1289","1289","1289","","","","","",""
"474632","121.453285","121.453285","121.453285","1304","1304","1304","","","","","","","","","","","","","","","","","",""
"474844","","","","","","","244.08603","244.08603","244.08603","1308","1308","1308","","","","","","","","","","","",""
"474916","","","","","","","","","","","","","","","","","","","620.58826","620.58826","620.58826","1303","1303","1303"
"474924","","","","","","","","","","","","","263.63635","263.63635","263.63635","1290","1290","1290","","","","","",""
"475633","18.243244","18.243244","18.243244","1312","1312","1312","","","","","","","","","","","","","","","","","",""
"475774","","","","","","","229.8415","229.8415","229.8415","1316","1316","1316","","","","","","","","","","","",""
"475917","","","","","","","","","","","","","","","","","","","882.699","882.699","882.699","1311","1311","1311"
"475925","","","","","","","","","","","","","163.49207","163.49207","163.49207","1298","1298","1298","","","","","",""
"476634","-20.731707","-20.731707","-20.731707","1313","1313","1313","","","","","","","","","","","","","","","","","",""
"476775","","","","","","","738.3459","738.3459","738.3459","1317","1317","1317","","","","","","","","","","","",""
"476918","","","","","","","","","","","","","","","","","","","886.4865","886.4865","886.4865","1312","1312","1312"
"476926","","","","","","","","","","","","","398.4985","398.4985","398.4985","1299","1299","1299","","","","","",""
"477635","67.741936","67.741936","67.741936","1314","1314","1314","","","","","","","","","","","","","","","","","",""
"477776","","","","","","","432.42322","432.42322","432.42322","1318","1318","1318","","","","","","","","","","","",""
"477919","","","","","","","","","","","","","","","","","","","241.46341","241.46341","241.46341","1313","1313","1313"
"477927","","","","","","","","","","","","","208.64197","208.64197","208.64197","1300","1300","1300","","","","","",""
"478636","208.24373","208.24373","208.24373","1315","1315","1315","","","","","","","","","","","","","","","","","",""
"478777","","","","","","","469.44446","469.44446","469.44446","1319","1319","1319","","","","","","","","","","","",""
"478920","","","","","","","","","","","","","","","","","","","174.19354","174.19354","174.19354","1314","1314","1314"
"478928","","","","","","","","","","","","","178.63777","178.63777","178.63777","1301","1301","1301","","","","","",""
"479637","-24.528301","-24.528301","-24.528301","1323","1323","1323","","","","","","","","","","","","","","","","","",""
"479778","","","","","","","525.418","525.418","525.418","1327","1327","1327","","","","","","","","","","","",""
"479921","","","","","","","","","","","","","","","","","","","462.72403","462.72403","462.72403","1322","1322","1322"
"479929","","","","","","","","","","","","","367.43295","367.43295","367.43295","1309","1309","1309","","","","","",""
"480638","5.263158","5.263158","5.263158","1324","1324","1324","","","","","","","","","","","","","","","","","",""
"480779","","","","","","","477.31958","477.31958","477.31958","1328","1328","1328","","","","","","","","","","","",""
"480922","","","","","","","","","","","","","","","","","","","700","700","700","1323","1323","1323"
"480930","","","","","","","","","","","","","198.30508","198.30508","198.30508","1310","1310","1310","","","","","",""
"481639","77.4744","77.4744","77.4744","1325","1325","1325","","","","","","","","","","","","","","","","","",""
"481780","","","","","","","357.21924","357.21924","357.21924","1329","1329","1329","","","","","","","","","","","",""
"481923","","","","","","","","","","","","","","","","","","","745.8647","745.8647","745.8647","1324","1324","1324"
"481931","","","","","","","","","","","","","315.16245","315.16245","315.16245","1311","1311","1311","","","","","",""
"482640","7.638889","7.638889","7.638889","1326","1326","1326","","","","","","","","","","","","","","","","","",""
"482781","","","","","","","505.07245","505.07245","505.07245","1330","1330","1330","","","","","","","","","","","",""
"482924","","","","","","","","","","","","","","","","","","","377.8157","377.8157","377.8157","1325","1325","1325"
"482932","","","","","","","","","","","","","271.42856","271.42856","271.42856","1312","1312","1312","","","","","",""
"483641","-26.421404","-26.421404","-26.421404","1334","1334","1334","","","","","","","","","","","","","","","","","",""
"483782","","","","","","","384.84848","384.84848","384.84848","1338","1338","1338","","","","","","","","","","","",""
"483925","","","","","","","","","","","","","","","","","","","500.69446","500.69446","500.69446","1333","1333","1333"
"483933","","","","","","","","","","","","","300","300","300","1320","1320","1320","","","","","",""
"484642","226.46048","226.46048","226.46048","1335","1335","1335","","","","","","","","","","","","","","","","","",""
"484783","","","","","","","309.5238","309.5238","309.5238","1339","1339","1339","","","","","","","","","","","",""
"484926","","","","","","","","","","","","","","","","","","","502.00668","502.00668","502.00668","1334","1334","1334"
"484934","","","","","","","","","","","","","293.38235","293.38235","293.38235","1321","1321","1321","","","","","",""
"485643","-3.7433155","-3.7433155","-3.7433155","1336","1336","1336","","","","","","","","","","","","","","","","","",""
"485784","","","","","","","313.66907","313.66907","313.66907","1340","1340","1340","","","","","","","","","","","",""
"485927","","","","","","","","","","","","","","","","","","","573.5395","573.5395","573.5395","1335","1335","1335"
"485935","","","","","","","","","","","","","435.21127","435.21127","435.21127","1322","1322","1322","","","","","",""
"486644","102.89855","102.89855","102.89855","1337","1337","1337","","","","","","","","","","","","","","","","","",""
"486785","","","","","","","802.2556","802.2556","802.2556","1341","1341","1341","","","","","","","","","","","",""
"486928","","","","","","","","","","","","","","","","","","","349.19788","349.19788","349.19788","1336","1336","1336"
"486936","","","","","","","","","","","","","309.5563","309.5563","309.5563","1323","1323","1323","","","","","",""
"487645","32.575756","32.575756","32.575756","1345","1345","1345","","","","","","","","","","","","","","","","","",""
"487786","","","","","","","348.97958","348.97958","348.97958","1349","1349","1349","","","","","","","","","","","",""
"487793","","","","","","","","","","","","","","","","","","","913.6","913.6","913.6","1344","1344","1344"
"487937","","","","","","","","","","","","","260.29413","260.29413","260.29413","1331","1331","1331","","","","","",""
"488646","42.857143","42.857143","42.857143","1346","1346","1346","","","","","","","","","","","","","","","","","",""
"488741","","","","","","","","","","","","","","","","","","","-58.236362","-58.236362","-58.236362","1345","1345","1345"
"488787","","","","","","","323.7805","323.7805","323.7805","1350","1350","1350","","","","","","","","","","","",""
"488938","","","","","","","","","","","","","778.89276","778.89276","778.89276","1332","1332","1332","","","","","",""
"489647","11.510792","11.510792","11.510792","1347","1347","1347","","","","","","","","","","","","","","","","","",""
"489742","","","","","","","","","","","","","","","","","","","547.619","547.619","547.619","1346","1346","1346"
"489788","","","","","","","305.3156","305.3156","305.3156","1351","1351","1351","","","","","","","","","","","",""
"489939","","","","","","","","","","","","","477.7027","477.7027","477.7027","1333","1333","1333","","","","","",""
"490648","84.210526","84.210526","84.210526","1348","1348","1348","","","","","","","","","","","","","","","","","",""
"490743","","","","","","","","","","","","","","","","","","","382.01437","382.01437","382.01437","1347","1347","1347"
"490789","","","","","","","585.1211","585.1211","585.1211","1352","1352","1352","","","","","","","","","","","",""
"490940","","","","","","","","","","","","","290.2439","290.2439","290.2439","1334","1334","1334","","","","","",""
"491649","26.530613","26.530613","26.530613","1356","1356","1356","","","","","","","","","","","","","","","","","",""
"491744","","","","","","","","","","","","","","","","","","","858.6466","858.6466","858.6466","1355","1355","1355"
"491790","","","","","","","170.75812","170.75812","170.75812","1360","1360","1360","","","","","","","","","","","",""
"491941","","","","","","","","","","","","","335.48386","335.48386","335.48386","1342","1342","1342","","","","","",""
"492650","-8.536586","-8.536586","-8.536586","1357","1357","1357","","","","","","","","","","","","","","","","","",""
"492745","","","","","","","","","","","","","","","","","","","679.59186","679.59186","679.59186","1356","1356","1356"
"492791","","","","","","","551.07916","551.07916","551.07916","1361","1361","1361","","","","","","","","","","","",""
"492942","","","","","","","","","","","","","821.147","821.147","821.147","1343","1343","1343","","","","","",""
"493651","86.04651","86.04651","86.04651","1358","1358","1358","","","","","","","","","","","","","","","","","",""
"493746","","","","","","","","","","","","","","","","","","","674.39026","674.39026","674.39026","1357","1357","1357"
"493792","","","","","","","429.85074","429.85074","429.85074","1362","1362","1362","","","","","","","","","","","",""
"493943","","","","","","","","","","","","","775.4717","775.4717","775.4717","1344","1344","1344","","","","","",""
"494652","-6.574394","-6.574394","-6.574394","1359","1359","1359","","","","","","","","","","","","","","","","","",""
"494747","","","","","","","","","","","","","","","","","","","238.87044","238.87044","238.87044","1358","1358","1358"
"494793","","","","","","","398.4227","398.4227","398.4227","1363","1363","1363","","","","","","","","","","","",""
"494944","","","","","","","","","","","","","693.2331","693.2331","693.2331","1345","1345","1345","","","","","",""
"495653","26.35379","26.35379","26.35379","1367","1367","1367","","","","","","","","","","","","","","","","","",""
"495748","","","","","","","","","","","","","","","","","","","436.33218","436.33218","436.33218","1366","1366","1366"
"495794","","","","","","","184.31372","184.31372","184.31372","1371","1371","1371","","","","","","","","","","","",""
"495945","","","","","","","","","","","","","128.66895","128.66895","128.66895","1353","1353","1353","","","","","",""
"496654","187.76979","187.76979","187.76979","1368","1368","1368","","","","","","","","","","","","","","","","","",""
"496749","","","","","","","","","","","","","","","","","","","37.184116","37.184116","37.184116","1367","1367","1367"
"496795","","","","","","","427.88104","427.88104","427.88104","1372","1372","1372","","","","","","","","","","","",""
"496946","","","","","","","","","","","","","445.1389","445.1389","445.1389","1354","1354","1354","","","","","",""
"497655","15.671641","15.671641","15.671641","1369","1369","1369","","","","","","","","","","","","","","","","","",""
"497750","","","","","","","","","","","","","","","","","","","842.44604","842.44604","842.44604","1368","1368","1368"
"497796","","","","","","","575.27673","575.27673","575.27673","1373","1373","1373","","","","","","","","","","","",""
"497947","","","","","","","","","","","","","588.9632","588.9632","588.9632","1355","1355","1355","","","","","",""
"498656","196.52997","196.52997","196.52997","1370","1370","1370","","","","","","","","","","","","","","","","","",""
"498751","","","","","","","","","","","","","","","","","","","489.55225","489.55225","489.55225","1369","1369","1369"
"498797","","","","","","","324.13794","324.13794","324.13794","1374","1374","1374","","","","","","","","","","","",""
"498948","","","","","","","","","","","","","408.59106","408.59106","408.59106","1356","1356","1356","","","","","",""
"499657","24.183006","24.183006","24.183006","1371","1371","1371","","","","","","","","","","","","","","","","","",""
"499752","","","","","","","","","","","","","","","","","","","370.03156","370.03156","370.03156","1377","1377","1377"
"499798","","","","","","","599.64667","599.64667","599.64667","1382","1382","1382","","","","","","","","","","","",""
"499949","","","","","","","","","","","","","389.3048","389.3048","389.3048","1364","1364","1364","","","","","",""
"500658","52.416355","52.416355","52.416355","1379","1379","1379","","","","","","","","","","","","","","","","","",""
"500753","","","","","","","","","","","","","","","","","","","792.15686","792.15686","792.15686","1378","1378","1378"
"500799","","","","","","","503.57144","503.57144","503.57144","1383","1383","1383","","","","","","","","","","","",""
"500950","","","","","","","","","","","","","802.1739","802.1739","802.1739","1365","1365","1365","","","","","",""
"501659","54.98155","54.98155","54.98155","1380","1380","1380","","","","","","","","","","","","","","","","","",""
"501754","","","","","","","","","","","","","","","","","","","844.2379","844.2379","844.2379","1379","1379","1379"
"501800","","","","","","","324.35425","324.35425","324.35425","1384","1384","1384","","","","","","","","","","","",""
"501951","","","","","","","","","","","","","513.63635","513.63635","513.63635","1366","1366","1366","","","","","",""
"502660","13.793103","13.793103","13.793103","1381","1381","1381","","","","","","","","","","","","","","","","","",""
"502755","","","","","","","","","","","","","","","","","","","486.71588","486.71588","486.71588","1380","1380","1380"
"502801","","","","","","","300.65146","300.65146","300.65146","1385","1385","1385","","","","","","","","","","","",""
"502952","","","","","","","","","","","","","122.22222","122.22222","122.22222","1367","1367","1367","","","","","",""
"503661","48.409893","48.409893","48.409893","1382","1382","1382","","","","","","","","","","","","","","","","","",""
"503756","","","","","","","","","","","","","","","","","","","858.62067","858.62067","858.62067","1381","1381","1381"
"503802","","","","","","","341.26984","341.26984","341.26984","1386","1386","1386","","","","","","","","","","","",""
"503953","","","","","","","","","","","","","486.33093","486.33093","486.33093","1375","1375","1375","","","","","",""
"504662","146.42857","146.42857","146.42857","1390","1390","1390","","","","","","","","","","","","","","","","","",""
"504757","","","","","","","","","","","","","","","","","","","451.23676","451.23676","451.23676","1389","1389","1389"
"504803","","","","","","","605.0847","605.0847","605.0847","1394","1394","1394","","","","","","","","","","","",""
"504954","","","","","","","","","","","","","336.09024","336.09024","336.09024","1376","1376","1376","","","","","",""
"505655","","","","","","","","","","","","","","","","","","","710.4","710.4","710.4","1390","1390","1390"
"505663","21.771217","21.771217","21.771217","1391","1391","1391","","","","","","","","","","","","","","","","","",""
"505804","","","","","","","336.42612","336.42612","336.42612","1395","1395","1395","","","","","","","","","","","",""
"505955","","","","","","","","","","","","","663.2653","663.2653","663.2653","1377","1377","1377","","","","","",""
"506656","","","","","","","","","","","","","","","","","","","597.417","597.417","597.417","1391","1391","1391"
"506664","101.9544","101.9544","101.9544","1392","1392","1392","","","","","","","","","","","","","","","","","",""
"506805","","","","","","","268.8213","268.8213","268.8213","1396","1396","1396","","","","","","","","","","","",""
"506956","","","","","","","","","","","","","241.46341","241.46341","241.46341","1378","1378","1378","","","","","",""
"507657","","","","","","","","","","","","","","","","","","","590.5538","590.5538","590.5538","1392","1392","1392"
"507665","242.85715","242.85715","242.85715","1393","1393","1393","","","","","","","","","","","","","","","","","",""
"507806","","","","","","","696.61017","696.61017","696.61017","1397","1397","1397","","","","","","","","","","","",""
"507957","","","","","","","","","","","","","597.67444","597.67444","597.67444","1386","1386","1386","","","","","",""
"508658","","","","","","","","","","","","","","","","","","","626.98413","626.98413","626.98413","1400","1400","1400"
"508666","5.084746","5.084746","5.084746","1401","1401","1401","","","","","","","","","","","","","","","","","",""
"508807","","","","","","","190.8012","190.8012","190.8012","1405","1405","1405","","","","","","","","","","","",""
"508958","","","","","","","","","","","","","650.86505","650.86505","650.86505","1387","1387","1387","","","","","",""
"509659","","","","","","","","","","","","","","","","","","","408.47458","408.47458","408.47458","1401","1401","1401"
"509667","64.948456","64.948456","64.948456","1402","1402","1402","","","","","","","","","","","","","","","","","",""
"509808","","","","","","","142.81151","142.81151","142.81151","1406","1406","1406","","","","","","","","","","","",""
"509959","","","","","","","","","","","","","380.1444","380.1444","380.1444","1388","1388","1388","","","","","",""
"510660","","","","","","","","","","","","","","","","","","","896.5636","896.5636","896.5636","1402","1402","1402"
"510668","131.93916","131.93916","131.93916","1403","1403","1403","","","","","","","","","","","","","","","","","",""
"510809","","","","","","","462.70096","462.70096","462.70096","1407","1407","1407","","","","","","","","","","","",""
"510960","","","","","","","","","","","","","256.1151","256.1151","256.1151","1389","1389","1389","","","","","",""
"511661","","","","","","","","","","","","","","","","","","","652.8517","652.8517","652.8517","1403","1403","1403"
"511669","62.711864","62.711864","62.711864","1404","1404","1404","","","","","","","","","","","","","","","","","",""
"511810","","","","","","","626.6667","626.6667","626.6667","1408","1408","1408","","","","","","","","","","","",""
"511961","","","","","","","","","","","","","336.56717","336.56717","336.56717","1390","1390","1390","","","","","",""
"512662","","","","","","","","","","","","","","","","","","","377.9661","377.9661","377.9661","1411","1411","1411"
"512670","54.30267","54.30267","54.30267","1412","1412","1412","","","","","","","","","","","","","","","","","",""
"512811","","","","","","","7.638889","7.638889","7.638889","1416","1416","1416","","","","","","","","","","","",""
"512962","","","","","","","","","","","","","417.35016","417.35016","417.35016","1398","1398","1398","","","","","",""
"513663","","","","","","","","","","","","","","","","","","","419.28784","419.28784","419.28784","1412","1412","1412"
"513671","225.8786","225.8786","225.8786","1413","1413","1413","","","","","","","","","","","","","","","","","",""
"513812","","","","","","","529.89325","529.89325","529.89325","1417","1417","1417","","","","","","","","","","","",""
"513963","","","","","","","","","","","","","553.5948","553.5948","553.5948","1399","1399","1399","","","","","",""
"514664","","","","","","","","","","","","","","","","","","","561.34186","561.34186","561.34186","1413","1413","1413"
"514672","137.94212","137.94212","137.94212","1414","1414","1414","","","","","","","","","","","","","","","","","",""
"514813","","","","","","","134.87544","134.87544","134.87544","1418","1418","1418","","","","","","","","","","","",""
"514964","","","","","","","","","","","","","859.1078","859.1078","859.1078","1400","1400","1400","","","","","",""
"515665","","","","","","","","","","","","","","","","","","","607.3955","607.3955","607.3955","1414","1414","1414"
"515673","343.33334","343.33334","343.33334","1415","1415","1415","","","","","","","","","","","","","","","","","",""
"515814","","","","","","","313.19446","313.19446","313.19446","1419","1419","1419","","","","","","","","","","","",""
"515965","","","","","","","","","","","","","549.4465","549.4465","549.4465","1401","1401","1401","","","","","",""
"516666","","","","","","","","","","","","","","","","","","","810","810","810","1422","1422","1422"
"516674","-2.7777777","-2.7777777","-2.7777777","1423","1423","1423","","","","","","","","","","","","","","","","","",""
"516815","","","","","","","396.59863","396.59863","396.59863","1427","1427","1427","","","","","","","","","","","",""
"516966","","","","","","","","","","","","","500","500","500","1409","1409","1409","","","","","",""
"517667","","","","","","","","","","","","","","","","","","","379.16666","379.16666","379.16666","1423","1423","1423"
"517675","60.14235","60.14235","60.14235","1424","1424","1424","","","","","","","","","","","","","","","","","",""
"517816","","","","","","","569.1177","569.1177","569.1177","1428","1428","1428","","","","","","","","","","","",""
"517967","","","","","","","","","","","","","90.81272","90.81272","90.81272","1410","1410","1410","","","","","",""
"518668","","","","","","","","","","","","","","","","","","","825.2669","825.2669","825.2669","1424","1424","1424"
"518676","81.49466","81.49466","81.49466","1425","1425","1425","","","","","","","","","","","","","","","","","",""
"518817","","","","","","","625.5639","625.5639","625.5639","1429","1429","1429","","","","","","","","","","","",""
"518968","","","","","","","","","","","","","178.57143","178.57143","178.57143","1411","1411","1411","","","","","",""
"519669","","","","","","","","","","","","","","","","","","","828.8256","828.8256","828.8256","1425","1425","1425"
"519677","198.61111","198.61111","198.61111","1426","1426","1426","","","","","","","","","","","","","","","","","",""
"519818","","","","","","","536.65594","536.65594","536.65594","1430","1430","1430","","","","","","","","","","","",""
"519969","","","","","","","","","","","","","457.1956","457.1956","457.1956","1412","1412","1412","","","","","",""
"520670","","","","","","","","","","","","","","","","","","","872.2222","872.2222","872.2222","1433","1433","1433"
"520678","-21.768707","-21.768707","-21.768707","1434","1434","1434","","","","","","","","","","","","","","","","","",""
"520819","","","","","","","401.90115","401.90115","401.90115","1438","1438","1438","","","","","","","","","","","",""
"520970","","","","","","","","","","","","","235.50488","235.50488","235.50488","1420","1420","1420","","","","","",""
"521671","","","","","","","","","","","","","","","","","","","246.93878","246.93878","246.93878","1434","1434","1434"
"521679","72.79412","72.79412","72.79412","1435","1435","1435","","","","","","","","","","","","","","","","","",""
"521820","","","","","","","453.84616","453.84616","453.84616","1439","1439","1439","","","","","","","","","","","",""
"521971","","","","","","","","","","","","","604.7619","604.7619","604.7619","1421","1421","1421","","","","","",""
"522672","","","","","","","","","","","","","","","","","","","569.1177","569.1177","569.1177","1435","1435","1435"
"522680","-9.774436","-9.774436","-9.774436","1436","1436","1436","","","","","","","","","","","","","","","","","",""
"522821","","","","","","","564.55695","564.55695","564.55695","1440","1440","1440","","","","","","","","","","","",""
"522972","","","","","","","","","","","","","225.42372","225.42372","225.42372","1422","1422","1422","","","","","",""
"523673","","","","","","","","","","","","","","","","","","","539.0977","539.0977","539.0977","1436","1436","1436"
"523681","22.186495","22.186495","22.186495","1437","1437","1437","","","","","","","","","","","","","","","","","",""
"523822","","","","","","","206.81818","206.81818","206.81818","1441","1441","1441","","","","","","","","","","","",""
"523973","","","","","","","","","","","","","642.26807","642.26807","642.26807","1423","1423","1423","","","","","",""
"524674","","","","","","","","","","","","","","","","","","","813.1833","813.1833","813.1833","1444","1444","1444"
"524682","17.870722","17.870722","17.870722","1445","1445","1445","","","","","","","","","","","","","","","","","",""
"524823","","","","","","","142.42424","142.42424","142.42424","1449","1449","1449","","","","","","","","","","","",""
"524974","","","","","","","","","","","","","823.95435","823.95435","823.95435","1431","1431","1431","","","","","",""
"525675","","","","","","","","","","","","","","","","","","","728.89734","728.89734","728.89734","1445","1445","1445"
"525683","211.53847","211.53847","211.53847","1446","1446","1446","","","","","","","","","","","","","","","","","",""
"525824","","","","","","","303.63635","303.63635","303.63635","1450","1450","1450","","","","","","","","","","","",""
"525975","","","","","","","","","","","","","591.52545","591.52545","591.52545","1432","1432","1432","","","","","",""
"526676","","","","","","","","","","","","","","","","","","","823.0769","823.0769","823.0769","1446","1446","1446"
"526684","172.1519","172.1519","172.1519","1447","1447","1447","","","","","","","","","","","","","","","","","",""
"526825","","","","","","","298.524","298.524","298.524","1451","1451","1451","","","","","","","","","","","",""
"526976","","","","","","","","","","","","","282.7893","282.7893","282.7893","1433","1433","1433","","","","","",""
"527677","","","","","","","","","","","","","","","","","","","491.77216","491.77216","491.77216","1447","1447","1447"
"527685","150","150","150","1448","1448","1448","","","","","","","","","","","","","","","","","",""
"527826","","","","","","","479.71014","479.71014","479.71014","1452","1452","1452","","","","","","","","","","","",""
"527977","","","","","","","","","","","","","312.14056","312.14056","312.14056","1434","1434","1434","","","","","",""
"528678","","","","","","","","","","","","","","","","","","","873.48486","873.48486","873.48486","1455","1455","1455"
"528686","68.35017","68.35017","68.35017","1456","1456","1456","","","","","","","","","","","","","","","","","",""
"528827","","","","","","","365.75342","365.75342","365.75342","1460","1460","1460","","","","","","","","","","","",""
"528978","","","","","","","","","","","","","613.82635","613.82635","613.82635","1442","1442","1442","","","","","",""
"529679","","","","","","","","","","","","","","","","","","","529.62964","529.62964","529.62964","1456","1456","1456"
"529687","41.81818","41.81818","41.81818","1457","1457","1457","","","","","","","","","","","","","","","","","",""
"529828","","","","","","","590.4762","590.4762","590.4762","1461","1461","1461","","","","","","","","","","","",""
"529979","","","","","","","","","","","","","423.33334","423.33334","423.33334","1443","1443","1443","","","","","",""
"530680","","","","","","","","","","","","","","","","","","","870.9091","870.9091","870.9091","1457","1457","1457"
"530688","21.771217","21.771217","21.771217","1458","1458","1458","","","","","","","","","","","","","","","","","",""
"530829","","","","","","","223.33333","223.33333","223.33333","1462","1462","1462","","","","","","","","","","","",""
"530980","","","","","","","","","","","","","285.41666","285.41666","285.41666","1444","1444","1444","","","","","",""
"531681","","","","","","","","","","","","","","","","","","","453.50552","453.50552","453.50552","1458","1458","1458"
"531689","178.9855","178.9855","178.9855","1459","1459","1459","","","","","","","","","","","","","","","","","",""
"531830","","","","","","","471.86545","471.86545","471.86545","1463","1463","1463","","","","","","","","","","","",""
"531981","","","","","","","","","","","","","355.51602","355.51602","355.51602","1445","1445","1445","","","","","",""
"532682","","","","","","","","","","","","","","","","","","","606.5217","606.5217","606.5217","1466","1466","1466"
"532690","-0.6849315","-0.6849315","-0.6849315","1467","1467","1467","","","","","","","","","","","","","","","","","",""
"532831","","","","","","","605.8823","605.8823","605.8823","1471","1471","1471","","","","","","","","","","","",""
"532982","","","","","","","","","","","","","362.63345","362.63345","362.63345","1453","1453","1453","","","","","",""
"533683","","","","","","","","","","","","","","","","","","","783.56165","783.56165","783.56165","1467","1467","1467"
"533691","5.442177","5.442177","5.442177","1468","1468","1468","","","","","","","","","","","","","","","","","",""
"533832","","","","","","","185.2349","185.2349","185.2349","1472","1472","1472","","","","","","","","","","","",""
"533983","","","","","","","","","","","","","816.6667","816.6667","816.6667","1454","1454","1454","","","","","",""
"534626","","","","","","","-41.268967","-41.268967","-41.268967","1473","1473","1473","","","","","","","","","","","",""
"534684","","","","","","","","","","","","","","","","","","","641.4966","641.4966","641.4966","1468","1468","1468"
"534692","-10","-10","-10","1469","1469","1469","","","","","","","","","","","","","","","","","",""
"534984","","","","","","","","","","","","","338.7755","338.7755","338.7755","1455","1455","1455","","","","","",""
"535627","","","","","","","203.37079","203.37079","203.37079","1474","1474","1474","","","","","","","","","","","",""
"535685","","","","","","","","","","","","","","","","","","","700","700","700","1469","1469","1469"
"535693","166.05504","166.05504","166.05504","1470","1470","1470","","","","","","","","","","","","","","","","","",""
"535985","","","","","","","","","","","","","844.85297","844.85297","844.85297","1456","1456","1456","","","","","",""
"536628","","","","","","","167.32674","167.32674","167.32674","1482","1482","1482","","","","","","","","","","","",""
"536686","","","","","","","","","","","","","","","","","","","597.2477","597.2477","597.2477","1477","1477","1477"
"536694","29.411764","29.411764","29.411764","1478","1478","1478","","","","","","","","","","","","","","","","","",""
"536986","","","","","","","","","","","","","264.66165","264.66165","264.66165","1464","1464","1464","","","","","",""
"537629","","","","","","","478.94736","478.94736","478.94736","1483","1483","1483","","","","","","","","","","","",""
"537687","","","","","","","","","","","","","","","","","","","570.58826","570.58826","570.58826","1478","1478","1478"
"537695","20.805368","20.805368","20.805368","1479","1479","1479","","","","","","","","","","","","","","","","","",""
"537987","","","","","","","","","","","","","166.88103","166.88103","166.88103","1465","1465","1465","","","","","",""
"538191","","","","","","","","","","","","","","","","","","","-2.5489933","-2.5489933","-2.5489933","1479","1479","1479"
"538630","","","","","","","208.9701","208.9701","208.9701","1484","1484","1484","","","","","","","","","","","",""
"538696","55.172413","55.172413","55.172413","1480","1480","1480","","","","","","","","","","","","","","","","","",""
"538988","","","","","","","","","","","","","234.60075","234.60075","234.60075","1466","1466","1466","","","","","",""
"539192","","","","","","","","","","","","","","","","","","","375.86206","375.86206","375.86206","1480","1480","1480"
"539631","","","","","","","364.78873","364.78873","364.78873","1485","1485","1485","","","","","","","","","","","",""
"539697","300.74905","300.74905","300.74905","1481","1481","1481","","","","","","","","","","","","","","","","","",""
"539989","","","","","","","","","","","","","834.61536","834.61536","834.61536","1467","1467","1467","","","","","",""
"540193","","","","","","","","","","","","","","","","","","","862.5468","862.5468","862.5468","1481","1481","1481"
"540632","","","","","","","362.0462","362.0462","362.0462","1486","1486","1486","","","","","","","","","","","",""
"540698","58.41584","58.41584","58.41584","1489","1489","1489","","","","","","","","","","","","","","","","","",""
"540990","","","","","","","","","","","","","339.8734","339.8734","339.8734","1475","1475","1475","","","","","",""
"541194","","","","","","","","","","","","","","","","","","","741.58417","741.58417","741.58417","1489","1489","1489"
"541633","","","","","","","277.48343","277.48343","277.48343","1494","1494","1494","","","","","","","","","","","",""
"541699","8.77193","8.77193","8.77193","1490","1490","1490","","","","","","","","","","","","","","","","","",""
"541991","","","","","","","","","","","","","631.0606","631.0606","631.0606","1476","1476","1476","","","","","",""
"542195","","","","","","","","","","","","","","","","","","","724.5614","724.5614","724.5614","1490","1490","1490"
"542634","","","","","","","237.83784","237.83784","237.83784","1495","1495","1495","","","","","","","","","","","",""
"542700","19.60133","19.60133","19.60133","1491","1491","1491","","","","","","","","","","","","","","","","","",""
"542992","","","","","","","","","","","","","354.54544","354.54544","354.54544","1477","1477","1477","","","","","",""
"543196","","","","","","","","","","","","","","","","","","","690.6977","690.6977","690.6977","1491","1491","1491"
"543635","","","","","","","299.2674","299.2674","299.2674","1496","1496","1496","","","","","","","","","","","",""
"543701","-15.492958","-15.492958","-15.492958","1492","1492","1492","","","","","","","","","","","","","","","","","",""
"543993","","","","","","","","","","","","","354.54544","354.54544","354.54544","1478","1478","1478","","","","","",""
"544197","","","","","","","","","","","","","","","","","","","783.8028","783.8028","783.8028","1492","1492","1492"
"544636","","","","","","","423.48993","423.48993","423.48993","1497","1497","1497","","","","","","","","","","","",""
"544702","-63.69637","-63.69637","-63.69637","1493","1493","1493","","","","","","","","","","","","","","","","","",""
"544994","","","","","","","","","","","","","634.3173","634.3173","634.3173","1486","1486","1486","","","","","",""
"545198","","","","","","","","","","","","","","","","","","","583.16833","583.16833","583.16833","1500","1500","1500"
"545637","","","","","","","168.65672","168.65672","168.65672","1505","1505","1505","","","","","","","","","","","",""
"545703","-66.88742","-66.88742","-66.88742","1501","1501","1501","","","","","","","","","","","","","","","","","",""
"545995","","","","","","","","","","","","","273.18842","273.18842","273.18842","1487","1487","1487","","","","","",""
"546199","","","","","","","","","","","","","","","","","","","323.84106","323.84106","323.84106","1501","1501","1501"
"546638","","","","","","","249.15254","249.15254","249.15254","1506","1506","1506","","","","","","","","","","","",""
"546704","35.135136","35.135136","35.135136","1502","1502","1502","","","","","","","","","","","","","","","","","",""
"546996","","","","","","","","","","","","","523.28766","523.28766","523.28766","1488","1488","1488","","","","","",""
"547200","","","","","","","","","","","","","","","","","","","805.4054","805.4054","805.4054","1502","1502","1502"
"547639","","","","","","","430.74432","430.74432","430.74432","1507","1507","1507","","","","","","","","","","","",""
"547705","182.05128","182.05128","182.05128","1503","1503","1503","","","","","","","","","","","","","","","","","",""
"547997","","","","","","","","","","","","","263.9456","263.9456","263.9456","1489","1489","1489","","","","","",""
"548201","","","","","","","","","","","","","","","","","","","632.6007","632.6007","632.6007","1503","1503","1503"
"548640","","","","","","","857.44684","857.44684","857.44684","1508","1508","1508","","","","","","","","","","","",""
"548706","-53.020134","-53.020134","-53.020134","1504","1504","1504","","","","","","","","","","","","","","","","","",""
"548998","","","","","","","","","","","","","250","250","250","1497","1497","1497","","","","","",""
"549202","","","","","","","","","","","","","","","","","","","879.8658","879.8658","879.8658","1511","1511","1511"
"549529","","","","","","","244.513","244.513","244.513","1516","1516","1516","","","","","","","","","","","",""
"549707","25.373135","25.373135","25.373135","1512","1512","1512","","","","","","","","","","","","","","","","","",""
"549999","","","","","","","","","","","","","346.4832","346.4832","346.4832","1498","1498","1498","","","","","",""
"550203","","","","","","","","","","","","","","","","","","","335.8209","335.8209","335.8209","1512","1512","1512"
"550530","","","","","","","311.7647","311.7647","311.7647","1517","1517","1517","","","","","","","","","","","",""
"550708","161.01695","161.01695","161.01695","1513","1513","1513","","","","","","","","","","","","","","","","","",""
"551000","","","","","","","","","","","","","833.3333","833.3333","833.3333","1499","1499","1499","","","","","",""
"551204","","","","","","","","","","","","","","","","","","","859.322","859.322","859.322","1513","1513","1513"
"551531","","","","","","","197.9452","197.9452","197.9452","1518","1518","1518","","","","","","","","","","","",""
"551709","184.78964","184.78964","184.78964","1514","1514","1514","","","","","","","","","","","","","","","","","",""
"552001","","","","","","","","","","","","","188.5906","188.5906","188.5906","1500","1500","1500","","","","","",""
"552205","","","","","","","","","","","","","","","","","","","822.3301","822.3301","822.3301","1514","1514","1514"
"552532","","","","","","","566.6667","566.6667","566.6667","1519","1519","1519","","","","","","","","","","","",""
"552710","371.6312","371.6312","371.6312","1515","1515","1515","","","","","","","","","","","","","","","","","",""
"553002","","","","","","","","","","","","","372.4138","372.4138","372.4138","1508","1508","1508","","","","","",""
"553206","","","","","","","","","","","","","","","","","","","868.0851","868.0851","868.0851","1522","1522","1522"
"553533","","","","","","","267.00336","267.00336","267.00336","1527","1527","1527","","","","","","","","","","","",""
"553711","145.48737","145.48737","145.48737","1523","1523","1523","","","","","","","","","","","","","","","","","",""
"554003","","","","","","","","","","","","","364.41946","364.41946","364.41946","1509","1509","1509","","","","","",""
"554207","","","","","","","","","","","","","","","","","","","354.87366","354.87366","354.87366","1523","1523","1523"
"554534","","","","","","","236.70033","236.70033","236.70033","1528","1528","1528","","","","","","","","","","","",""
"554712","47.058823","47.058823","47.058823","1524","1524","1524","","","","","","","","","","","","","","","","","",""
"555004","","","","","","","","","","","","","391.74918","391.74918","391.74918","1510","1510","1510","","","","","",""
"555208","","","","","","","","","","","","","","","","","","","847.7124","847.7124","847.7124","1524","1524","1524"
"555535","","","","","","","845.65216","845.65216","845.65216","1529","1529","1529","","","","","","","","","","","",""
"555713","19.863014","19.863014","19.863014","1525","1525","1525","","","","","","","","","","","","","","","","","",""
"556005","","","","","","","","","","","","","292.98245","292.98245","292.98245","1511","1511","1511","","","","","",""
"556209","","","","","","","","","","","","","","","","","","","393.1507","393.1507","393.1507","1525","1525","1525"
"556536","","","","","","","578.32166","578.32166","578.32166","1530","1530","1530","","","","","","","","","","","",""
"556714","99.27536","99.27536","99.27536","1526","1526","1526","","","","","","","","","","","","","","","","","",""
"557006","","","","","","","","","","","","","524.5847","524.5847","524.5847","1512","1512","1512","","","","","",""
"557210","","","","","","","","","","","","","","","","","","","584.7826","584.7826","584.7826","1533","1533","1533"
"557537","","","","","","","114.95327","114.95327","114.95327","1538","1538","1538","","","","","","","","","","","",""
"557715","-25.925926","-25.925926","-25.925926","1534","1534","1534","","","","","","","","","","","","","","","","","",""
"558007","","","","","","","","","","","","","357.7465","357.7465","357.7465","1520","1520","1520","","","","","",""
"558211","","","","","","","","","","","","","","","","","","","381.48148","381.48148","381.48148","1534","1534","1534"
"558538","","","","","","","280.47137","280.47137","280.47137","1539","1539","1539","","","","","","","","","","","",""
"558716","48.148148","48.148148","48.148148","1535","1535","1535","","","","","","","","","","","","","","","","","",""
"559008","","","","","","","","","","","","","593.06934","593.06934","593.06934","1521","1521","1521","","","","","",""
"559212","","","","","","","","","","","","","","","","","","","785.5219","785.5219","785.5219","1535","1535","1535"
"559539","","","","","","","821.147","821.147","821.147","1540","1540","1540","","","","","","","","","","","",""
"559717","77.53623","77.53623","77.53623","1536","1536","1536","","","","","","","","","","","","","","","","","",""
"560009","","","","","","","","","","","","","310.59604","310.59604","310.59604","1522","1522","1522","","","","","",""
"560213","","","","","","","","","","","","","","","","","","","566.6667","566.6667","566.6667","1536","1536","1536"
"560540","","","","","","","515.38464","515.38464","515.38464","1541","1541","1541","","","","","","","","","","","",""
"560718","179.72028","179.72028","179.72028","1537","1537","1537","","","","","","","","","","","","","","","","","",""
"560858","","","","","","","40.58543","40.58543","40.58543","1542","1542","1542","","","","","","","","","","","",""
"561010","","","","","","","","","","","","","362.83783","362.83783","362.83783","1523","1523","1523","","","","","",""
"561214","","","","","","","","","","","","","","","","","","","662.23773","662.23773","662.23773","1544","1544","1544"
"561719","27.725857","27.725857","27.725857","1545","1545","1545","","","","","","","","","","","","","","","","","",""
"561859","","","","","","","60.958904","60.958904","60.958904","1550","1550","1550","","","","","","","","","","","",""
"562011","","","","","","","","","","","","","449.45056","449.45056","449.45056","1531","1531","1531","","","","","",""
"562215","","","","","","","","","","","","","","","","","","","451.40186","451.40186","451.40186","1545","1545","1545"
"562720","-42.760944","-42.760944","-42.760944","1546","1546","1546","","","","","","","","","","","","","","","","","",""
"562860","","","","","","","738.46155","738.46155","738.46155","1551","1551","1551","","","","","","","","","","","",""
"563012","","","","","","","","","","","","","373.15436","373.15436","373.15436","1532","1532","1532","","","","","",""
"563216","","","","","","","","","","","","","","","","","","","502.6936","502.6936","502.6936","1546","1546","1546"
"563721","36.200718","36.200718","36.200718","1547","1547","1547","","","","","","","","","","","","","","","","","",""
"563861","","","","","","","510.89493","510.89493","510.89493","1552","1552","1552","","","","","","","","","","","",""
"564013","","","","","","","","","","","","","-34.328358","-34.328358","-34.328358","1533","1533","1533","","","","","",""
"564217","","","","","","","","","","","","","","","","","","","839.0681","839.0681","839.0681","1547","1547","1547"
"564722","24.542124","24.542124","24.542124","1548","1548","1548","","","","","","","","","","","","","","","","","",""
"564862","","","","","","","513.9706","513.9706","513.9706","1553","1553","1553","","","","","","","","","","","",""
"565014","","","","","","","","","","","","","269.49152","269.49152","269.49152","1534","1534","1534","","","","","",""
"565218","","","","","","","","","","","","","","","","","","","423.8095","423.8095","423.8095","1548","1548","1548"
"565723","22.516556","22.516556","22.516556","1556","1556","1556","","","","","","","","","","","","","","","","","",""
"565863","","","","","","","235.36586","235.36586","235.36586","1561","1561","1561","","","","","","","","","","","",""
"566015","","","","","","","","","","","","","336.89322","336.89322","336.89322","1542","1542","1542","","","","","",""
"566219","","","","","","","","","","","","","","","","","","","734.4371","734.4371","734.4371","1556","1556","1556"
"566724","-4.109589","-4.109589","-4.109589","1557","1557","1557","","","","","","","","","","","","","","","","","",""
"566864","","","","","","","513.3333","513.3333","513.3333","1562","1562","1562","","","","","","","","","","","",""
"567016","","","","","","","","","","","","","548.93616","548.93616","548.93616","1543","1543","1543","","","","","",""
"567220","","","","","","","","","","","","","","","","","","","814.38354","814.38354","814.38354","1557","1557","1557"
"567725","7.648604e-13","7.648604e-13","7.648604e-13","1558","1558","1558","","","","","","","","","","","","","","","","","",""
"567865","","","","","","","439.24915","439.24915","439.24915","1563","1563","1563","","","","","","","","","","","",""
"568017","","","","","","","","","","","","","474.00723","474.00723","474.00723","1544","1544","1544","","","","","",""
"568221","","","","","","","","","","","","","","","","","","","846.1539","846.1539","846.1539","1558","1558","1558"
"568726","86.77043","86.77043","86.77043","1559","1559","1559","","","","","","","","","","","","","","","","","",""
"568866","","","","","","","224.92114","224.92114","224.92114","1564","1564","1564","","","","","","","","","","","",""
"569018","","","","","","","","","","","","","331.37256","331.37256","331.37256","1545","1545","1545","","","","","",""
"569222","","","","","","","","","","","","","","","","","","","75.097275","75.097275","75.097275","1559","1559","1559"
"569727","17.647058","17.647058","17.647058","1567","1567","1567","","","","","","","","","","","","","","","","","",""
"569867","","","","","","","361.2546","361.2546","361.2546","1572","1572","1572","","","","","","","","","","","",""
"570019","","","","","","","","","","","","","273.28766","273.28766","273.28766","1553","1553","1553","","","","","",""
"570223","","","","","","","","","","","","","","","","","","","422.05884","422.05884","422.05884","1567","1567","1567"
"570728","134.7561","134.7561","134.7561","1568","1568","1568","","","","","","","","","","","","","","","","","",""
"570868","","","","","","","355.17242","355.17242","355.17242","1573","1573","1573","","","","","","","","","","","",""
"571020","","","","","","","","","","","","","628.26086","628.26086","628.26086","1554","1554","1554","","","","","",""
"571224","","","","","","","","","","","","","","","","","","","500.60974","500.60974","500.60974","1568","1568","1568"
"571729","173.33333","173.33333","173.33333","1569","1569","1569","","","","","","","","","","","","","","","","","",""
"571869","","","","","","","287.7551","287.7551","287.7551","1574","1574","1574","","","","","","","","","","","",""
"572021","","","","","","","","","","","","","14.478114","14.478114","14.478114","1555","1555","1555","","","","","",""
"572225","","","","","","","","","","","","","","","","","","","476.66666","476.66666","476.66666","1569","1569","1569"
"572601","","","","","","","9.142858","9.142858","9.142858","1575","1575","1575","","","","","","","","","","","",""
"572730","9.215017","9.215017","9.215017","1570","1570","1570","","","","","","","","","","","","","","","","","",""
"573022","","","","","","","","","","","","","573.4007","573.4007","573.4007","1556","1556","1556","","","","","",""
"573226","","","","","","","","","","","","","","","","","","","852.21844","852.21844","852.21844","1570","1570","1570"
"573602","","","","","","","376.51007","376.51007","376.51007","1583","1583","1583","","","","","","","","","","","",""
"573731","224.92114","224.92114","224.92114","1578","1578","1578","","","","","","","","","","","","","","","","","",""
"574004","","","","","","","","","","","","","765.7681","765.7681","765.7681","1564","1564","1564","","","","","",""
"574227","","","","","","","","","","","","","","","","","","","351.1041","351.1041","351.1041","1578","1578","1578"
"574603","","","","","","","372.72726","372.72726","372.72726","1584","1584","1584","","","","","","","","","","","",""
"574732","243.17343","243.17343","243.17343","1579","1579","1579","","","","","","","","","","","","","","","","","",""
"575005","","","","","","","","","","","","","67.83217","67.83217","67.83217","1565","1565","1565","","","","","",""
"575228","","","","","","","","","","","","","","","","","","","619.5572","619.5572","619.5572","1579","1579","1579"
"575604","","","","","","","445.45456","445.45456","445.45456","1585","1585","1585","","","","","","","","","","","",""
"575733","89.655174","89.655174","89.655174","1580","1580","1580","","","","","","","","","","","","","","","","","",""
"576006","","","","","","","","","","","","","93.146416","93.146416","93.146416","1566","1566","1566","","","","","",""
"576229","","","","","","","","","","","","","","","","","","","486.2069","486.2069","486.2069","1580","1580","1580"
"576605","","","","","","","480.32788","480.32788","480.32788","1586","1586","1586","","","","","","","","","","","",""
"576734","-6.705539","-6.705539","-6.705539","1581","1581","1581","","","","","","","","","","","","","","","","","",""
"577007","","","","","","","","","","","","","253.53535","253.53535","253.53535","1567","1567","1567","","","","","",""
"577230","","","","","","","","","","","","","","","","","","","261.51602","261.51602","261.51602","1581","1581","1581"
"577606","","","","","","","21.212122","21.212122","21.212122","1594","1594","1594","","","","","","","","","","","",""
"577735","53.57143","53.57143","53.57143","1589","1589","1589","","","","","","","","","","","","","","","","","",""
"578008","","","","","","","","","","","","","516.4874","516.4874","516.4874","1575","1575","1575","","","","","",""
"578231","","","","","","","","","","","","","","","","","","","85.71429","85.71429","85.71429","1589","1589","1589"
"578370","17.908054","17.908054","17.908054","1590","1590","1590","","","","","","","","","","","","","","","","","",""
"578607","","","","","","","54.676258","54.676258","54.676258","1595","1595","1595","","","","","","","","","","","",""
"579009","","","","","","","","","","","","","346.88644","346.88644","346.88644","1576","1576","1576","","","","","",""
"579232","","","","","","","","","","","","","","","","","","","487.24832","487.24832","487.24832","1590","1590","1590"
"579371","85.454544","85.454544","85.454544","1591","1591","1591","","","","","","","","","","","","","","","","","",""
"579608","","","","","","","413.51352","413.51352","413.51352","1596","1596","1596","","","","","","","","","","","",""
"580010","","","","","","","","","","","","","254.30464","254.30464","254.30464","1577","1577","1577","","","","","",""
"580233","","","","","","","","","","","","","","","","","","","849.0909","849.0909","849.0909","1591","1591","1591"
"580372","125.589226","125.589226","125.589226","1592","1592","1592","","","","","","","","","","","","","","","","","",""
"580609","","","","","","","374.2647","374.2647","374.2647","1597","1597","1597","","","","","","","","","","","",""
"581011","","","","","","","","","","","","","499.31506","499.31506","499.31506","1578","1578","1578","","","","","",""
"581234","","","","","","","","","","","","","","","","","","","815.8249","815.8249","815.8249","1592","1592","1592"
"581373","14.754098","14.754098","14.754098","1593","1593","1593","","","","","","","","","","","","","","","","","",""
"581610","","","","","","","334.78262","334.78262","334.78262","1598","1598","1598","","","","","","","","","","","",""
"582012","","","","","","","","","","","","","842.3077","842.3077","842.3077","1586","1586","1586","","","","","",""
"582235","","","","","","","","","","","","","","","","","","","827.86884","827.86884","827.86884","1600","1600","1600"
"582374","78.45118","78.45118","78.45118","1601","1601","1601","","","","","","","","","","","","","","","","","",""
"582611","","","","","","","225.6579","225.6579","225.6579","1606","1606","1606","","","","","","","","","","","",""
"583013","","","","","","","","","","","","","67.31518","67.31518","67.31518","1587","1587","1587","","","","","",""
"583236","","","","","","","","","","","","","","","","","","","462.28955","462.28955","462.28955","1601","1601","1601"
"583375","130.21582","130.21582","130.21582","1602","1602","1602","","","","","","","","","","","","","","","","","",""
"583612","","","","","","","305.0179","305.0179","305.0179","1607","1607","1607","","","","","","","","","","","",""
"583966","","","","","","","14.997628","14.997628","14.997628","1608","1608","1608","","","","","","","","","","","",""
"584014","","","","","","","","","","","","","624.2647","624.2647","624.2647","1588","1588","1588","","","","","",""
"584024","","","","","","","","","","","","","","","","","","","921.3","921.3","921.3","1602","1602","1602"
"584376","85.328186","85.328186","85.328186","1603","1603","1603","","","","","","","","","","","","","","","","","",""
"584967","","","","","","","195.08197","195.08197","195.08197","1609","1609","1609","","","","","","","","","","","",""
"585015","","","","","","","","","","","","","168.29268","168.29268","168.29268","1589","1589","1589","","","","","",""
"585025","","","","","","","","","","","","","","","","","","","865.251","865.251","865.251","1603","1603","1603"
"585377","6.617647","6.617647","6.617647","1604","1604","1604","","","","","","","","","","","","","","","","","",""
"585968","","","","","","","312.45135","312.45135","312.45135","1617","1617","1617","","","","","","","","","","","",""
"586016","","","","","","","","","","","","","340","340","340","1597","1597","1597","","","","","",""
"586026","","","","","","","","","","","","","","","","","","","756.6177","756.6177","756.6177","1611","1611","1611"
"586378","3.6789298","3.6789298","3.6789298","1612","1612","1612","","","","","","","","","","","","","","","","","",""
"586969","","","","","","","60.305344","60.305344","60.305344","1618","1618","1618","","","","","","","","","","","",""
"587017","","","","","","","","","","","","","691.8089","691.8089","691.8089","1598","1598","1598","","","","","",""
"587027","","","","","","","","","","","","","","","","","","","348.16052","348.16052","348.16052","1612","1612","1612"
"587379","1.9736842","1.9736842","1.9736842","1613","1613","1613","","","","","","","","","","","","","","","","","",""
"587970","","","","","","","300","300","300","1619","1619","1619","","","","","","","","","","","",""
"588018","","","","","","","","","","","","","183.91167","183.91167","183.91167","1599","1599","1599","","","","","",""
"588028","","","","","","","","","","","","","","","","","","","821.0526","821.0526","821.0526","1613","1613","1613"
"588215","","","","","","","51.48125","51.48125","51.48125","1620","1620","1620","","","","","","","","","","","",""
"588380","0.35842294","0.35842294","0.35842294","1614","1614","1614","","","","","","","","","","","","","","","","","",""
"589019","","","","","","","","","","","","","593.7269","593.7269","593.7269","1600","1600","1600","","","","","",""
"589029","","","","","","","","","","","","","","","","","","","853.405","853.405","853.405","1614","1614","1614"
"589216","","","","","","","248.8372","248.8372","248.8372","1621","1621","1621","","","","","","","","","","","",""
"589381","38.33992","38.33992","38.33992","1615","1615","1615","","","","","","","","","","","","","","","","","",""
"590020","","","","","","","","","","","","","613.7931","613.7931","613.7931","1608","1608","1608","","","","","",""
"590030","","","","","","","","","","","","","","","","","","","852.56915","852.56915","852.56915","1622","1622","1622"
"590217","","","","","","","279.74683","279.74683","279.74683","1629","1629","1629","","","","","","","","","","","",""
"590382","172.13115","172.13115","172.13115","1623","1623","1623","","","","","","","","","","","","","","","","","",""
"591021","","","","","","","","","","","","","206.12245","206.12245","206.12245","1609","1609","1609","","","","","",""
"591031","","","","","","","","","","","","","","","","","","","844.26227","844.26227","844.26227","1623","1623","1623"
"591218","","","","","","","72.297295","72.297295","72.297295","1630","1630","1630","","","","","","","","","","","",""
"591383","86.77043","86.77043","86.77043","1624","1624","1624","","","","","","","","","","","","","","","","","",""
"592022","","","","","","","","","","","","","139.28572","139.28572","139.28572","1610","1610","1610","","","","","",""
"592032","","","","","","","","","","","","","","","","","","","577.0428","577.0428","577.0428","1624","1624","1624"
"592219","","","","","","","39.07285","39.07285","39.07285","1631","1631","1631","","","","","","","","","","","",""
"592384","216.7939","216.7939","216.7939","1625","1625","1625","","","","","","","","","","","","","","","","","",""
"593023","","","","","","","","","","","","","369.79865","369.79865","369.79865","1611","1611","1611","","","","","",""
"593033","","","","","","","","","","","","","","","","","","","884.73285","884.73285","884.73285","1625","1625","1625"
"593220","","","","","","","338.16254","338.16254","338.16254","1632","1632","1632","","","","","","","","","","","",""
"593385","17.241379","17.241379","17.241379","1626","1626","1626","","","","","","","","","","","","","","","","","",""
"594024","","","","","","","","","","","","","263.63635","263.63635","263.63635","1619","1619","1619","","","","","",""
"594034","","","","","","","","","","","","","","","","","","","548.2759","548.2759","548.2759","1633","1633","1633"
"594127","","","","","","","142.83333","142.83333","142.83333","1640","1640","1640","","","","","","","","","","","",""
"594386","91.40625","91.40625","91.40625","1634","1634","1634","","","","","","","","","","","","","","","","","",""
"595025","","","","","","","","","","","","","236.70033","236.70033","236.70033","1620","1620","1620","","","","","",""
"595035","","","","","","","","","","","","","","","","","","","864.84375","864.84375","864.84375","1634","1634","1634"
"595128","","","","","","","176.59575","176.59575","176.59575","1641","1641","1641","","","","","","","","","","","",""
"595387","152.4917","152.4917","152.4917","1635","1635","1635","","","","","","","","","","","","","","","","","",""
"596026","","","","","","","","","","","","","359.0164","359.0164","359.0164","1621","1621","1621","","","","","",""
"596036","","","","","","","","","","","","","","","","","","","448.17276","448.17276","448.17276","1635","1635","1635"
"596129","","","","","","","303.38983","303.38983","303.38983","1642","1642","1642","","","","","","","","","","","",""
"596388","127.8481","127.8481","127.8481","1636","1636","1636","","","","","","","","","","","","","","","","","",""
"596780","","","","","","","193.46178","193.46178","193.46178","1643","1643","1643","","","","","","","","","","","",""
"597027","","","","","","","","","","","","","58.249157","58.249157","58.249157","1622","1622","1622","","","","","",""
"597037","","","","","","","50.75899","50.75899","50.75899","1644","1644","1644","","","","","","","855.6962","855.6962","855.6962","1636","1636","1636"
"597389","193.91891","193.91891","193.91891","1637","1637","1637","","","","","","","","","","","","","","","","","",""
"598028","","","","","","","","","","","","","133.81294","133.81294","133.81294","1630","1630","1630","","","","","",""
"598038","","","","","","","287.32394","287.32394","287.32394","1652","1652","1652","","","","","","","872.97296","872.97296","872.97296","1644","1644","1644"
"598390","181.45695","181.45695","181.45695","1645","1645","1645","","","","","","","","","","","","","","","","","",""
"599029","","","","","","","","","","","","","405.7915","405.7915","405.7915","1631","1631","1631","","","","","",""
"599039","","","","","","","177.77777","177.77777","177.77777","1653","1653","1653","","","","","","","469.53644","469.53644","469.53644","1645","1645","1645"
"599391","41.342754","41.342754","41.342754","1646","1646","1646","","","","","","","","","","","","","","","","","",""
"600030","","","","","","","","","","","","","580.14703","580.14703","580.14703","1632","1632","1632","","","","","",""
"600040","","","","","","","673.8095","673.8095","673.8095","1654","1654","1654","","","","","","","864.6643","864.6643","864.6643","1646","1646","1646"
"600392","14.583333","14.583333","14.583333","1647","1647","1647","","","","","","","","","","","","","","","","","",""
"601031","","","","","","","","","","","","","401.67224","401.67224","401.67224","1633","1633","1633","","","","","",""
"601041","","","","","","","249.15254","249.15254","249.15254","1655","1655","1655","","","","","","","847.9167","847.9167","847.9167","1647","1647","1647"
"601393","80.85107","80.85107","80.85107","1648","1648","1648","","","","","","","","","","","","","","","","","",""
"602032","","","","","","","","","","","","","202.63158","202.63158","202.63158","1634","1634","1634","","","","","",""
"602042","","","","","","","456.70102","456.70102","456.70102","1656","1656","1656","","","","","","","818.4397","818.4397","818.4397","1648","1648","1648"
"602394","194.91525","194.91525","194.91525","1656","1656","1656","","","","","","","","","","","","","","","","","",""
"603033","","","","","","","","","","","","","477.06094","477.06094","477.06094","1642","1642","1642","","","","","",""
"603043","","","","","","","238.50932","238.50932","238.50932","1664","1664","1664","","","","","","","466.10168","466.10168","466.10168","1656","1656","1656"
"603395","135.49487","135.49487","135.49487","1657","1657","1657","","","","","","","","","","","","","","","","","",""
"604034","","","","","","","","","","","","","386.16602","386.16602","386.16602","1643","1643","1643","","","","","",""
"604044","","","","","","","469.62024","469.62024","469.62024","1665","1665","1665","","","","","","","582.5939","582.5939","582.5939","1657","1657","1657"
"604396","-56.834534","-56.834534","-56.834534","1658","1658","1658","","","","","","","","","","","","","","","","","",""
"605035","","","","","","","","","","","","","326.22952","326.22952","326.22952","1644","1644","1644","","","","","",""
"605045","","","","","","","446.51163","446.51163","446.51163","1666","1666","1666","","","","","","","763.3093","763.3093","763.3093","1658","1658","1658"
"605397","-50.704224","-50.704224","-50.704224","1659","1659","1659","","","","","","","","","","","","","","","","","",""
"606036","","","","","","","","","","","","","234.63036","234.63036","234.63036","1645","1645","1645","","","","","",""
"606046","","","","","","","50","50","50","1667","1667","1667","","","","","","","864.78876","864.78876","864.78876","1659","1659","1659"
"606398","164.70589","164.70589","164.70589","1667","1667","1667","","","","","","","","","","","","","","","","","",""
"607037","","","","","","","","","","","","","644.2748","644.2748","644.2748","1653","1653","1653","","","","","",""
"607047","","","","","","","201.69492","201.69492","201.69492","1675","1675","1675","","","","","","","844.44446","844.44446","844.44446","1667","1667","1667"
"607399","66.666664","66.666664","66.666664","1668","1668","1668","","","","","","","","","","","","","","","","","",""
"608038","","","","","","","","","","","","","248.27586","248.27586","248.27586","1654","1654","1654","","","","","",""
"608048","","","","","","","211.11111","211.11111","211.11111","1676","1676","1676","","","","","","","812.6984","812.6984","812.6984","1668","1668","1668"
"608400","279.661","279.661","279.661","1669","1669","1669","","","","","","","","","","","","","","","","","",""
"609039","","","","","","","","","","","","","79.6875","79.6875","79.6875","1655","1655","1655","","","","","",""
"609049","","","","","","","270.96774","270.96774","270.96774","1677","1677","1677","","","","","","","293.22034","293.22034","293.22034","1669","1669","1669"
"609257","","","","","","","-5.894118","-5.894118","-5.894118","1678","1678","1678","","","","","","","","","","","",""
"609401","40.89347","40.89347","40.89347","1670","1670","1670","","","","","","","","","","","","","","","","","",""
"610040","","","","","","","","","","","","","517.9402","517.9402","517.9402","1656","1656","1656","","","","","",""
"610050","","","","","","","","","","","","","","","","","","","604.46735","604.46735","604.46735","1670","1670","1670"
"610258","","","","","","","33.333332","33.333332","33.333332","1679","1679","1679","","","","","","","","","","","",""
"610402","-13.043478","-13.043478","-13.043478","1678","1678","1678","","","","","","","","","","","","","","","","","",""
"611041","","","","","","","","","","","","","292.40506","292.40506","292.40506","1664","1664","1664","","","","","",""
"611051","","","","","","","","","","","","","","","","","","","626.70807","626.70807","626.70807","1678","1678","1678"
"611259","","","","","","","229.96632","229.96632","229.96632","1687","1687","1687","","","","","","","","","","","",""
"611403","80.379745","80.379745","80.379745","1679","1679","1679","","","","","","","","","","","","","","","","","",""
"612042","","","","","","","","","","","","","200.67567","200.67567","200.67567","1665","1665","1665","","","","","",""
"612052","","","","","","","","","","","","","","","","","","","513.9241","513.9241","513.9241","1679","1679","1679"
"612260","","","","","","","269.17563","269.17563","269.17563","1688","1688","1688","","","","","","","","","","","",""
"612404","148.06201","148.06201","148.06201","1680","1680","1680","","","","","","","","","","","","","","","","","",""
"612632","54.066666","54.066666","54.066666","1681","1681","1681","","","","","","","","","","","","","","","","","",""
"613043","","","","","","","","","","","","","121.8543","121.8543","121.8543","1666","1666","1666","","","","","",""
"613053","","","","","","","","","","","","","","","","","","","853.48834","853.48834","853.48834","1680","1680","1680"
"613261","","","","","","","155.7377","155.7377","155.7377","1689","1689","1689","","","","","","","","","","","",""
"613633","32.20339","32.20339","32.20339","1682","1682","1682","","","","","","","","","","","","","","","","","",""
"614044","","","","","","","","","","","","","235.68904","235.68904","235.68904","1667","1667","1667","","","","","",""
"614054","","","","","","","","","","","","","","","","","","","646.6667","646.6667","646.6667","1681","1681","1681"
"614262","","","","","","","148.58757","148.58757","148.58757","1690","1690","1690","","","","","","","","","","","",""
"614634","114.81481","114.81481","114.81481","1690","1690","1690","","","","","","","","","","","","","","","","","",""
"615045","","","","","","","","","","","","","240.27777","240.27777","240.27777","1675","1675","1675","","","","","",""
"615055","","","","","","","","","","","","","","","","","","","852.54236","852.54236","852.54236","1689","1689","1689"
"615263","","","","","","","88.19188","88.19188","88.19188","1698","1698","1698","","","","","","","","","","","",""
"615635","35.48387","35.48387","35.48387","1691","1691","1691","","","","","","","","","","","","","","","","","",""
"616046","","","","","","","","","","","","","403.5461","403.5461","403.5461","1676","1676","1676","","","","","",""
"616056","","","","","","","","","","","","","","","","","","","866.6667","866.6667","866.6667","1690","1690","1690"
"616264","","","","","","","274.1259","274.1259","274.1259","1699","1699","1699","","","","","","","","","","","",""
"616636","14.705882","14.705882","14.705882","1692","1692","1692","","","","","","","","","","","","","","","","","",""
"617047","","","","","","","","","","","","","232.20338","232.20338","232.20338","1677","1677","1677","","","","","",""
"617057","","","","","","","","","","","","","","","","","","","551.6129","551.6129","551.6129","1691","1691","1691"
"617265","","","","","","","71.10266","71.10266","71.10266","1700","1700","1700","","","","","","","","","","","",""
"617637","5.263158","5.263158","5.263158","1693","1693","1693","","","","","","","","","","","","","","","","","",""
"618048","","","","","","","","","","","","","323.2082","323.2082","323.2082","1678","1678","1678","","","","","",""
"618058","","","","","","","","","","","","","","","","","","","505.88235","505.88235","505.88235","1692","1692","1692"
"618266","","","","","","","260.36035","260.36035","260.36035","1701","1701","1701","","","","","","","","","","","",""
"618638","75.084175","75.084175","75.084175","1701","1701","1701","","","","","","","","","","","","","","","","","",""
"619049","","","","","","","","","","","","","421.58273","421.58273","421.58273","1686","1686","1686","","","","","",""
"619059","","","","","","","","","","","","","","","","","","","833.3333","833.3333","833.3333","1700","1700","1700"
"619267","","","","","","","11.111111","11.111111","11.111111","1709","1709","1709","","","","","","","","","","","",""
"619639","0.35842294","0.35842294","0.35842294","1702","1702","1702","","","","","","","","","","","","","","","","","",""
"619915","","","","","","","","","","","","","","","","","","","914.5","914.5","914.5","1701","1701","1701"
"620050","","","","","","","","","","","","","875.3521","875.3521","875.3521","1687","1687","1687","","","","","",""
"620268","","","","","","","522.3776","522.3776","522.3776","1710","1710","1710","","","","","","","","","","","",""
"620640","50.81967","50.81967","50.81967","1703","1703","1703","","","","","","","","","","","","","","","","","",""
"620916","","","","","","","","","","","","","","","","","","","659.8566","659.8566","659.8566","1702","1702","1702"
"621051","","","","","","","","","","","","","243.13725","243.13725","243.13725","1688","1688","1688","","","","","",""
"621269","","","","","","","224.23209","224.23209","224.23209","1711","1711","1711","","","","","","","","","","","",""
"621641","-18.079096","-18.079096","-18.079096","1704","1704","1704","","","","","","","","","","","","","","","","","",""
"621917","","","","","","","","","","","","","","","","","","","824.59015","824.59015","824.59015","1703","1703","1703"
"622052","","","","","","","","","","","","","249.20634","249.20634","249.20634","1689","1689","1689","","","","","",""
"622270","","","","","","","56.25","56.25","56.25","1712","1712","1712","","","","","","","","","","","",""
"622642","54.98155","54.98155","54.98155","1712","1712","1712","","","","","","","","","","","","","","","","","",""
"622918","","","","","","","","","","","","","","","","","","","371.7514","371.7514","371.7514","1711","1711","1711"
"623053","","","","","","","","","","","","","296.61017","296.61017","296.61017","1697","1697","1697","","","","","",""
"623271","","","","","","","284.8921","284.8921","284.8921","1720","1720","1720","","","","","","","","","","","",""
"623643","221.67831","221.67831","221.67831","1713","1713","1713","","","","","","","","","","","","","","","","","",""
"623919","","","","","","","","","","","","","","","","","","","590.0369","590.0369","590.0369","1712","1712","1712"
"624054","","","","","","","","","","","","","484.19244","484.19244","484.19244","1698","1698","1698","","","","","",""
"624272","","","","","","","146.47887","146.47887","146.47887","1721","1721","1721","","","","","","","","","","","",""
"624644","-12.547528","-12.547528","-12.547528","1714","1714","1714","","","","","","","","","","","","","","","","","",""
"624920","","","","","","","","","","","","","","","","","","","844.05597","844.05597","844.05597","1713","1713","1713"
"625055","","","","","","","","","","","","","232.29814","232.29814","232.29814","1699","1699","1699","","","","","",""
"625273","","","","","","","-50","-50","-50","1722","1722","1722","","","","","","","","","","","",""
"625645","26.126125","26.126125","26.126125","1715","1715","1715","","","","","","","","","","","","","","","","","",""
"625921","","","","","","","","","","","","","","","","","","","865.7795","865.7795","865.7795","1714","1714","1714"
"626056","","","","","","","","","","","","","219.62025","219.62025","219.62025","1700","1700","1700","","","","","",""
"626274","","","","","","","142.23602","142.23602","142.23602","1723","1723","1723","","","","","","","","","","","",""
"626646","-54.86111","-54.86111","-54.86111","1716","1716","1716","","","","","","","","","","","","","","","","","",""
"626922","","","","","","","","","","","","","","","","","","","740.8408","740.8408","740.8408","1722","1722","1722"
"627057","","","","","","","","","","","","","477.51938","477.51938","477.51938","1708","1708","1708","","","","","",""
"627275","","","","","","","574.60315","574.60315","574.60315","1731","1731","1731","","","","","","","","","","","",""
"627647","120.27972","120.27972","120.27972","1724","1724","1724","","","","","","","","","","","","","","","","","",""
"627923","","","","","","","","","","","","","","","","","","","754.1667","754.1667","754.1667","1723","1723","1723"
"628058","","","","","","","","","","","","","103.333336","103.333336","103.333336","1709","1709","1709","","","","","",""
"628276","","","","","","","250.29941","250.29941","250.29941","1732","1732","1732","","","","","","","","","","","",""
"628648","121.843","121.843","121.843","1725","1725","1725","","","","","","","","","","","","","","","","","",""
"628924","","","","","","","","","","","","","","","","","","","501.3986","501.3986","501.3986","1724","1724","1724"
"629059","","","","","","","","","","","","","323.72882","323.72882","323.72882","1710","1710","1710","","","","","",""
"629277","","","","","","","149.14676","149.14676","149.14676","1733","1733","1733","","","","","","","","","","","",""
"629649","84.375","84.375","84.375","1726","1726","1726","","","","","","","","","","","","","","","","","",""
"629925","","","","","","","","","","","","","","","","","","","534.8123","534.8123","534.8123","1725","1725","1725"
"630060","","","","","","","","","","","","","414.81482","414.81482","414.81482","1711","1711","1711","","","","","",""
"630278","","","","","","","71.20622","71.20622","71.20622","1734","1734","1734","","","","","","","","","","","",""
"630650","-28.057554","-28.057554","-28.057554","1727","1727","1727","","","","","","","","","","","","","","","","","",""
"630926","","","","","","","","","","","","","","","","","","","265.625","265.625","265.625","1733","1733","1733"
"631061","","","","","","","","","","","","","61.29032","61.29032","61.29032","1719","1719","1719","","","","","",""
"631279","","","","","","","275","275","275","1742","1742","1742","","","","","","","","","","","",""
"631651","72.53521","72.53521","72.53521","1735","1735","1735","","","","","","","","","","","","","","","","","",""
"631927","","","","","","","","","","","","","","","","","","","551.07916","551.07916","551.07916","1734","1734","1734"
"632062","","","","","","","","","","","","","52.941177","52.941177","52.941177","1720","1720","1720","","","","","",""
"632280","","","","","","","154.23729","154.23729","154.23729","1743","1743","1743","","","","","","","","","","","",""
"632652","12.5","12.5","12.5","1736","1736","1736","","","","","","","","","","","","","","","","","",""
"632928","","","","","","","","","","","","","","","","","","","850.7042","850.7042","850.7042","1735","1735","1735"
"633063","","","","","","","","","","","","","349.1228","349.1228","349.1228","1721","1721","1721","","","","","",""
"633281","","","","","","","112.76596","112.76596","112.76596","1744","1744","1744","","","","","","","","","","","",""
"633653","-50.31056","-50.31056","-50.31056","1737","1737","1737","","","","","","","","","","","","","","","","","",""
"633929","","","","","","","","","","","","","","","","","","","437.5","437.5","437.5","1736","1736","1736"
"634064","","","","","","","","","","","","","223.23233","223.23233","223.23233","1722","1722","1722","","","","","",""
"634282","","","","","","","232.08955","232.08955","232.08955","1745","1745","1745","","","","","","","","","","","",""
"634654","177.77777","177.77777","177.77777","1738","1738","1738","","","","","","","","","","","","","","","","","",""
"634930","","","","","","","","","","","","","","","","","","","474.53415","474.53415","474.53415","1744","1744","1744"
"635065","","","","","","","","","","","","","466.30826","466.30826","466.30826","1730","1730","1730","","","","","",""
"635283","","","","","","","-46.127945","-46.127945","-46.127945","1753","1753","1753","","","","","","","","","","","",""
"635568","","","","","","","","","","","","","","","","","","","936.3","936.3","936.3","1745","1745","1745"
"635655","-10.179641","-10.179641","-10.179641","1746","1746","1746","","","","","","","","","","","","","","","","","",""
"636066","","","","","","","","","","","","","198.36066","198.36066","198.36066","1731","1731","1731","","","","","",""
"636284","","","","","","","147.19101","147.19101","147.19101","1754","1754","1754","","","","","","","","","","","",""
"636569","","","","","","","","","","","","","","","","","","","459.88025","459.88025","459.88025","1746","1746","1746"
"636656","-21.501707","-21.501707","-21.501707","1747","1747","1747","","","","","","","","","","","","","","","","","",""
"637067","","","","","","","","","","","","","388.70056","388.70056","388.70056","1732","1732","1732","","","","","",""
"637285","","","","","","","48.387096","48.387096","48.387096","1755","1755","1755","","","","","","","","","","","",""
"637570","","","","","","","","","","","","","","","","","","","452.90103","452.90103","452.90103","1747","1747","1747"
"637657","36.18677","36.18677","36.18677","1748","1748","1748","","","","","","","","","","","","","","","","","",""
"638068","","","","","","","","","","","","","121.402214","121.402214","121.402214","1733","1733","1733","","","","","",""
"638286","","","","","","","-17.218542","-17.218542","-17.218542","1756","1756","1756","","","","","","","","","","","",""
"638571","","","","","","","","","","","","","","","","","","","759.9222","759.9222","759.9222","1748","1748","1748"
"638658","-48.71795","-48.71795","-48.71795","1749","1749","1749","","","","","","","","","","","","","","","","","",""
"638747","","","","","","","-2.517647","-2.517647","-2.517647","1757","1757","1757","","","","","","","","","","","",""
"639069","","","","","","","","","","","","","298.6014","298.6014","298.6014","1741","1741","1741","","","","","",""
"639572","","","","","","","","","","","","","","","","","","","755.7692","755.7692","755.7692","1756","1756","1756"
"639659","42.372883","42.372883","42.372883","1757","1757","1757","","","","","","","","","","","","","","","","","",""
"639748","","","","","","","172.72728","172.72728","172.72728","1765","1765","1765","","","","","","","","","","","",""
"640070","","","","","","","","","","","","","48.288975","48.288975","48.288975","1742","1742","1742","","","","","",""
"640349","","","","","","","","","","","","","","","","","","","922.4","922.4","922.4","1757","1757","1757"
"640660","20.567375","20.567375","20.567375","1758","1758","1758","","","","","","","","","","","","","","","","","",""
"640749","","","","","","","148.25175","148.25175","148.25175","1766","1766","1766","","","","","","","","","","","",""
"641071","","","","","","","","","","","","","224.32433","224.32433","224.32433","1743","1743","1743","","","","","",""
"641350","","","","","","","","","","","","","","","","","","","665.95746","665.95746","665.95746","1758","1758","1758"
"641661","8.208955","8.208955","8.208955","1759","1759","1759","","","","","","","","","","","","","","","","","",""
"641750","","","","","","","1.010101","1.010101","1.010101","1767","1767","1767","","","","","","","","","","","",""
"642072","","","","","","","","","","","","","205.55556","205.55556","205.55556","1744","1744","1744","","","","","",""
"642351","","","","","","","","","","","","","","","","","","","735.8209","735.8209","735.8209","1759","1759","1759"
"642662","122.22222","122.22222","122.22222","1760","1760","1760","","","","","","","","","","","","","","","","","",""
"642751","","","","","","","14.379085","14.379085","14.379085","1768","1768","1768","","","","","","","","","","","",""
"642917","","","","","","","-63.20851","-63.20851","-63.20851","1769","1769","1769","","","","","","","","","","","",""
"643073","","","","","","","","","","","","","43.356644","43.356644","43.356644","1752","1752","1752","","","","","",""
"643183","","","","","","","-8.9503355","-8.9503355","-8.9503355","1777","1777","1777","","","","","","","","","","","",""
"643352","","","","","","","","","","","","","","","","","","","765.3199","765.3199","765.3199","1767","1767","1767"
"643663","218.35207","218.35207","218.35207","1768","1768","1768","","","","","","","","","","","","","","","","","",""
"644074","","","","","","","","","","","","","258.3618","258.3618","258.3618","1753","1753","1753","","","","","",""
"644184","","","","","","","0.6289308","0.6289308","0.6289308","1778","1778","1778","","","","","","","","","","","",""
"644353","","","","","","","","","","","","","","","","","","","840.0749","840.0749","840.0749","1768","1768","1768"
"644664","-22.580645","-22.580645","-22.580645","1769","1769","1769","","","","","","","","","","","","","","","","","",""
"645075","","","","","","","","","","","","","112.5","112.5","112.5","1754","1754","1754","","","","","",""
"645185","","","","","","","64.87455","64.87455","64.87455","1779","1779","1779","","","","","","","","","","","",""
"645354","","","","","","","","","","","","","","","","","","","625.80646","625.80646","625.80646","1769","1769","1769"
"645665","158.27815","158.27815","158.27815","1770","1770","1770","","","","","","","","","","","","","","","","","",""
"646076","","","","","","","","","","","","","202.15828","202.15828","202.15828","1755","1755","1755","","","","","",""
"646186","","","","","","","52.77778","52.77778","52.77778","1780","1780","1780","","","","","","","","","","","",""
"646355","","","","","","","","","","","","","","","","","","","893.3775","893.3775","893.3775","1770","1770","1770"
"646666","58.088234","58.088234","58.088234","1771","1771","1771","","","","","","","","","","","","","","","","","",""
"647077","","","","","","","","","","","","","861.2676","861.2676","861.2676","1756","1756","1756","","","","","",""
"647187","","","","","","","-33.333332","-33.333332","-33.333332","1788","1788","1788","","","","","","","","","","","",""
"647356","","","","","","","","","","","","","","","","","","","488.2353","488.2353","488.2353","1778","1778","1778"
"647667","-44.805195","-44.805195","-44.805195","1779","1779","1779","","","","","","","","","","","","","","","","","",""
"648078","","","","","","","","","","","","","278.125","278.125","278.125","1764","1764","1764","","","","","",""
"648188","","","","","","","-31.271477","-31.271477","-31.271477","1789","1789","1789","","","","","","","","","","","",""
"648357","","","","","","","","","","","","","","","","","","","861.03894","861.03894","861.03894","1779","1779","1779"
"648668","-44.055943","-44.055943","-44.055943","1780","1780","1780","","","","","","","","","","","","","","","","","",""
"649079","","","","","","","","","","","","","309.9379","309.9379","309.9379","1765","1765","1765","","","","","",""
"649189","","","","","","","-3.0100334","-3.0100334","-3.0100334","1790","1790","1790","","","","","","","","","","","",""
"649358","","","","","","","","","","","","","","","","","","","844.05597","844.05597","844.05597","1780","1780","1780"
"649669","-25.925926","-25.925926","-25.925926","1781","1781","1781","","","","","","","","","","","","","","","","","",""
"650080","","","","","","","","","","","","","205.55556","205.55556","205.55556","1766","1766","1766","","","","","",""
"650190","","","","","","","34.86842","34.86842","34.86842","1791","1791","1791","","","","","","","","","","","",""
"650359","","","","","","","","","","","","","","","","","","","795.6229","795.6229","795.6229","1781","1781","1781"
"650670","138.56209","138.56209","138.56209","1782","1782","1782","","","","","","","","","","","","","","","","","",""
"651081","","","","","","","","","","","","","151.49701","151.49701","151.49701","1767","1767","1767","","","","","",""
"651191","","","","","","","-14.556962","-14.556962","-14.556962","1792","1792","1792","","","","","","","","","","","",""
"651360","","","","","","","","","","","","","","","","","","","801.96075","801.96075","801.96075","1789","1789","1789"
"651671","13.475178","13.475178","13.475178","1790","1790","1790","","","","","","","","","","","","","","","","","",""
"652082","","","","","","","","","","","","","-45.39249","-45.39249","-45.39249","1775","1775","1775","","","","","",""
"652192","","","","","","","42.857143","42.857143","42.857143","1800","1800","1800","","","","","","","","","","","",""
"652361","","","","","","","","","","","","","","","","","","","878.7234","878.7234","878.7234","1790","1790","1790"
"652672","10.7382555","10.7382555","10.7382555","1791","1791","1791","","","","","","","","","","","","","","","","","",""
"653083","","","","","","","","","","","","","67.31518","67.31518","67.31518","1776","1776","1776","","","","","",""
"653193","","","","","","","17.647058","17.647058","17.647058","1801","1801","1801","","","","","","","","","","","",""
"653362","","","","","","","","","","","","","","","","","","","886.5772","886.5772","886.5772","1791","1791","1791"
"653673","66.666664","66.666664","66.666664","1792","1792","1792","","","","","","","","","","","","","","","","","",""
"654084","","","","","","","","","","","","","525","525","525","1777","1777","1777","","","","","",""
"654194","","","","","","","6.3122926","6.3122926","6.3122926","1802","1802","1802","","","","","","","","","","","",""
"654363","","","","","","","","","","","","","","","","","","","63.52201","63.52201","63.52201","1792","1792","1792"
"654674","21.8638","21.8638","21.8638","1793","1793","1793","","","","","","","","","","","","","","","","","",""
"655085","","","","","","","","","","","","","700","700","700","1778","1778","1778","","","","","",""
"655195","","","","","","","41.84397","41.84397","41.84397","1803","1803","1803","","","","","","","","","","","",""
"655364","","","","","","","","","","","","","","","","","","","684.9462","684.9462","684.9462","1800","1800","1800"
"655675","202.08333","202.08333","202.08333","1801","1801","1801","","","","","","","","","","","","","","","","","",""
"656086","","","","","","","","","","","","","520.5674","520.5674","520.5674","1786","1786","1786","","","","","",""
"656196","","","","","","","117.68707","117.68707","117.68707","1811","1811","1811","","","","","","","","","","","",""
"656365","","","","","","","","","","","","","","","","","","","854.8611","854.8611","854.8611","1801","1801","1801"
"656676","144.44444","144.44444","144.44444","1802","1802","1802","","","","","","","","","","","","","","","","","",""
"657087","","","","","","","","","","","","","377.61194","377.61194","377.61194","1787","1787","1787","","","","","",""
"657147","","","","","","","","","","","","","","","","","","","921.9","921.9","921.9","1802","1802","1802"
"657197","","","","","","","194.11765","194.11765","194.11765","1812","1812","1812","","","","","","","","","","","",""
"657677","185.22337","185.22337","185.22337","1803","1803","1803","","","","","","","","","","","","","","","","","",""
"658088","","","","","","","","","","","","","408.4175","408.4175","408.4175","1788","1788","1788","","","","","",""
"658148","","","","","","","","","","","","","","","","","","","803.7801","803.7801","803.7801","1803","1803","1803"
"658198","","","","","","","48.698883","48.698883","48.698883","1813","1813","1813","","","","","","","","","","","",""
"658678","3.6789298","3.6789298","3.6789298","1804","1804","1804","","","","","","","","","","","","","","","","","",""
"659089","","","","","","","","","","","","","304.4944","304.4944","304.4944","1789","1789","1789","","","","","",""
"659149","","","","","","","","","","","","","","","","","","","792.97656","792.97656","792.97656","1804","1804","1804"
"659199","","","","","","","-36.666668","-36.666668","-36.666668","1814","1814","1814","","","","","","","","","","","",""
"659679","-7.894737","-7.894737","-7.894737","1812","1812","1812","","","","","","","","","","","","","","","","","",""
"660090","","","","","","","","","","","","","290.32257","290.32257","290.32257","1797","1797","1797","","","","","",""
"660150","","","","","","","","","","","","","","","","","","","676.3158","676.3158","676.3158","1812","1812","1812"
"660200","","","","","","","55.932205","55.932205","55.932205","1822","1822","1822","","","","","","","","","","","",""
"660680","213.29114","213.29114","213.29114","1813","1813","1813","","","","","","","","","","","","","","","","","",""
"661091","","","","","","","","","","","","","204.63576","204.63576","204.63576","1798","1798","1798","","","","","",""
"661151","","","","","","","","","","","","","","","","","","","507.59494","507.59494","507.59494","1813","1813","1813"
"661201","","","","","","","13.970589","13.970589","13.970589","1823","1823","1823","","","","","","","","","","","",""
"661681","10.38961","10.38961","10.38961","1814","1814","1814","","","","","","","","","","","","","","","","","",""
"662092","","","","","","","","","","","","","532.35297","532.35297","532.35297","1799","1799","1799","","","","","",""
"662152","","","","","","","","","","","","","","","","","","","854.5455","854.5455","854.5455","1814","1814","1814"
"662202","","","","","","","61.17216","61.17216","61.17216","1824","1824","1824","","","","","","","","","","","",""
"662682","83.39101","83.39101","83.39101","1815","1815","1815","","","","","","","","","","","","","","","","","",""
"663093","","","","","","","","","","","","","201.94806","201.94806","201.94806","1800","1800","1800","","","","","",""
"663153","","","","","","","","","","","","","","","","","","","882.699","882.699","882.699","1815","1815","1815"
"663203","","","","","","","-28.80259","-28.80259","-28.80259","1825","1825","1825","","","","","","","","","","","",""
"663683","169.103","169.103","169.103","1823","1823","1823","","","","","","","","","","","","","","","","","",""
"664094","","","","","","","","","","","","","648.2518","648.2518","648.2518","1808","1808","1808","","","","","",""
"664154","","","","","","","","","","","","","","","","","","","737.2093","737.2093","737.2093","1823","1823","1823"
"664204","","","","","","","27.868853","27.868853","27.868853","1833","1833","1833","","","","","","","","","","","",""
"664684","80.85107","80.85107","80.85107","1824","1824","1824","","","","","","","","","","","","","","","","","",""
"665095","","","","","","","","","","","","","317.50842","317.50842","317.50842","1809","1809","1809","","","","","",""
"665155","","","","","","","","","","","","","","","","","","","853.9007","853.9007","853.9007","1824","1824","1824"
"665205","","","","","","","1.3071896","1.3071896","1.3071896","1834","1834","1834","","","","","","","","","","","",""
"665685","36.05442","36.05442","36.05442","1825","1825","1825","","","","","","","","","","","","","","","","","",""
"666096","","","","","","","","","","","","","223.52942","223.52942","223.52942","1810","1810","1810","","","","","",""
"666156","","","","","","","","","","","","","","","","","","","852.381","852.381","852.381","1825","1825","1825"
"666206","","","","","","","203.37079","203.37079","203.37079","1835","1835","1835","","","","","","","","","","","",""
"666686","14.551084","14.551084","14.551084","1826","1826","1826","","","","","","","","","","","","","","","","","",""
"666952","44.603718","44.603718","44.603718","1827","1827","1827","","","","","","","","","","","","","","","","","",""
"667097","","","","","","","","","","","","","314.89362","314.89362","314.89362","1811","1811","1811","","","","","",""
"667157","","","","","","","","","","","","","","","","","","","856.6564","856.6564","856.6564","1826","1826","1826"
"667207","","","","","","","-59.70696","-59.70696","-59.70696","1836","1836","1836","","","","","","","","","","","",""
"667953","-60","-60","-60","1835","1835","1835","","","","","","","","","","","","","","","","","",""
"668098","","","","","","","","","","","","","369.79865","369.79865","369.79865","1819","1819","1819","","","","","",""
"668158","","","","","","","","","","","","","","","","","","","777.3234","777.3234","777.3234","1834","1834","1834"
"668208","","","","","","","-10.543131","-10.543131","-10.543131","1844","1844","1844","","","","","","","","","","","",""
"668954","62.711864","62.711864","62.711864","1836","1836","1836","","","","","","","","","","","","","","","","","",""
"669099","","","","","","","","","","","","","38.36478","38.36478","38.36478","1820","1820","1820","","","","","",""
"669159","","","","","","","","","","","","","","","","","","","866.6667","866.6667","866.6667","1835","1835","1835"
"669209","","","","","","","212.94965","212.94965","212.94965","1845","1845","1845","","","","","","","","","","","",""
"669955","87.5","87.5","87.5","1837","1837","1837","","","","","","","","","","","","","","","","","",""
"670100","","","","","","","","","","","","","107.88531","107.88531","107.88531","1821","1821","1821","","","","","",""
"670160","","","","","","","","","","","","","","","","","","","483.05084","483.05084","483.05084","1836","1836","1836"
"670210","","","","","","","50.57915","50.57915","50.57915","1846","1846","1846","","","","","","","","","","","",""
"670956","46.520145","46.520145","46.520145","1838","1838","1838","","","","","","","","","","","","","","","","","",""
"671101","","","","","","","","","","","","","372.22223","372.22223","372.22223","1822","1822","1822","","","","","",""
"671161","","","","","","","","","","","","","","","","","","","495.58823","495.58823","495.58823","1837","1837","1837"
"671211","","","","","","","-49.832775","-49.832775","-49.832775","1847","1847","1847","","","","","","","","","","","",""
"671957","68.28479","68.28479","68.28479","1846","1846","1846","","","","","","","","","","","","","","","","","",""
"672102","","","","","","","","","","","","","659.2593","659.2593","659.2593","1830","1830","1830","","","","","",""
"672162","","","","","","","","","","","","","","","","","","","870.696","870.696","870.696","1845","1845","1845"
"672212","","","","","","","-45.848377","-45.848377","-45.848377","1855","1855","1855","","","","","","","","","","","",""
"672958","34.42623","34.42623","34.42623","1847","1847","1847","","","","","","","","","","","","","","","","","",""
"673103","","","","","","","","","","","","","271.13403","271.13403","271.13403","1831","1831","1831","","","","","",""
"673163","","","","","","","","","","","","","","","","","","","556.95795","556.95795","556.95795","1846","1846","1846"
"673213","","","","","","","-75.83082","-75.83082","-75.83082","1856","1856","1856","","","","","","","","","","","",""
"673959","86.27451","86.27451","86.27451","1848","1848","1848","","","","","","","","","","","","","","","","","",""
"674104","","","","","","","","","","","","","756.1873","756.1873","756.1873","1832","1832","1832","","","","","",""
"674164","","","","","","","","","","","","","","","","","","","785.2459","785.2459","785.2459","1847","1847","1847"
"674214","","","","","","","41.26394","41.26394","41.26394","1857","1857","1857","","","","","","","","","","","",""
"674960","53.558052","53.558052","53.558052","1849","1849","1849","","","","","","","","","","","","","","","","","",""
"675105","","","","","","","","","","","","","298.0263","298.0263","298.0263","1833","1833","1833","","","","","",""
"675165","","","","","","","","","","","","","","","","","","","537.2549","537.2549","537.2549","1848","1848","1848"
"675215","","","","","","","-1.4084507","-1.4084507","-1.4084507","1858","1858","1858","","","","","","","","","","","",""
"675961","215.01831","215.01831","215.01831","1857","1857","1857","","","","","","","","","","","","","","","","","",""
"676106","","","","","","","","","","","","","191.13924","191.13924","191.13924","1841","1841","1841","","","","","",""
"676166","","","","","","","","","","","","","","","","","","","746.44196","746.44196","746.44196","1856","1856","1856"
"676216","","","","","","","27.272728","27.272728","27.272728","1866","1866","1866","","","","","","","","","","","",""
"676962","40.57508","40.57508","40.57508","1858","1858","1858","","","","","","","","","","","","","","","","","",""
"677107","","","","","","","","","","","","","227.92207","227.92207","227.92207","1842","1842","1842","","","","","",""
"677167","","","","","","","","","","","","","","","","","","","856.04395","856.04395","856.04395","1857","1857","1857"
"677217","","","","","","","60.44776","60.44776","60.44776","1867","1867","1867","","","","","","","","","","","",""
"677963","-67.6259","-67.6259","-67.6259","1859","1859","1859","","","","","","","","","","","","","","","","","",""
"678108","","","","","","","","","","","","","637.02423","637.02423","637.02423","1843","1843","1843","","","","","",""
"678168","","","","","","","","","","","","","","","","","","","858.46643","858.46643","858.46643","1858","1858","1858"
"678218","","","","","","","-39.285713","-39.285713","-39.285713","1868","1868","1868","","","","","","","","","","","",""
"678964","58.30116","58.30116","58.30116","1860","1860","1860","","","","","","","","","","","","","","","","","",""
"679109","","","","","","","","","","","","","165.78073","165.78073","165.78073","1844","1844","1844","","","","","",""
"679169","","","","","","","","","","","","","","","","","","","892.8057","892.8057","892.8057","1859","1859","1859"
"679219","","","","","","","4.0268455","4.0268455","4.0268455","1869","1869","1869","","","","","","","","","","","",""
"679964","","","","","","","","","","","","","","","","","","","920.6","920.6","920.6","1867","1867","1867"
"679965","170.90302","170.90302","170.90302","1868","1868","1868","","","","","","","","","","","","","","","","","",""
"680110","","","","","","","","","","","","","80.85107","80.85107","80.85107","1852","1852","1852","","","","","",""
"680220","","","","","","","-34.782608","-34.782608","-34.782608","1877","1877","1877","","","","","","","","","","","",""
"680965","","","","","","","","","","","","","","","","","","","863.2107","863.2107","863.2107","1868","1868","1868"
"680966","69.67509","69.67509","69.67509","1869","1869","1869","","","","","","","","","","","","","","","","","",""
"681111","","","","","","","","","","","","","219.72789","219.72789","219.72789","1853","1853","1853","","","","","",""
"681221","","","","","","","108.333336","108.333336","108.333336","1878","1878","1878","","","","","","","","","","","",""
"681966","","","","","","","","","","","","","","","","","","","835.01807","835.01807","835.01807","1869","1869","1869"
"681967","-60.725075","-60.725075","-60.725075","1870","1870","1870","","","","","","","","","","","","","","","","","",""
"682112","","","","","","","","","","","","","218.88545","218.88545","218.88545","1854","1854","1854","","","","","",""
"682222","","","","","","","54.471546","54.471546","54.471546","1879","1879","1879","","","","","","","","","","","",""
"682967","","","","","","","","","","","","","","","","","","","537.4622","537.4622","537.4622","1870","1870","1870"
"682968","71.003716","71.003716","71.003716","1871","1871","1871","","","","","","","","","","","","","","","","","",""
"683113","","","","","","","","","","","","","63.56877","63.56877","63.56877","1855","1855","1855","","","","","",""
"683223","","","","","","","4.2944784","4.2944784","4.2944784","1880","1880","1880","","","","","","","","","","","",""
"683968","","","","","","","","","","","","","","","","","","","587.73236","587.73236","587.73236","1871","1871","1871"
"683969","245.07042","245.07042","245.07042","1872","1872","1872","","","","","","","","","","","","","","","","","",""
"684114","","","","","","","","","","","","","360","360","360","1863","1863","1863","","","","","",""
"684224","","","","","","","25.874126","25.874126","25.874126","1888","1888","1888","","","","","","","","","","","",""
"684818","","","","","","","","","","","","","","","","","","","915.1","915.1","915.1","1879","1879","1879"
"684970","41.81818","41.81818","41.81818","1880","1880","1880","","","","","","","","","","","","","","","","","",""
"685115","","","","","","","","","","","","","276.27118","276.27118","276.27118","1864","1864","1864","","","","","",""
"685225","","","","","","","61.512028","61.512028","61.512028","1889","1889","1889","","","","","","","","","","","",""
"685819","","","","","","","","","","","","","","","","","","","849.0909","849.0909","849.0909","1880","1880","1880"
"685971","-32.83582","-32.83582","-32.83582","1881","1881","1881","","","","","","","","","","","","","","","","","",""
"686116","","","","","","","","","","","","","256.61765","256.61765","256.61765","1865","1865","1865","","","","","",""
"686226","","","","","","","62.07951","62.07951","62.07951","1890","1890","1890","","","","","","","","","","","",""
"686820","","","","","","","","","","","","","","","","","","","847.76117","847.76117","847.76117","1881","1881","1881"
"686972","250","250","250","1882","1882","1882","","","","","","","","","","","","","","","","","",""
"687117","","","","","","","","","","","","","42.857143","42.857143","42.857143","1866","1866","1866","","","","","",""
"687227","","","","","","","-47.85276","-47.85276","-47.85276","1891","1891","1891","","","","","","","","","","","",""
"687821","","","","","","","","","","","","","","","","","","","892.8571","892.8571","892.8571","1882","1882","1882"
"687973","-63.08725","-63.08725","-63.08725","1883","1883","1883","","","","","","","","","","","","","","","","","",""
"688118","","","","","","","","","","","","","311.00323","311.00323","311.00323","1867","1867","1867","","","","","",""
"688228","","","","","","","10.7382555","10.7382555","10.7382555","1899","1899","1899","","","","","","","","","","","",""
"688822","","","","","","","","","","","","","","","","","","","779.19464","779.19464","779.19464","1890","1890","1890"
"688974","52.173912","52.173912","52.173912","1891","1891","1891","","","","","","","","","","","","","","","","","",""
"689119","","","","","","","","","","","","","283.60657","283.60657","283.60657","1875","1875","1875","","","","","",""
"689229","","","","","","","-63.746223","-63.746223","-63.746223","1900","1900","1900","","","","","","","","","","","",""
"689823","","","","","","","","","","","","","","","","","","","878.26086","878.26086","878.26086","1891","1891","1891"
"689975","-69.44444","-69.44444","-69.44444","1892","1892","1892","","","","","","","","","","","","","","","","","",""
"690120","","","","","","","","","","","","","772.549","772.549","772.549","1876","1876","1876","","","","","",""
"690230","","","","","","","41.26394","41.26394","41.26394","1901","1901","1901","","","","","","","","","","","",""
"690824","","","","","","","","","","","","","","","","","","","563.8889","563.8889","563.8889","1892","1892","1892"
"690976","38.211384","38.211384","38.211384","1893","1893","1893","","","","","","","","","","","","","","","","","",""
"691121","","","","","","","","","","","","","61.04869","61.04869","61.04869","1877","1877","1877","","","","","",""
"691231","","","","","","","100","100","100","1902","1902","1902","","","","","","","","","","","",""
"691825","","","","","","","","","","","","","","","","","","","773.98376","773.98376","773.98376","1893","1893","1893"
"691977","-20.2454","-20.2454","-20.2454","1894","1894","1894","","","","","","","","","","","","","","","","","",""
"692122","","","","","","","","","","","","","222.34433","222.34433","222.34433","1878","1878","1878","","","","","",""
"692232","","","","","","","-31.034483","-31.034483","-31.034483","1910","1910","1910","","","","","","","","","","","",""
"692826","","","","","","","","","","","","","","","","","","","850.9202","850.9202","850.9202","1901","1901","1901"
"692978","43.356644","43.356644","43.356644","1902","1902","1902","","","","","","","","","","","","","","","","","",""
"693123","","","","","","","","","","","","","832.90735","832.90735","832.90735","1886","1886","1886","","","","","",""
"693233","","","","","","","-21.824104","-21.824104","-21.824104","1911","1911","1911","","","","","","","","","","","",""
"693827","","","","","","","","","","","","","","","","","","","851.04895","851.04895","851.04895","1902","1902","1902"
"693979","-58.762886","-58.762886","-58.762886","1903","1903","1903","","","","","","","","","","","","","","","","","",""
"694124","","","","","","","","","","","","","385.6115","385.6115","385.6115","1887","1887","1887","","","","","",""
"694234","","","","","","","-32.65993","-32.65993","-32.65993","1912","1912","1912","","","","","","","","","","","",""
"694828","","","","","","","","","","","","","","","","","","","855.3265","855.3265","855.3265","1903","1903","1903"
"694980","-72.477066","-72.477066","-72.477066","1904","1904","1904","","","","","","","","","","","","","","","","","",""
"695125","","","","","","","","","","","","","324.71042","324.71042","324.71042","1888","1888","1888","","","","","",""
"695235","","","","","","","-11.764706","-11.764706","-11.764706","1913","1913","1913","","","","","","","","","","","",""
"695829","","","","","","","","","","","","","","","","","","","438.2263","438.2263","438.2263","1904","1904","1904"
"695981","-20.2454","-20.2454","-20.2454","1905","1905","1905","","","","","","","","","","","","","","","","","",""
"696126","","","","","","","","","","","","","595.65216","595.65216","595.65216","1889","1889","1889","","","","","",""
"696236","","","","","","","-59.45946","-59.45946","-59.45946","1914","1914","1914","","","","","","","","","","","",""
"696830","","","","","","","","","","","","","","","","","","","820.2454","820.2454","820.2454","1912","1912","1912"
"696982","-26.174496","-26.174496","-26.174496","1913","1913","1913","","","","","","","","","","","","","","","","","",""
"697127","","","","","","","","","","","","","423.4657","423.4657","423.4657","1897","1897","1897","","","","","",""
"697237","","","","","","","7.0110703","7.0110703","7.0110703","1922","1922","1922","","","","","","","","","","","",""
"697831","","","","","","","","","","","","","","","","","","","551.0067","551.0067","551.0067","1913","1913","1913"
"697983","123.56496","123.56496","123.56496","1914","1914","1914","","","","","","","","","","","","","","","","","",""
"698128","","","","","","","","","","","","","464.95468","464.95468","464.95468","1898","1898","1898","","","","","",""
"698238","","","","","","","-40.140846","-40.140846","-40.140846","1923","1923","1923","","","","","","","","","","","",""
"698832","","","","","","","","","","","","","","","","","","","455.89124","455.89124","455.89124","1914","1914","1914"
"698984","115.61338","115.61338","115.61338","1915","1915","1915","","","","","","","","","","","","","","","","","",""
"699129","","","","","","","","","","","","","59.8513","59.8513","59.8513","1899","1899","1899","","","","","",""
"699239","","","","","","","-4.255319","-4.255319","-4.255319","1924","1924","1924","","","","","","","","","","","",""
"699833","","","","","","","","","","","","","","","","","","","565.4275","565.4275","565.4275","1915","1915","1915"
"699985","66.666664","66.666664","66.666664","1916","1916","1916","","","","","","","","","","","","","","","","","",""
"700130","","","","","","","","","","","","","333.0986","333.0986","333.0986","1900","1900","1900","","","","","",""
"700240","","","","","","","-47.73519","-47.73519","-47.73519","1925","1925","1925","","","","","","","","","","","",""
"700834","","","","","","","","","","","","","","","","","","","803.3333","803.3333","803.3333","1923","1923","1923"
"700986","-46.708466","-46.708466","-46.708466","1924","1924","1924","","","","","","","","","","","","","","","","","",""
"701131","","","","","","","","","","","","","38.18182","38.18182","38.18182","1908","1908","1908","","","","","",""
"701241","","","","","","","1.5384616","1.5384616","1.5384616","1933","1933","1933","","","","","","","","","","","",""
"701835","","","","","","","","","","","","","","","","","","","859.2476","859.2476","859.2476","1924","1924","1924"
"701987","183.38762","183.38762","183.38762","1925","1925","1925","","","","","","","","","","","","","","","","","",""
"702132","","","","","","","","","","","","","82.83582","82.83582","82.83582","1909","1909","1909","","","","","",""
"702242","","","","","","","-44.444443","-44.444443","-44.444443","1934","1934","1934","","","","","","","","","","","",""
"702836","","","","","","","","","","","","","","","","","","","877.19867","877.19867","877.19867","1925","1925","1925"
"702988","14.478114","14.478114","14.478114","1926","1926","1926","","","","","","","","","","","","","","","","","",""
"703133","","","","","","","","","","","","","642.8571","642.8571","642.8571","1910","1910","1910","","","","","",""
"703243","","","","","","","-0.7352941","-0.7352941","-0.7352941","1935","1935","1935","","","","","","","","","","","",""
"703837","","","","","","","","","","","","","","","","","","","273.73737","273.73737","273.73737","1926","1926","1926"
"703989","61.764706","61.764706","61.764706","1927","1927","1927","","","","","","","","","","","","","","","","","",""
"704134","","","","","","","","","","","","","557.71814","557.71814","557.71814","1911","1911","1911","","","","","",""
"704244","","","","","","","11.111111","11.111111","11.111111","1936","1936","1936","","","","","","","","","","","",""
"704838","","","","","","","","","","","","","","","","","","","877.94116","877.94116","877.94116","1934","1934","1934"
"704990","65.54054","65.54054","65.54054","1935","1935","1935","","","","","","","","","","","","","","","","","",""
"705135","","","","","","","","","","","","","573.913","573.913","573.913","1919","1919","1919","","","","","",""
"705245","","","","","","","156.31769","156.31769","156.31769","1944","1944","1944","","","","","","","","","","","",""
"705839","","","","","","","","","","","","","","","","","","","832.43243","832.43243","832.43243","1935","1935","1935"
"705991","110.3321","110.3321","110.3321","1936","1936","1936","","","","","","","","","","","","","","","","","",""
"706136","","","","","","","","","","","","","186.11111","186.11111","186.11111","1920","1920","1920","","","","","",""
"706246","","","","","","","-39.285713","-39.285713","-39.285713","1945","1945","1945","","","","","","","","","","","",""
"706789","","","","","","","","","","","","","","","","","","","905.1","905.1","905.1","1936","1936","1936"
"706992","-11.971831","-11.971831","-11.971831","1937","1937","1937","","","","","","","","","","","","","","","","","",""
"707137","","","","","","","","","","","","","570.7317","570.7317","570.7317","1921","1921","1921","","","","","",""
"707247","","","","","","","2.7190332","2.7190332","2.7190332","1946","1946","1946","","","","","","","","","","","",""
"707790","","","","","","","","","","","","","","","","","","","875.3521","875.3521","875.3521","1937","1937","1937"
"707993","27.659575","27.659575","27.659575","1938","1938","1938","","","","","","","","","","","","","","","","","",""
"708138","","","","","","","","","","","","","173.00613","173.00613","173.00613","1922","1922","1922","","","","","",""
"708248","","","","","","","35.048233","35.048233","35.048233","1947","1947","1947","","","","","","","","","","","",""
"708722","","","","","","","","","","","","","","","","","","","906.9","906.9","906.9","1945","1945","1945"
"708994","213.58885","213.58885","213.58885","1946","1946","1946","","","","","","","","","","","","","","","","","",""
"709139","","","","","","","","","","","","","298.6014","298.6014","298.6014","1930","1930","1930","","","","","",""
"709249","","","","","","","-35.81081","-35.81081","-35.81081","1955","1955","1955","","","","","","","","","","","",""
"709668","","","","","","","","","","","","","","","","","","","905.5","905.5","905.5","1946","1946","1946"
"709995","87.69231","87.69231","87.69231","1947","1947","1947","","","","","","","","","","","","","","","","","",""
"710140","","","","","","","","","","","","","34.02062","34.02062","34.02062","1931","1931","1931","","","","","",""
"710250","","","","","","","-3.5369775","-3.5369775","-3.5369775","1956","1956","1956","","","","","","","","","","","",""
"710669","","","","","","","","","","","","","","","","","","","309.23077","309.23077","309.23077","1947","1947","1947"
"710996","62.962963","62.962963","62.962963","1948","1948","1948","","","","","","","","","","","","","","","","","",""
"711141","","","","","","","","","","","","","156.88074","156.88074","156.88074","1932","1932","1932","","","","","",""
"711251","","","","","","","-1.6393442","-1.6393442","-1.6393442","1957","1957","1957","","","","","","","","","","","",""
"711564","","","","","","","","","","","","","","","","","","","910.6","910.6","910.6","1948","1948","1948"
"711997","10.294118","10.294118","10.294118","1949","1949","1949","","","","","","","","","","","","","","","","","",""
"712142","","","","","","","","","","","","","844.7853","844.7853","844.7853","1933","1933","1933","","","","","",""
"712252","","","","","","","-35.81081","-35.81081","-35.81081","1958","1958","1958","","","","","","","","","","","",""
"712565","","","","","","","","","","","","","","","","","","","896.32355","896.32355","896.32355","1949","1949","1949"
"712998","226.16487","226.16487","226.16487","1957","1957","1957","","","","","","","","","","","","","","","","","",""
"713143","","","","","","","","","","","","","202.01343","202.01343","202.01343","1941","1941","1941","","","","","",""
"713253","","","","","","","5.610561","5.610561","5.610561","1966","1966","1966","","","","","","","","","","","",""
"713483","","","","","","","","","","","","","","","","","","","908.3","908.3","908.3","1957","1957","1957"
"713999","-56.6787","-56.6787","-56.6787","1958","1958","1958","","","","","","","","","","","","","","","","","",""
"714144","","","","","","","","","","","","","232.32628","232.32628","232.32628","1942","1942","1942","","","","","",""
"714254","","","","","","","-25.806452","-25.806452","-25.806452","1967","1967","1967","","","","","","","","","","","",""
"714477","","","","","","","","","","","","","","","","","","","900.7","900.7","900.7","1958","1958","1958"
"715000","3.5714285","3.5714285","3.5714285","1959","1959","1959","","","","","","","","","","","","","","","","","",""
"715145","","","","","","","","","","","","","219.7026","219.7026","219.7026","1943","1943","1943","","","","","",""
"715255","","","","","","","-61.03896","-61.03896","-61.03896","1968","1968","1968","","","","","","","","","","","",""
"715478","","","","","","","","","","","","","","","","","","","871.4286","871.4286","871.4286","1959","1959","1959"
"716001","35.95166","35.95166","35.95166","1960","1960","1960","","","","","","","","","","","","","","","","","",""
"716146","","","","","","","","","","","","","70","70","70","1944","1944","1944","","","","","",""
"716256","","","","","","","-28.315413","-28.315413","-28.315413","1969","1969","1969","","","","","","","","","","","",""
"716479","","","","","","","","","","","","","","","","","","","794.2598","794.2598","794.2598","1960","1960","1960"
"717002","170.09647","170.09647","170.09647","1968","1968","1968","","","","","","","","","","","","","","","","","",""
"717147","","","","","","","","","","","","","345.14105","345.14105","345.14105","1952","1952","1952","","","","","",""
"717257","","","","","","","12.8404665","12.8404665","12.8404665","1977","1977","1977","","","","","","","","","","","",""
"717480","","","","","","","","","","","","","","","","","","","636.3344","636.3344","636.3344","1968","1968","1968"
"718003","214.1892","214.1892","214.1892","1969","1969","1969","","","","","","","","","","","","","","","","","",""
"718148","","","","","","","","","","","","","391.8567","391.8567","391.8567","1953","1953","1953","","","","","",""
"718258","","","","","","","-27.672956","-27.672956","-27.672956","1978","1978","1978","","","","","","","","","","","",""
"718481","","","","","","","","","","","","","","","","","","","791.8919","791.8919","791.8919","1969","1969","1969"
"719004","2.8938906","2.8938906","2.8938906","1970","1970","1970","","","","","","","","","","","","","","","","","",""
"719149","","","","","","","","","","","","","287.20538","287.20538","287.20538","1954","1954","1954","","","","","",""
"719259","","","","","","","10.726644","10.726644","10.726644","1979","1979","1979","","","","","","","","","","","",""
"719482","","","","","","","","","","","","","","","","","","","552.7331","552.7331","552.7331","1970","1970","1970"
"720005","237.70493","237.70493","237.70493","1971","1971","1971","","","","","","","","","","","","","","","","","",""
"720150","","","","","","","","","","","","","282.35294","282.35294","282.35294","1955","1955","1955","","","","","",""
"720260","","","","","","","-58.041958","-58.041958","-58.041958","1980","1980","1980","","","","","","","","","","","",""
"720483","","","","","","","","","","","","","","","","","","","759.0164","759.0164","759.0164","1971","1971","1971"
"721006","153.37837","153.37837","153.37837","1979","1979","1979","","","","","","","","","","","","","","","","","",""
"721151","","","","","","","","","","","","","82.432434","82.432434","82.432434","1963","1963","1963","","","","","",""
"721261","","","","","","","-58.333332","-58.333332","-58.333332","1988","1988","1988","","","","","","","","","","","",""
"721484","","","","","","","","","","","","","","","","","","","768.2432","768.2432","768.2432","1979","1979","1979"
"722007","35.31353","35.31353","35.31353","1980","1980","1980","","","","","","","","","","","","","","","","","",""
"722152","","","","","","","","","","","","","324.35425","324.35425","324.35425","1964","1964","1964","","","","","",""
"722262","","","","","","","-11.864407","-11.864407","-11.864407","1989","1989","1989","","","","","","","","","","","",""
"722485","","","","","","","","","","","","","","","","","","","758.0858","758.0858","758.0858","1980","1980","1980"
"723008","-9.67742","-9.67742","-9.67742","1981","1981","1981","","","","","","","","","","","","","","","","","",""
"723153","","","","","","","","","","","","","343.66196","343.66196","343.66196","1965","1965","1965","","","","","",""
"723263","","","","","","","4.7619047","4.7619047","4.7619047","1990","1990","1990","","","","","","","","","","","",""
"723486","","","","","","","","","","","","","","","","","","","754.8387","754.8387","754.8387","1981","1981","1981"
"724009","224.67532","224.67532","224.67532","1982","1982","1982","","","","","","","","","","","","","","","","","",""
"724264","","","","","","","-15.662651","-15.662651","-15.662651","1991","1991","1991","","","","","","","","","","","",""
"724487","","","","","","","","","","","","","","","","","","","880.5195","880.5195","880.5195","1982","1982","1982"
"725010","0.35842294","0.35842294","0.35842294","1990","1990","1990","","","","","","","","","","","","","","","","","",""
"725265","","","","","","","6.25","6.25","6.25","1999","1999","1999","","","","","","","","","","","",""
"725399","","","","","","","","","","","","","","","","","","","908.9","908.9","908.9","1990","1990","1990"
"726011","-26.07004","-26.07004","-26.07004","1991","1991","1991","","","","","","","","","","","","","","","","","",""
"726266","","","","","","","-20.948616","-20.948616","-20.948616","2000","2000","2000","","","","","","","","","","","",""
"726400","","","","","","","","","","","","","","","","","","","849.4163","849.4163","849.4163","1991","1991","1991"
"727012","54.08805","54.08805","54.08805","1992","1992","1992","","","","","","","","","","","","","","","","","",""
"727267","","","","","","","-51.95195","-51.95195","-51.95195","2001","2001","2001","","","","","","","","","","","",""
"727401","","","","","","","","","","","","","","","","","","","783.6478","783.6478","783.6478","1992","1992","1992"
"728013","21.107267","21.107267","21.107267","1993","1993","1993","","","","","","","","","","","","","","","","","",""
"728268","","","","","","","-22.794117","-22.794117","-22.794117","2002","2002","2002","","","","","","","","","","","",""
"728402","","","","","","","","","","","","","","","","","","","394.8097","394.8097","394.8097","1993","1993","1993"
"729014","116.78322","116.78322","116.78322","1994","1994","1994","","","","","","","","","","","","","","","","","",""
"729269","","","","","","","102.0202","102.0202","102.0202","2010","2010","2010","","","","","","","","","","","",""
"729403","","","","","","","","","","","","","","","","","","","868.5315","868.5315","868.5315","2001","2001","2001"
"730015","178.84616","178.84616","178.84616","2002","2002","2002","","","","","","","","","","","","","","","","","",""
"730270","","","","","","","19.453924","19.453924","19.453924","2011","2011","2011","","","","","","","","","","","",""
"730404","","","","","","","","","","","","","","","","","","","714.10254","714.10254","714.10254","2002","2002","2002"
"731016","167.79662","167.79662","167.79662","2003","2003","2003","","","","","","","","","","","","","","","","","",""
"731271","","","","","","","-18.367348","-18.367348","-18.367348","2012","2012","2012","","","","","","","","","","","",""
"731405","","","","","","","","","","","","","","","","","","","883.05084","883.05084","883.05084","2003","2003","2003"
"732017","26.984127","26.984127","26.984127","2004","2004","2004","","","","","","","","","","","","","","","","","",""
"732272","","","","","","","77.30496","77.30496","77.30496","2013","2013","2013","","","","","","","","","","","",""
"732406","","","","","","","","","","","","","","","","","","","357.14285","357.14285","357.14285","2004","2004","2004"
"733018","-12.650602","-12.650602","-12.650602","2005","2005","2005","","","","","","","","","","","","","","","","","",""
"733273","","","","","","","51.724136","51.724136","51.724136","2021","2021","2021","","","","","","","","","","","",""
"733407","","","","","","","","","","","","","","","","","","","734.33734","734.33734","734.33734","2012","2012","2012"
"734019","-62.5","-62.5","-62.5","2013","2013","2013","","","","","","","","","","","","","","","","","",""
"734274","","","","","","","10.294118","10.294118","10.294118","2022","2022","2022","","","","","","","","","","","",""
"734408","","","","","","","","","","","","","","","","","","","528.125","528.125","528.125","2013","2013","2013"
"735020","85.77075","85.77075","85.77075","2014","2014","2014","","","","","","","","","","","","","","","","","",""
"735275","","","","","","","13.725491","13.725491","13.725491","2023","2023","2023","","","","","","","","","","","",""
"735387","","","","","","","","","","","","","","","","","","","902.2","902.2","902.2","2014","2014","2014"
"736021","44.144146","44.144146","44.144146","2015","2015","2015","","","","","","","","","","","","","","","","","",""
"736276","","","","","","","13.846154","13.846154","13.846154","2024","2024","2024","","","","","","","","","","","",""
"736388","","","","","","","","","","","","","","","","","","","383.4835","383.4835","383.4835","2015","2015","2015"
"737022","256.61765","256.61765","256.61765","2016","2016","2016","","","","","","","","","","","","","","","","","",""
"737277","","","","","","","-13.312694","-13.312694","-13.312694","2025","2025","2025","","","","","","","","","","","",""
"737389","","","","","","","","","","","","","","","","","","","896.32355","896.32355","896.32355","2023","2023","2023"
"738023","-56.22896","-56.22896","-56.22896","2024","2024","2024","","","","","","","","","","","","","","","","","",""
"738278","","","","","","","10.344828","10.344828","10.344828","2033","2033","2033","","","","","","","","","","","",""
"738390","","","","","","","","","","","","","","","","","","","741.75085","741.75085","741.75085","2024","2024","2024"
"739024","67.2355","67.2355","67.2355","2025","2025","2025","","","","","","","","","","","","","","","","","",""
"739279","","","","","","","50","50","50","2034","2034","2034","","","","","","","","","","","",""
"739359","","","","","","","","","","","","","","","","","","","903.2","903.2","903.2","2025","2025","2025"
"740025","2.0408163","2.0408163","2.0408163","2026","2026","2026","","","","","","","","","","","","","","","","","",""
"740266","","","","","","","","","","","","","","","","","","","909.4","909.4","909.4","2026","2026","2026"
"740280","","","","","","","94.244606","94.244606","94.244606","2035","2035","2035","","","","","","","","","","","",""
"741026","48.93617","48.93617","48.93617","2027","2027","2027","","","","","","","","","","","","","","","","","",""
"741267","","","","","","","","","","","","","","","","","","","665.95746","665.95746","665.95746","2027","2027","2027"
"741281","","","","","","","2.5641026","2.5641026","2.5641026","2036","2036","2036","","","","","","","","","","","",""
"742027","48.275864","48.275864","48.275864","2035","2035","2035","","","","","","","","","","","","","","","","","",""
"742268","","","","","","","","","","","","","","","","","","","555.1724","555.1724","555.1724","2035","2035","2035"
"742282","","","","","","","3.7735848","3.7735848","3.7735848","2044","2044","2044","","","","","","","","","","","",""
"743028","21.32353","21.32353","21.32353","2036","2036","2036","","","","","","","","","","","","","","","","","",""
"743269","","","","","","","","","","","","","","","","","","","877.94116","877.94116","877.94116","2036","2036","2036"
"743283","","","","","","","51.750973","51.750973","51.750973","2045","2045","2045","","","","","","","","","","","",""
"744029","25.490196","25.490196","25.490196","2037","2037","2037","","","","","","","","","","","","","","","","","",""
"744115","","","","","","","","","","","","","","","","","","","915.5","915.5","915.5","2037","2037","2037"
"744284","","","","","","","-47.565544","-47.565544","-47.565544","2046","2046","2046","","","","","","","","","","","",""
"745030","4.6153846","4.6153846","4.6153846","2038","2038","2038","","","","","","","","","","","","","","","","","",""
"745116","","","","","","","","","","","","","","","","","","","727.6923","727.6923","727.6923","2038","2038","2038"
"745285","","","","","","","-16.18497","-16.18497","-16.18497","2047","2047","2047","","","","","","","","","","","",""
"746117","","","","","","","","","","","","","","","","","","","708.04956","708.04956","708.04956","2046","2046","2046"
"746286","","","","","","","-2.9850745","-2.9850745","-2.9850745","2055","2055","2055","","","","","","","","","","","",""
"747118","","","","","","","","","","","","","","","","","","","793.10345","793.10345","793.10345","2047","2047","2047"
"747287","","","","","","","9.540636","9.540636","9.540636","2056","2056","2056","","","","","","","","","","","",""
"748054","","","","","","","","","","","","","","","","","","","906.5","906.5","906.5","2048","2048","2048"
"748288","","","","","","","10.429448","10.429448","10.429448","2057","2057","2057","","","","","","","","","","","",""
"749055","","","","","","","","","","","","","","","","","","","874.8201","874.8201","874.8201","2049","2049","2049"
"749289","","","","","","","97.916664","97.916664","97.916664","2058","2058","2058","","","","","","","","","","","",""
"749976","","","","","","","","","","","","","","","","","","","908","908","908","2057","2057","2057"
"750977","","","","","","","","","","","","","","","","","","","837.10693","837.10693","837.10693","2058","2058","2058"
"751978","","","","","","","","","","","","","","","","","","","888.32684","888.32684","888.32684","2059","2059","2059"
"752979","","","","","","","","","","","","","","","","","","","888.76404","888.76404","888.76404","2060","2060","2060"
"753980","","","","","","","","","","","","","","","","","","","787.28326","787.28326","787.28326","2068","2068","2068"
"754981","","","","","","","","","","","","","","","","","","","829.1045","829.1045","829.1045","2069","2069","2069"
"755982","","","","","","","","","","","","","","","","","","","846.99646","846.99646","846.99646","2070","2070","2070"
"756983","","","","","","","","","","","","","","","","","","","884.6626","884.6626","884.6626","2071","2071","2071"
"757984","","","","","","","","","","","","","","","","","","","521.5278","521.5278","521.5278","2079","2079","2079"
"758985","","","","","","","","","","","","","","","","","","","747.4026","747.4026","747.4026","2080","2080","2080"
"759939","","","","","","","","","","","","","","","","","","","904.7","904.7","904.7","2081","2081","2081"
"760940","","","","","","","","","","","","","","","","","","","889.43665","889.43665","889.43665","2082","2082","2082"
"761941","","","","","","","","","","","","","","","","","","","893.35547","893.35547","893.35547","2090","2090","2090"
"762942","","","","","","","","","","","","","","","","","","","821.23285","821.23285","821.23285","2091","2091","2091"
"763886","","","","","","","","","","","","","","","","","","","905.7","905.7","905.7","2092","2092","2092"
"764887","","","","","","","","","","","","","","","","","","","620.58826","620.58826","620.58826","2093","2093","2093"
"765888","","","","","","","","","","","","","","","","","","","895.98395","895.98395","895.98395","2094","2094","2094"
"766889","","","","","","","","","","","","","","","","","","","797.4359","797.4359","797.4359","2102","2102","2102"
"767890","","","","","","","","","","","","","","","","","","","643.2432","643.2432","643.2432","2103","2103","2103"
"768891","","","","","","","","","","","","","","","","","","","736.0129","736.0129","736.0129","2104","2104","2104"
"769892","","","","","","","","","","","","","","","","","","","489.8305","489.8305","489.8305","2105","2105","2105"
"770893","","","","","","","","","","","","","","","","","","","824.05066","824.05066","824.05066","2113","2113","2113"
"771754","","","","","","","","","","","","","","","","","","","914","914","914","2114","2114","2114"
"772755","","","","","","","","","","","","","","","","","","","883.1081","883.1081","883.1081","2115","2115","2115"
"773605","","","","","","","","","","","","","","","","","","","915.1","915.1","915.1","2116","2116","2116"
"774606","","","","","","","","","","","","","","","","","","","835.5932","835.5932","835.5932","2124","2124","2124"
"775607","","","","","","","","","","","","","","","","","","","862.069","862.069","862.069","2125","2125","2125"
"776608","","","","","","","","","","","","","","","","","","","881.34326","881.34326","881.34326","2126","2126","2126"
"777609","","","","","","","","","","","","","","","","","","","889.93286","889.93286","889.93286","2127","2127","2127"
"778610","","","","","","","","","","","","","","","","","","","798.9547","798.9547","798.9547","2135","2135","2135"
"779611","","","","","","","","","","","","","","","","","","","731.5412","731.5412","731.5412","2136","2136","2136"
"780612","","","","","","","","","","","","","","","","","","","727.24255","727.24255","727.24255","2137","2137","2137"
"781613","","","","","","","","","","","","","","","","","","","889.5833","889.5833","889.5833","2138","2138","2138"
"782558","","","","","","","","","","","","","","","","","","","905.6","905.6","905.6","2146","2146","2146"
"783467","","","","","","","","","","","","","","","","","","","909.2","909.2","909.2","2147","2147","2147"
"784395","","","","","","","","","","","","","","","","","","","907.3","907.3","907.3","2148","2148","2148"
"785396","","","","","","","","","","","","","","","","","","","726.53064","726.53064","726.53064","2149","2149","2149"
"786397","","","","","","","","","","","","","","","","","","","647.6636","647.6636","647.6636","2150","2150","2150"
"787354","","","","","","","","","","","","","","","","","","","904.4","904.4","904.4","2158","2158","2158"
"788355","","","","","","","","","","","","","","","","","","","815.8249","815.8249","815.8249","2159","2159","2159"
"789356","","","","","","","","","","","","","","","","","","","831.2715","831.2715","831.2715","2160","2160","2160"
"790357","","","","","","","","","","","","","","","","","","","885.7143","885.7143","885.7143","2161","2161","2161"
"791211","","","","","","","","","","","","","","","","","","","914.7","914.7","914.7","2169","2169","2169"
"792212","","","","","","","","","","","","","","","","","","","876.3514","876.3514","876.3514","2170","2170","2170"
"793107","","","","","","","","","","","","","","","","","","","910.6","910.6","910.6","2171","2171","2171"
"793853","","","","","","","","","","","","","","","","","","","925.5","925.5","925.5","2172","2172","2172"
"794854","","","","","","","","","","","","","","","","","","","94.630875","94.630875","94.630875","2180","2180","2180"
"795855","","","","","","","","","","","","","","","","","","","863.3333","863.3333","863.3333","2181","2181","2181"
"796780","","","","","","","","","","","","","","","","","","","907.6","907.6","907.6","2182","2182","2182"
"797781","","","","","","","","","","","","","","","","","","","642.95776","642.95776","642.95776","2183","2183","2183"